ISO-10303-21;
HEADER;
FILE_DESCRIPTION (( 'STEP AP214' ),
    '1' );
FILE_NAME ('Drone Arm Design 1.STEP',
    '2026-07-31T07:47:01',
    ( '' ),
    ( '' ),
    'SwSTEP 2.0',
    'SolidWorks 2026',
    '' );
FILE_SCHEMA (( 'AUTOMOTIVE_DESIGN' ));
ENDSEC;

DATA;
#1 = DIRECTION ( 'NONE',  ( 0.000000000000000000, -1.000000000000000000, 0.000000000000000000 ) ) ;
#2 = ORIENTED_EDGE ( 'NONE', *, *, #2332, .T. ) ;
#3 = CARTESIAN_POINT ( 'NONE',  ( -177.6824855787278068, 6.717514421272187342, 8.944206213946818806 ) ) ;
#4 = ORIENTED_EDGE ( 'NONE', *, *, #5, .T. ) ;
#5 = EDGE_CURVE ( 'NONE', #2387, #1845, #790, .T. ) ;
#6 = CARTESIAN_POINT ( 'NONE',  ( -1.500000000000000000, -12.99999999999999645, 9.999999999999998224 ) ) ;
#7 = ADVANCED_FACE ( 'NONE', ( #1017 ), #1948, .T. ) ;
#8 = CARTESIAN_POINT ( 'NONE',  ( -80.20710678118629744, -12.99999999999998224, -80.20710678118652481 ) ) ;
#9 = CARTESIAN_POINT ( 'NONE',  ( -199.0000000000000000, -13.00000000000000178, 11.00000000000000000 ) ) ;
#10 = DIRECTION ( 'NONE',  ( 1.000000000000000000, -0.000000000000000000, -0.000000000000000000 ) ) ;
#11 = SURFACE_SIDE_STYLE ('',( #1839 ) ) ;
#12 = LINE ( 'NONE', #1347, #1758 ) ;
#13 = CYLINDRICAL_SURFACE ( 'NONE', #537, 1.499999999999999556 ) ;
#14 = CARTESIAN_POINT ( 'NONE',  ( -200.0011000000000081, -15.00000000000000000, 13.40000000000000746 ) ) ;
#15 = CARTESIAN_POINT ( 'NONE',  ( -0.5818858772131262347, 13.07338646091964307, -9.970905706139348013 ) ) ;
#16 = AXIS2_PLACEMENT_3D ( 'NONE', #1422, #291, #1197 ) ;
#17 = EDGE_LOOP ( 'NONE', ( #907, #1620, #2812, #2359 ) ) ;
#18 = CARTESIAN_POINT ( 'NONE',  ( -200.0000000000000000, 12.99999999999999645, -2.255140518769848828E-15 ) ) ;
#19 = EDGE_LOOP ( 'NONE', ( #1831, #830, #267 ) ) ;
#20 = CARTESIAN_POINT ( 'NONE',  ( -1.051027521660610198, -13.10935929879549278, -9.992489408864900113 ) ) ;
#21 = CARTESIAN_POINT ( 'NONE',  ( 0.000000000000000000, 0.000000000000000000, 11.49999999999999822 ) ) ;
#22 = AXIS2_PLACEMENT_3D ( 'NONE', #110, #788, #331 ) ;
#23 = LINE ( 'NONE', #421, #972 ) ;
#24 = CARTESIAN_POINT ( 'NONE',  ( 0.000000000000000000, 15.50000000000000711, 11.50000000000000178 ) ) ;
#25 = FACE_OUTER_BOUND ( 'NONE', #171, .T. ) ;
#26 = EDGE_CURVE ( 'NONE', #1193, #2537, #2957, .T. ) ;
#27 = CIRCLE ( 'NONE', #2468, 0.9999999999999988898 ) ;
#28 = ADVANCED_FACE ( 'NONE', ( #2187 ), #2969, .T. ) ;
#29 = FACE_OUTER_BOUND ( 'NONE', #390, .T. ) ;
#30 = DIRECTION ( 'NONE',  ( -1.000000000000000000, -2.312964634635742661E-15, 5.782411586589356653E-16 ) ) ;
#31 = EDGE_CURVE ( 'NONE', #1995, #721, #12, .T. ) ;
#32 = CARTESIAN_POINT ( 'NONE',  ( -199.0000000000000000, -13.00000000000000000, 0.9512492197250310699 ) ) ;
#33 = PLANE ( 'NONE',  #1466 ) ;
#34 = VERTEX_POINT ( 'NONE', #1550 ) ;
#35 = DIRECTION ( 'NONE',  ( 1.000000000000000000, 0.000000000000000000, -0.000000000000000000 ) ) ;
#36 = ORIENTED_EDGE ( 'NONE', *, *, #2645, .F. ) ;
#37 = CARTESIAN_POINT ( 'NONE',  ( -0.7880722173787985119, -14.17629543133833003, -9.220699548484770247 ) ) ;
#38 = CARTESIAN_POINT ( 'NONE',  ( 2.520984388784380228E-16, -15.30361505982387804, 11.17269176637139694 ) ) ;
#39 = CIRCLE ( 'NONE', #697, 1.000000000000000888 ) ;
#40 = ORIENTED_EDGE ( 'NONE', *, *, #2055, .F. ) ;
#41 = CIRCLE ( 'NONE', #2095, 4.500000000000000888 ) ;
#42 = CARTESIAN_POINT ( 'NONE',  ( -1.425093574584161527, -13.99999999999999467, -9.928745321270797675 ) ) ;
#43 = CARTESIAN_POINT ( 'NONE',  ( 2.520984388784280141E-16, 15.30361505982389581, 11.17269176637141115 ) ) ;
#44 = ADVANCED_FACE ( 'NONE', ( #2052 ), #440, .T. ) ;
#45 = DIRECTION ( 'NONE',  ( 0.000000000000000000, 0.000000000000000000, -1.000000000000000000 ) ) ;
#46 = LINE ( 'NONE', #92, #2371 ) ;
#47 = CARTESIAN_POINT ( 'NONE',  ( -182.4027492087294888, -2.765460243315289279, 8.956006873021820525 ) ) ;
#48 = DIRECTION ( 'NONE',  ( -0.9988706659777676355, -0.002497176664944237082, 0.04744635663394394104 ) ) ;
#49 = CARTESIAN_POINT ( 'NONE',  ( -200.0000000000000000, 12.99999999999999645, -2.255140518769848828E-15 ) ) ;
#50 = EDGE_LOOP ( 'NONE', ( #2924, #515, #1155, #592 ) ) ;
#51 = ORIENTED_EDGE ( 'NONE', *, *, #1388, .T. ) ;
#52 = ORIENTED_EDGE ( 'NONE', *, *, #2833, .T. ) ;
#53 = LINE ( 'NONE', #6, #412 ) ;
#54 = CARTESIAN_POINT ( 'NONE',  ( -169.9999999999999716, -14.00000000000000000, 9.585786437626898859 ) ) ;
#55 = EDGE_LOOP ( 'NONE', ( #2675, #360, #4, #2703 ) ) ;
#56 = DIRECTION ( 'NONE',  ( -1.000000000000000000, -1.734723475976805517E-15, 1.301042606982604138E-15 ) ) ;
#57 = CARTESIAN_POINT ( 'NONE',  ( -199.0000000000000000, 12.99999999999999822, 11.00000000000000000 ) ) ;
#58 = EDGE_CURVE ( 'NONE', #2025, #2869, #2949, .T. ) ;
#59 = FACE_BOUND ( 'NONE', #2641, .T. ) ;
#60 = DIRECTION ( 'NONE',  ( 0.000000000000000000, 0.000000000000000000, 1.000000000000000000 ) ) ;
#61 = DIRECTION ( 'NONE',  ( -0.000000000000000000, 0.000000000000000000, -1.000000000000000000 ) ) ;
#62 = DIRECTION ( 'NONE',  ( -0.7071067811865485719, 9.199760500100226340E-17, 0.7071067811865465735 ) ) ;
#63 = ORIENTED_EDGE ( 'NONE', *, *, #2876, .F. ) ;
#64 = VERTEX_POINT ( 'NONE', #2275 ) ;
#65 = ORIENTED_EDGE ( 'NONE', *, *, #2695, .F. ) ;
#66 = CARTESIAN_POINT ( 'NONE',  ( -191.1175144212722046, -6.717514421272190894, 11.99999999999999822 ) ) ;
#67 = CIRCLE ( 'NONE', #302, 1.000000000000000888 ) ;
#68 = CARTESIAN_POINT ( 'NONE',  ( -186.0000000000000000, 0.000000000000000000, -19.00099999999999767 ) ) ;
#69 = ORIENTED_EDGE ( 'NONE', *, *, #710, .F. ) ;
#70 = EDGE_CURVE ( 'NONE', #1522, #2964, #1217, .T. ) ;
#71 = DIRECTION ( 'NONE',  ( 0.000000000000000000, 0.000000000000000000, 1.000000000000000000 ) ) ;
#72 = AXIS2_PLACEMENT_3D ( 'NONE', #1697, #1891, #345 ) ;
#73 = AXIS2_PLACEMENT_3D ( 'NONE', #2686, #1992, #443 ) ;
#74 = AXIS2_PLACEMENT_3D ( 'NONE', #1885, #1661, #2580 ) ;
#75 = LINE ( 'NONE', #1900, #836 ) ;
#76 = DIRECTION ( 'NONE',  ( -0.7071067811865485719, -1.410629943348702728E-16, 0.7071067811865465735 ) ) ;
#77 = CARTESIAN_POINT ( 'NONE',  ( -183.2357897527791408, -3.598500787363632547, 8.958089474381946360 ) ) ;
#78 = LINE ( 'NONE', #248, #701 ) ;
#79 = AXIS2_PLACEMENT_3D ( 'NONE', #309, #1627, #526 ) ;
#80 = ORIENTED_EDGE ( 'NONE', *, *, #1526, .T. ) ;
#81 = ORIENTED_EDGE ( 'NONE', *, *, #1574, .T. ) ;
#82 = ORIENTED_EDGE ( 'NONE', *, *, #740, .T. ) ;
#83 = CARTESIAN_POINT ( 'NONE',  ( -1.500000000000000000, 15.50000000000000355, -2.688821387764051785E-15 ) ) ;
#84 = CARTESIAN_POINT ( 'NONE',  ( -0.3004997388710375916, -14.57817991756931342, 9.963633195948720100 ) ) ;
#85 = EDGE_CURVE ( 'NONE', #2964, #608, #2768, .T. ) ;
#86 = EDGE_LOOP ( 'NONE', ( #1033, #1230, #848, #482 ) ) ;
#87 = VECTOR ( 'NONE', #1164, 1000.000000000000000 ) ;
#88 = DIRECTION ( 'NONE',  ( 1.000000000000000000, -0.000000000000000000, -0.000000000000000000 ) ) ;
#89 = EDGE_CURVE ( 'NONE', #2395, #1021, #551, .T. ) ;
#90 = AXIS2_PLACEMENT_3D ( 'NONE', #2866, #1216, #357 ) ;
#91 = EDGE_CURVE ( 'NONE', #346, #941, #2232, .T. ) ;
#92 = CARTESIAN_POINT ( 'NONE',  ( -7.632783294297953188E-16, 14.00000000000000533, 8.999999999999998224 ) ) ;
#93 = CARTESIAN_POINT ( 'NONE',  ( -200.0000000000000000, 11.49981738811519172, 0.9999999999999947820 ) ) ;
#94 = CARTESIAN_POINT ( 'NONE',  ( 0.000000000000000000, -11.00374531250733234, -6.927058765924231309 ) ) ;
#95 = VERTEX_POINT ( 'NONE', #2017 ) ;
#96 = ORIENTED_EDGE ( 'NONE', *, *, #861, .F. ) ;
#97 = VERTEX_POINT ( 'NONE', #2515 ) ;
#98 = DIRECTION ( 'NONE',  ( 0.000000000000000000, 0.000000000000000000, -1.000000000000000000 ) ) ;
#99 = ADVANCED_FACE ( 'NONE', ( #220 ), #295, .T. ) ;
#100 = ORIENTED_EDGE ( 'NONE', *, *, #70, .F. ) ;
#101 = CARTESIAN_POINT ( 'NONE',  ( -1.500000000000000222, 13.00000000000000533, 9.999999999999998224 ) ) ;
#102 = EDGE_CURVE ( 'NONE', #1964, #2668, #1167, .T. ) ;
#103 = CARTESIAN_POINT ( 'NONE',  ( -199.0000000000000000, -13.00000000000000000, -2.255140518769848434E-15 ) ) ;
#104 = LINE ( 'NONE', #2377, #925 ) ;
#105 = CARTESIAN_POINT ( 'NONE',  ( -188.4581868829465918, -3.198667366545766999, 9.471915213105800646 ) ) ;
#106 = CARTESIAN_POINT ( 'NONE',  ( -200.0000000000000000, 12.99999999999999822, 11.00000000000000000 ) ) ;
#107 = ORIENTED_EDGE ( 'NONE', *, *, #1183, .F. ) ;
#108 = ORIENTED_EDGE ( 'NONE', *, *, #2466, .F. ) ;
#109 = ORIENTED_EDGE ( 'NONE', *, *, #1591, .F. ) ;
#110 = CARTESIAN_POINT ( 'NONE',  ( -199.0000000000000000, 12.99999999999999645, -2.255140518769848828E-15 ) ) ;
#111 = EDGE_LOOP ( 'NONE', ( #2689, #1508, #2802 ) ) ;
#112 = CARTESIAN_POINT ( 'NONE',  ( -0.03904098607848155433, 15.10737817085142787, 10.84563028475219326 ) ) ;
#113 = CARTESIAN_POINT ( 'NONE',  ( -1.094495076305631143, 14.01364140086658594, -9.940515230454149531 ) ) ;
#114 = AXIS2_PLACEMENT_3D ( 'NONE', #889, #2761, #931 ) ;
#115 = CARTESIAN_POINT ( 'NONE',  ( -1.496250011718695205, -11.00374531250733412, 8.503740625029298172 ) ) ;
#116 = AXIS2_PLACEMENT_3D ( 'NONE', #1846, #937, #1369 ) ;
#117 = CIRCLE ( 'NONE', #635, 1.000000000000000888 ) ;
#118 = CARTESIAN_POINT ( 'NONE',  ( -183.5418131170533513, 3.198667366545696389, 9.458087911889309751 ) ) ;
#119 = CARTESIAN_POINT ( 'NONE',  ( -189.1986673665457488, -2.458186882946619356, 9.473997814466006417 ) ) ;
#120 = DIRECTION ( 'NONE',  ( 0.000000000000000000, 0.000000000000000000, -1.000000000000000000 ) ) ;
#121 = ADVANCED_FACE ( 'NONE', ( #2532 ), #1855, .T. ) ;
#122 = EDGE_CURVE ( 'NONE', #2537, #1193, #1552, .T. ) ;
#123 = ORIENTED_EDGE ( 'NONE', *, *, #2091, .T. ) ;
#124 = ORIENTED_EDGE ( 'NONE', *, *, #206, .F. ) ;
#125 = ADVANCED_FACE ( 'NONE', ( #29 ), #1305, .T. ) ;
#126 = ORIENTED_EDGE ( 'NONE', *, *, #861, .T. ) ;
#127 = CARTESIAN_POINT ( 'NONE',  ( 2.168404344971008868E-16, 5.510910596163088569E-16, -4.500000000000000888 ) ) ;
#128 = VECTOR ( 'NONE', #758, 1000.000000000000227 ) ;
#129 = EDGE_LOOP ( 'NONE', ( #1219, #761, #285, #1157 ) ) ;
#130 = EDGE_LOOP ( 'NONE', ( #373, #2854 ) ) ;
#131 = CARTESIAN_POINT ( 'NONE',  ( -1.016676510346951723, 13.12768473998190011, 10.07661084398919193 ) ) ;
#132 = CARTESIAN_POINT ( 'NONE',  ( -0.4488155002630899171, -12.99999999999999289, -8.976310005261812108 ) ) ;
#133 = FACE_OUTER_BOUND ( 'NONE', #2235, .T. ) ;
#134 = AXIS2_PLACEMENT_3D ( 'NONE', #1579, #2892, #2497 ) ;
#135 = EDGE_CURVE ( 'NONE', #2964, #842, #203, .T. ) ;
#136 = CARTESIAN_POINT ( 'NONE',  ( -186.5235987712876522, 3.999999999999993339, 9.466474184041480555 ) ) ;
#137 = CIRCLE ( 'NONE', #2094, 1.600000000000002531 ) ;
#138 = EDGE_CURVE ( 'NONE', #1973, #1709, #1411, .T. ) ;
#139 = DIRECTION ( 'NONE',  ( 0.000000000000000000, 0.000000000000000000, 1.000000000000000000 ) ) ;
#140 = EDGE_LOOP ( 'NONE', ( #567, #2658, #1244, #627, #1761 ) ) ;
#141 = DIRECTION ( 'NONE',  ( 0.000000000000000000, 1.000000000000000000, -1.734723475976810053E-16 ) ) ;
#142 = ORIENTED_EDGE ( 'NONE', *, *, #1852, .T. ) ;
#143 = DIRECTION ( 'NONE',  ( 0.000000000000000000, 0.000000000000000000, -1.000000000000000000 ) ) ;
#144 = EDGE_LOOP ( 'NONE', ( #108, #2132, #1861 ) ) ;
#145 = ORIENTED_EDGE ( 'NONE', *, *, #926, .F. ) ;
#146 = DIRECTION ( 'NONE',  ( -1.000000000000000000, -1.224646799147351482E-16, 0.000000000000000000 ) ) ;
#147 = CARTESIAN_POINT ( 'NONE',  ( -1.214614116998477734E-12, 15.24650870894000398, -11.17338253852756758 ) ) ;
#148 = CARTESIAN_POINT ( 'NONE',  ( -181.9431457505075969, -5.656854249492385911, 11.99999999999999822 ) ) ;
#149 = FACE_OUTER_BOUND ( 'NONE', #2394, .T. ) ;
#150 = LINE ( 'NONE', #760, #838 ) ;
#151 = EDGE_CURVE ( 'NONE', #1666, #1907, #901, .T. ) ;
#152 = VERTEX_POINT ( 'NONE', #1393 ) ;
#153 = CARTESIAN_POINT ( 'NONE',  ( -1.508305612589032396, -13.00000000000060396, -9.924584719370553643 ) ) ;
#154 = EDGE_LOOP ( 'NONE', ( #1247, #212, #575, #562 ) ) ;
#155 = ORIENTED_EDGE ( 'NONE', *, *, #2246, .T. ) ;
#156 = EDGE_LOOP ( 'NONE', ( #2100, #1218, #1785, #1671 ) ) ;
#157 = CARTESIAN_POINT ( 'NONE',  ( -168.9999999999999716, -13.00000000000000000, 9.999999999999994671 ) ) ;
#158 = FACE_OUTER_BOUND ( 'NONE', #19, .T. ) ;
#159 = EDGE_CURVE ( 'NONE', #2597, #2505, #104, .T. ) ;
#160 = FACE_OUTER_BOUND ( 'NONE', #1431, .T. ) ;
#161 = VECTOR ( 'NONE', #674, 1000.000000000000000 ) ;
#162 = CARTESIAN_POINT ( 'NONE',  ( -186.5249348639119091, 3.999836349122291690, 8.966312337159697776 ) ) ;
#163 = DIRECTION ( 'NONE',  ( -1.000000000000000000, 0.000000000000000000, 0.000000000000000000 ) ) ;
#164 = VECTOR ( 'NONE', #577, 1000.000000000000000 ) ;
#165 = AXIS2_PLACEMENT_3D ( 'NONE', #2646, #1055, #585 ) ;
#166 = ORIENTED_EDGE ( 'NONE', *, *, #2192, .F. ) ;
#167 = VERTEX_POINT ( 'NONE', #510 ) ;
#168 = DIRECTION ( 'NONE',  ( 0.000000000000000000, 0.000000000000000000, -1.000000000000000000 ) ) ;
#169 = DIRECTION ( 'NONE',  ( 0.000000000000000000, 1.000000000000000000, 1.084202172485505420E-16 ) ) ;
#170 = CYLINDRICAL_SURFACE ( 'NONE', #1790, 0.9999999999999997780 ) ;
#171 = EDGE_LOOP ( 'NONE', ( #877, #1434, #2102 ) ) ;
#172 = CARTESIAN_POINT ( 'NONE',  ( -0.1776703495548044576, 14.76679872666825943, -10.20487170736832105 ) ) ;
#173 = AXIS2_PLACEMENT_3D ( 'NONE', #1837, #678, #191 ) ;
#174 = CARTESIAN_POINT ( 'NONE',  ( -168.5857864376268935, -12.99999999999999822, 8.999999999999994671 ) ) ;
#175 = CARTESIAN_POINT ( 'NONE',  ( -189.1986673665458625, 2.458186882946495011, 9.473997814466009970 ) ) ;
#176 = CARTESIAN_POINT ( 'NONE',  ( -192.7175144212721989, -6.717514421272190894, -19.00099999999999767 ) ) ;
#177 = AXIS2_PLACEMENT_3D ( 'NONE', #1437, #2822, #2360 ) ;
#178 = AXIS2_PLACEMENT_3D ( 'NONE', #1051, #813, #1294 ) ;
#179 = VERTEX_POINT ( 'NONE', #1425 ) ;
#180 = VECTOR ( 'NONE', #2564, 1000.000000000000000 ) ;
#181 = ORIENTED_EDGE ( 'NONE', *, *, #1010, .T. ) ;
#182 = CARTESIAN_POINT ( 'NONE',  ( -1.425093574584161527, 14.00187149168323408, -8.929992982392953138 ) ) ;
#183 = CARTESIAN_POINT ( 'NONE',  ( -194.3175144212721932, -6.717514421272190894, 8.985793786053175580 ) ) ;
#184 = CARTESIAN_POINT ( 'NONE',  ( -200.0000000000000000, -13.00000000000000178, 7.500004687478023513 ) ) ;
#185 = ORIENTED_EDGE ( 'NONE', *, *, #159, .F. ) ;
#186 = DIRECTION ( 'NONE',  ( 0.000000000000000000, -1.734723475976805517E-15, 1.000000000000000000 ) ) ;
#187 = CARTESIAN_POINT ( 'NONE',  ( -1.285018795535787905, -13.98775700118206089, 9.987757001182217209 ) ) ;
#188 = EDGE_CURVE ( 'NONE', #2654, #2612, #540, .T. ) ;
#189 = EDGE_CURVE ( 'NONE', #574, #1755, #1985, .T. ) ;
#190 = DIRECTION ( 'NONE',  ( -1.000000000000000000, -0.000000000000000000, -0.000000000000000000 ) ) ;
#191 = DIRECTION ( 'NONE',  ( 1.000000000000000000, 0.000000000000000000, 0.000000000000000000 ) ) ;
#192 = CARTESIAN_POINT ( 'NONE',  ( -1.500000000000000000, -11.00374531250733234, -6.927058765924228645 ) ) ;
#193 = CARTESIAN_POINT ( 'NONE',  ( 0.000000000000000000, 15.00000000000000711, -15.00000000000000355 ) ) ;
#194 = PLANE ( 'NONE',  #1004 ) ;
#195 = FACE_BOUND ( 'NONE', #2425, .T. ) ;
#196 = ORIENTED_EDGE ( 'NONE', *, *, #2530, .T. ) ;
#197 = VERTEX_POINT ( 'NONE', #2333 ) ;
#198 = CARTESIAN_POINT ( 'NONE',  ( -1.442593042464334729, -13.99787846814994730, -9.924752297737658324 ) ) ;
#199 = CYLINDRICAL_SURFACE ( 'NONE', #1952, 1.599999999999990319 ) ;
#200 = AXIS2_PLACEMENT_3D ( 'NONE', #2434, #1283, #2207 ) ;
#201 = DIRECTION ( 'NONE',  ( 1.000000000000000000, 0.000000000000000000, 0.000000000000000000 ) ) ;
#202 = EDGE_CURVE ( 'NONE', #1760, #2410, #1213, .T. ) ;
#203 = LINE ( 'NONE', #1813, #644 ) ;
#204 = CARTESIAN_POINT ( 'NONE',  ( -180.3431457505076025, -5.656854249492385911, 11.99999999999999822 ) ) ;
#205 = AXIS2_PLACEMENT_3D ( 'NONE', #2116, #2135, #2814 ) ;
#206 = EDGE_CURVE ( 'NONE', #2441, #34, #1087, .T. ) ;
#207 = EDGE_CURVE ( 'NONE', #1755, #574, #2085, .T. ) ;
#208 = VECTOR ( 'NONE', #1585, 1000.000000000000000 ) ;
#209 = ORIENTED_EDGE ( 'NONE', *, *, #1968, .F. ) ;
#210 = CARTESIAN_POINT ( 'NONE',  ( -186.0000000000000000, 0.000000000000000000, 11.49999999999999645 ) ) ;
#211 = AXIS2_PLACEMENT_3D ( 'NONE', #1483, #2904, #2403 ) ;
#212 = ORIENTED_EDGE ( 'NONE', *, *, #1459, .F. ) ;
#213 = CARTESIAN_POINT ( 'NONE',  ( -1.008632041654641931, -14.03577078121667476, -9.962644610804574086 ) ) ;
#214 = CARTESIAN_POINT ( 'NONE',  ( -1.401824117758397659, -13.00000000000268940, 9.999999999999998224 ) ) ;
#215 = CARTESIAN_POINT ( 'NONE',  ( -0.5818858772131262347, 14.04403187655178975, -9.000260290507206662 ) ) ;
#216 = CARTESIAN_POINT ( 'NONE',  ( -200.0037499414070794, -11.50001406233154988, 9.000009374853513933 ) ) ;
#217 = CARTESIAN_POINT ( 'NONE',  ( -190.0568542494924031, 5.656854249492393016, 8.975142135623725537 ) ) ;
#218 = EDGE_CURVE ( 'NONE', #2652, #2133, #724, .T. ) ;
#219 = EDGE_CURVE ( 'NONE', #1021, #2395, #882, .T. ) ;
#220 = FACE_OUTER_BOUND ( 'NONE', #2160, .T. ) ;
#221 = DIRECTION ( 'NONE',  ( 0.000000000000000000, 0.000000000000000000, 1.000000000000000000 ) ) ;
#222 = CIRCLE ( 'NONE', #134, 4.000000000000003553 ) ;
#223 = CYLINDRICAL_SURFACE ( 'NONE', #821, 1.599999999999990319 ) ;
#224 = VECTOR ( 'NONE', #1918, 1000.000000000000000 ) ;
#225 = ORIENTED_EDGE ( 'NONE', *, *, #423, .F. ) ;
#226 = ORIENTED_EDGE ( 'NONE', *, *, #859, .T. ) ;
#227 = CARTESIAN_POINT ( 'NONE',  ( -0.5507684565374261210, -14.33466981944613927, -9.484656861997750710 ) ) ;
#228 = DIRECTION ( 'NONE',  ( 0.000000000000000000, -1.224646799147351482E-16, 1.000000000000000000 ) ) ;
#229 = LINE ( 'NONE', #1824, #1646 ) ;
#230 = CARTESIAN_POINT ( 'NONE',  ( -181.5012499960937760, 5.510910596163079695E-16, 8.953753124990234014 ) ) ;
#231 = FACE_OUTER_BOUND ( 'NONE', #1323, .T. ) ;
#232 = CARTESIAN_POINT ( 'NONE',  ( -1.500000000000000000, 11.00374531250733057, 7.003745312507325238 ) ) ;
#233 = CARTESIAN_POINT ( 'NONE',  ( -200.0000000000000000, -11.49981738811519172, 0.9999999999999947820 ) ) ;
#234 = DIRECTION ( 'NONE',  ( 0.000000000000000000, -1.734723475976807341E-16, -1.000000000000000000 ) ) ;
#235 = EDGE_LOOP ( 'NONE', ( #1859, #1204, #142, #330 ) ) ;
#236 = CARTESIAN_POINT ( 'NONE',  ( -181.5012499960937760, 5.510910596163063918E-16, 8.953753124990234014 ) ) ;
#237 = EDGE_LOOP ( 'NONE', ( #2535, #1050 ) ) ;
#238 =( BOUNDED_SURFACE ( )  B_SPLINE_SURFACE ( 3, 2, ( 
 ( #1559, #378, #2480 ),
 ( #419, #198, #2947 ),
 ( #880, #1803, #1127 ),
 ( #20, #1158, #1179 ),
 ( #2087, #1621, #1371 ),
 ( #923, #2965, #37 ),
 ( #487, #213, #2103 ),
 ( #1848, #1113, #227 ),
 ( #1604, #270, #2538 ),
 ( #2508, #2073, #2767 ),
 ( #2282, #2267, #939 ),
 ( #1402, #2549, #1862 ),
 ( #952, #2324, #1635 ),
 ( #474, #2060, #733 ) ),
 .UNSPECIFIED., .F., .F., .F. ) 
 B_SPLINE_SURFACE_WITH_KNOTS ( ( 4, 2, 2, 2, 2, 2, 4 ),
 ( 3, 3 ),
 ( 6.333143702901528727, 6.523248444285647984, 6.713353185669767242, 6.903457927053886500, 7.093562668438005758, 7.473772151206244274, 7.853981633974482790 ),
 ( 0.000000000000000000, 1.000000000000000000 ),
 .UNSPECIFIED. ) 
 GEOMETRIC_REPRESENTATION_ITEM ( )  RATIONAL_B_SPLINE_SURFACE ( (
 ( 1.000000000000000000, 0.7079879114737888113, 1.000000000000000000),
 ( 1.000000000000000000, 0.7101919960076658045, 1.000000000000000000),
 ( 1.000000000000000000, 0.7167514144810349652, 1.000000000000000000),
 ( 1.000000000000000000, 0.7368865717775012758, 1.000000000000000000),
 ( 1.000000000000000000, 0.7504541651229255095, 1.000000000000000000),
 ( 1.000000000000000000, 0.7818046314049997836, 1.000000000000000000),
 ( 1.000000000000000000, 0.7995584086860770823, 1.000000000000000000),
 ( 1.000000000000000000, 0.8362042400024537470, 1.000000000000000000),
 ( 1.000000000000000000, 0.8550837045372822187, 1.000000000000000000),
 ( 1.000000000000000000, 0.9094431799488765789, 1.000000000000000000),
 ( 1.000000000000000000, 0.9423237179852153034, 1.000000000000000000),
 ( 1.000000000000000000, 0.9875849101084839265, 1.000000000000000000),
 ( 1.000000000000000000, 1.000139159571916014, 1.000000000000000000),
 ( 1.000000000000000000, 1.000000000000000000, 1.000000000000000000) ) ) 
 REPRESENTATION_ITEM ( '' )  SURFACE ( )  );
#239 = CARTESIAN_POINT ( 'NONE',  ( -200.0011000000000081, -14.99999999999999289, -13.40000000000001457 ) ) ;
#240 = DIRECTION ( 'NONE',  ( 0.04993761694388475225, 0.000000000000000000, 0.9987523388778452027 ) ) ;
#241 = DIRECTION ( 'NONE',  ( 1.000000000000000000, 0.000000000000000000, 0.000000000000000000 ) ) ;
#242 = ADVANCED_FACE ( 'NONE', ( #1902 ), #408, .T. ) ;
#243 = EDGE_CURVE ( 'NONE', #2828, #2615, #2567, .T. ) ;
#244 = DIRECTION ( 'NONE',  ( 0.000000000000000000, 0.000000000000000000, -1.000000000000000000 ) ) ;
#245 = DIRECTION ( 'NONE',  ( 0.000000000000000000, 0.000000000000000000, 1.000000000000000000 ) ) ;
#246 = CARTESIAN_POINT ( 'NONE',  ( 2.000000000000000000, 0.000000000000000000, 0.000000000000000000 ) ) ;
#247 = DIRECTION ( 'NONE',  ( -0.000000000000000000, 1.734723475976807341E-16, 1.000000000000000000 ) ) ;
#248 = CARTESIAN_POINT ( 'NONE',  ( -200.0000000000000000, 13.00000000000000178, 0.9999999999999947820 ) ) ;
#249 = ORIENTED_EDGE ( 'NONE', *, *, #1389, .F. ) ;
#250 = DIRECTION ( 'NONE',  ( 0.000000000000000000, 0.000000000000000000, -1.000000000000000000 ) ) ;
#251 = ORIENTED_EDGE ( 'NONE', *, *, #202, .T. ) ;
#252 = VECTOR ( 'NONE', #247, 1000.000000000000000 ) ;
#253 = CYLINDRICAL_SURFACE ( 'NONE', #1174, 1.600000000000000755 ) ;
#254 = DIRECTION ( 'NONE',  ( 0.04993761694389236422, 0.000000000000000000, 0.9987523388778446476 ) ) ;
#255 = CIRCLE ( 'NONE', #871, 1.600000000000000755 ) ;
#256 = AXIS2_PLACEMENT_3D ( 'NONE', #2971, #2932, #1146 ) ;
#257 =( BOUNDED_SURFACE ( )  B_SPLINE_SURFACE ( 3, 2, ( 
 ( #1903, #2621, #2364 ),
 ( #759, #2097, #2562 ),
 ( #2824, #2156, #1884 ),
 ( #340, #1676, #1441 ),
 ( #47, #2836, #2126 ),
 ( #77, #946, #1870 ),
 ( #2791, #2593, #495 ),
 ( #1659, #310, #1215 ),
 ( #2579, #1412, #1454 ),
 ( #511, #2334, #2144 ),
 ( #978, #1426, #281 ),
 ( #1691, #2349, #294 ),
 ( #2379, #326, #105 ),
 ( #2634, #1240, #119 ),
 ( #571, #2405, #1722 ),
 ( #1486, #2168, #2865 ),
 ( #1013, #1944, #797 ),
 ( #1860, #1818, #2071 ) ),
 .UNSPECIFIED., .F., .F., .T. ) 
 B_SPLINE_SURFACE_WITH_KNOTS ( ( 4, 2, 2, 2, 2, 2, 2, 2, 4 ),
 ( 3, 3 ),
 ( 3.141592653589793116, 3.534291735288517255, 3.926990816987241395, 4.319689898685965090, 4.712388980384689674, 5.105088062083414258, 5.497787143782137953, 5.890486225480861648, 6.283185307179586232 ),
 ( 0.000000000000000000, 1.000000000000000000 ),
 .UNSPECIFIED. ) 
 GEOMETRIC_REPRESENTATION_ITEM ( )  RATIONAL_B_SPLINE_SURFACE ( (
 ( 1.000000000000000000, 0.7079901101666404850, 1.000000000000000000),
 ( 1.000000000000000000, 0.7079902169939057410, 1.000000000000000000),
 ( 1.000000000000000000, 0.7079671348281000309, 1.000000000000000000),
 ( 1.000000000000000000, 0.7078786841885820191, 1.000000000000000000),
 ( 1.000000000000000000, 0.7078132431014154680, 1.000000000000000000),
 ( 1.000000000000000000, 0.7076497634294411920, 1.000000000000000000),
 ( 1.000000000000000000, 0.7075517883321947865, 1.000000000000000000),
 ( 1.000000000000000000, 0.7073381053282378206, 1.000000000000000000),
 ( 1.000000000000000000, 0.7072224809005308588, 1.000000000000000000),
 ( 1.000000000000000000, 0.7069910814725640646, 1.000000000000000000),
 ( 1.000000000000000000, 0.7068753975084336449, 1.000000000000000000),
 ( 1.000000000000000000, 0.7066615099749082862, 1.000000000000000000),
 ( 1.000000000000000000, 0.7065633911438664594, 1.000000000000000000),
 ( 1.000000000000000000, 0.7063996222229198541, 1.000000000000000000),
 ( 1.000000000000000000, 0.7063340374017108569, 1.000000000000000000),
 ( 1.000000000000000000, 0.7062453822320955421, 1.000000000000000000),
 ( 1.000000000000000000, 0.7062222395239834416, 1.000000000000000000),
 ( 1.000000000000000000, 0.7062223473568564058, 1.000000000000000000) ) ) 
 REPRESENTATION_ITEM ( '' )  SURFACE ( )  );
#258 = EDGE_CURVE ( 'NONE', #2252, #951, #46, .T. ) ;
#259 = EDGE_LOOP ( 'NONE', ( #2115, #2228 ) ) ;
#260 = LINE ( 'NONE', #42, #2504 ) ;
#261 = CARTESIAN_POINT ( 'NONE',  ( 2.000000000000000000, 15.00000000000000000, 16.60000000000001208 ) ) ;
#262 = AXIS2_PLACEMENT_3D ( 'NONE', #911, #1329, #1374 ) ;
#263 = CARTESIAN_POINT ( 'NONE',  ( -1.425093574584161527, 13.00311915280538955, -9.928745321270797675 ) ) ;
#264 = DIRECTION ( 'NONE',  ( 0.000000000000000000, 0.000000000000000000, -1.000000000000000000 ) ) ;
#265 = CARTESIAN_POINT ( 'NONE',  ( -177.6824855787278068, 6.717514421272187342, 8.944206213946818806 ) ) ;
#266 = FACE_OUTER_BOUND ( 'NONE', #1005, .T. ) ;
#267 = ORIENTED_EDGE ( 'NONE', *, *, #1942, .F. ) ;
#268 = ORIENTED_EDGE ( 'NONE', *, *, #2959, .F. ) ;
#269 = ORIENTED_EDGE ( 'NONE', *, *, #2962, .F. ) ;
#270 = CARTESIAN_POINT ( 'NONE',  ( -0.7321574516294967472, -14.16158227629612476, -10.08845610588351960 ) ) ;
#271 = CARTESIAN_POINT ( 'NONE',  ( -0.03904098607848155433, -15.10737817085141721, 10.84563028475219326 ) ) ;
#272 = AXIS2_PLACEMENT_3D ( 'NONE', #2680, #2016, #870 ) ;
#273 = ORIENTED_EDGE ( 'NONE', *, *, #1236, .T. ) ;
#274 = AXIS2_PLACEMENT_3D ( 'NONE', #1311, #2237, #615 ) ;
#275 = CARTESIAN_POINT ( 'NONE',  ( -171.4142135623730780, -13.00000000000000178, 11.00000000000000000 ) ) ;
#276 = EDGE_CURVE ( 'NONE', #2311, #197, #1407, .T. ) ;
#277 =( BOUNDED_CURVE ( )  B_SPLINE_CURVE ( 3, ( #2033, #2950, #215, #2074 ),
 .UNSPECIFIED., .F., .F. ) 
 B_SPLINE_CURVE_WITH_KNOTS ( ( 4, 4 ),
 ( 4.712388980384689674, 6.233226911457643737 ),
 .UNSPECIFIED. ) 
 CURVE ( )  GEOMETRIC_REPRESENTATION_ITEM ( )  RATIONAL_B_SPLINE_CURVE ( ( 1.000000000000000000, 0.8163648751936719572, 0.8163648751936719572, 1.000000000000000000 ) ) 
 REPRESENTATION_ITEM ( '' )  );
#278 = FILL_AREA_STYLE ('',( #1657 ) ) ;
#279 =( BOUNDED_SURFACE ( )  B_SPLINE_SURFACE ( 3, 2, ( 
 ( #1039, #1301, #2438 ),
 ( #1749, #1285, #2649 ),
 ( #2666, #588, #1254 ),
 ( #839, #1504, #1721 ),
 ( #2421, #2184, #175 ),
 ( #381, #367, #1703 ),
 ( #2210, #2452, #1272 ),
 ( #781, #2619, #1986 ),
 ( #558, #162, #136 ),
 ( #2905, #1470, #1026 ),
 ( #1765, #2679, #2878 ),
 ( #2391, #1943, #339 ),
 ( #1239, #2167, #118 ),
 ( #2288, #2015, #1577 ),
 ( #693, #1793, #1777 ),
 ( #2512, #2934, #1609 ),
 ( #2693, #2004, #649 ),
 ( #230, #1317, #2921 ) ),
 .UNSPECIFIED., .F., .F., .F. ) 
 B_SPLINE_SURFACE_WITH_KNOTS ( ( 4, 2, 2, 2, 2, 2, 2, 2, 4 ),
 ( 3, 3 ),
 ( 0.000000000000000000, 0.3926990816987241395, 0.7853981633974482790, 1.178097245096172418, 1.570796326794896558, 1.963495408493620697, 2.356194490192344837, 2.748893571891068976, 3.141592653589793116 ),
 ( 0.000000000000000000, 1.000000000000000000 ),
 .UNSPECIFIED. ) 
 GEOMETRIC_REPRESENTATION_ITEM ( )  RATIONAL_B_SPLINE_SURFACE ( (
 ( 1.000000000000000000, 0.7062223473568564058, 1.000000000000000000),
 ( 1.000000000000000000, 0.7062222395239836636, 1.000000000000000000),
 ( 1.000000000000000000, 0.7062453822320954311, 1.000000000000000000),
 ( 1.000000000000000000, 0.7063340374017109680, 1.000000000000000000),
 ( 1.000000000000000000, 0.7063996222229336208, 1.000000000000000000),
 ( 1.000000000000000000, 0.7065633911438804482, 1.000000000000000000),
 ( 1.000000000000000000, 0.7066615099749082862, 1.000000000000000000),
 ( 1.000000000000000000, 0.7068753975084336449, 1.000000000000000000),
 ( 1.000000000000000000, 0.7069910814725640646, 1.000000000000000000),
 ( 1.000000000000000000, 0.7072224809005308588, 1.000000000000000000),
 ( 1.000000000000000000, 0.7073381053282378206, 1.000000000000000000),
 ( 1.000000000000000000, 0.7075517883321947865, 1.000000000000000000),
 ( 1.000000000000000000, 0.7076497634294411920, 1.000000000000000000),
 ( 1.000000000000000000, 0.7078132431014154680, 1.000000000000000000),
 ( 1.000000000000000000, 0.7078786841886147707, 1.000000000000000000),
 ( 1.000000000000000000, 0.7079671348280672794, 1.000000000000000000),
 ( 1.000000000000000000, 0.7079902169939301659, 1.000000000000000000),
 ( 1.000000000000000000, 0.7079901101666404850, 1.000000000000000000) ) ) 
 REPRESENTATION_ITEM ( '' )  SURFACE ( )  );
#280 = CARTESIAN_POINT ( 'NONE',  ( 2.000000000000000000, -15.00000000000000000, 15.00000000000001066 ) ) ;
#281 = CARTESIAN_POINT ( 'NONE',  ( -187.0469915414178104, -3.895890705024391387, 9.467946226207772042 ) ) ;
#282 = DIRECTION ( 'NONE',  ( 0.000000000000000000, 0.000000000000000000, 1.000000000000000000 ) ) ;
#283 = ADVANCED_BREP_SHAPE_REPRESENTATION ( 'Drone Arm Design 1', ( #1983, #832 ), #2140 ) ;
#284 = DIRECTION ( 'NONE',  ( 0.000000000000000000, -1.000000000000000000, -0.000000000000000000 ) ) ;
#285 = ORIENTED_EDGE ( 'NONE', *, *, #1822, .F. ) ;
#286 = ORIENTED_EDGE ( 'NONE', *, *, #2386, .T. ) ;
#287 = VERTEX_POINT ( 'NONE', #768 ) ;
#288 = CARTESIAN_POINT ( 'NONE',  ( -168.5857864376268935, -13.00000000000000178, 10.99999999999999645 ) ) ;
#289 = FACE_OUTER_BOUND ( 'NONE', #235, .T. ) ;
#290 = ORIENTED_EDGE ( 'NONE', *, *, #2055, .T. ) ;
#291 = DIRECTION ( 'NONE',  ( 0.000000000000000000, 0.000000000000000000, -1.000000000000000000 ) ) ;
#292 =( LENGTH_UNIT ( ) NAMED_UNIT ( * ) SI_UNIT ( .MILLI., .METRE. ) );
#293 = CARTESIAN_POINT ( 'NONE',  ( -191.6568542494923975, 5.656854249492393016, 11.99999999999999822 ) ) ;
#294 = CARTESIAN_POINT ( 'NONE',  ( -188.0144759175028639, -3.495145555065894527, 9.470667276015552360 ) ) ;
#295 =( BOUNDED_SURFACE ( )  B_SPLINE_SURFACE ( 3, 2, ( 
 ( #1090, #930, #455 ),
 ( #1581, #914, #413 ),
 ( #1841, #2485, #2500 ),
 ( #1150, #1826, #1319 ) ),
 .UNSPECIFIED., .F., .F., .F. ) 
 B_SPLINE_SURFACE_WITH_KNOTS ( ( 4, 4 ),
 ( 3, 3 ),
 ( 4.662430584662743627, 4.712388980384689674 ),
 ( 0.000000000000000000, 1.000000000000000000 ),
 .UNSPECIFIED. ) 
 GEOMETRIC_REPRESENTATION_ITEM ( )  RATIONAL_B_SPLINE_SURFACE ( (
 ( 1.000000000000000000, 0.7079879114737882562, 1.000000000000000000),
 ( 1.000000000000000000, 0.7076946284290289713, 1.000000000000000000),
 ( 1.000000000000000000, 0.7074007966060478214, 1.000000000000000000),
 ( 1.000000000000000000, 0.7071067811865469066, 1.000000000000000000) ) ) 
 REPRESENTATION_ITEM ( '' )  SURFACE ( )  );
#296 = CARTESIAN_POINT ( 'NONE',  ( -1.425093574584161527, -13.00311915280538066, -9.928745321270797675 ) ) ;
#297 = ORIENTED_EDGE ( 'NONE', *, *, #2784, .T. ) ;
#298 = ORIENTED_EDGE ( 'NONE', *, *, #2332, .F. ) ;
#299 = ORIENTED_EDGE ( 'NONE', *, *, #486, .F. ) ;
#300 = CARTESIAN_POINT ( 'NONE',  ( -1.500000000000000000, 11.00374531250733234, -6.927058765924232198 ) ) ;
#301 = EDGE_CURVE ( 'NONE', #2882, #2105, #2607, .T. ) ;
#302 = AXIS2_PLACEMENT_3D ( 'NONE', #275, #722, #956 ) ;
#303 = CARTESIAN_POINT ( 'NONE',  ( -200.0000000000000000, 12.37868273542103381, 8.999999999999996447 ) ) ;
#304 = EDGE_CURVE ( 'NONE', #197, #2311, #362, .T. ) ;
#305 = ORIENTED_EDGE ( 'NONE', *, *, #2645, .T. ) ;
#306 = CARTESIAN_POINT ( 'NONE',  ( -186.0000000000000000, 0.000000000000000000, 11.99999999999999822 ) ) ;
#307 = AXIS2_PLACEMENT_3D ( 'NONE', #1856, #1842, #2053 ) ;
#308 = CIRCLE ( 'NONE', #1594, 1.000000000000000888 ) ;
#309 = CARTESIAN_POINT ( 'NONE',  ( -168.5857864376268935, 13.00000000000000000, 10.99999999999999645 ) ) ;
#310 = CARTESIAN_POINT ( 'NONE',  ( -184.9542633737563904, -3.896247015506571820, 8.962385658434675051 ) ) ;
#311 = FACE_OUTER_BOUND ( 'NONE', #855, .T. ) ;
#312 = AXIS2_PLACEMENT_3D ( 'NONE', #2891, #570, #1072 ) ;
#313 = ADVANCED_FACE ( 'NONE', ( #2561, #59, #958, #1883, #742, #394 ), #2198, .T. ) ;
#314 = EDGE_CURVE ( 'NONE', #2668, #1964, #2322, .T. ) ;
#315 = EDGE_LOOP ( 'NONE', ( #2491, #2172, #2012, #1693 ) ) ;
#316 = ORIENTED_EDGE ( 'NONE', *, *, #58, .F. ) ;
#317 = ORIENTED_EDGE ( 'NONE', *, *, #780, .T. ) ;
#318 = DIRECTION ( 'NONE',  ( -1.156482317317871331E-15, 1.000000000000000000, 2.891205793294594649E-18 ) ) ;
#319 = VERTEX_POINT ( 'NONE', #1519 ) ;
#320 = FACE_OUTER_BOUND ( 'NONE', #111, .T. ) ;
#321 = VECTOR ( 'NONE', #2211, 1000.000000000000000 ) ;
#322 = DIRECTION ( 'NONE',  ( -0.000000000000000000, -0.000000000000000000, 1.000000000000000000 ) ) ;
#323 = CIRCLE ( 'NONE', #2864, 4.500000000000000888 ) ;
#324 = AXIS2_PLACEMENT_3D ( 'NONE', #823, #853, #1751 ) ;
#325 = DIRECTION ( 'NONE',  ( 0.000000000000000000, 0.000000000000000000, 1.000000000000000000 ) ) ;
#326 = CARTESIAN_POINT ( 'NONE',  ( -188.4590196451144664, -3.197998499238513759, 8.971147549112391317 ) ) ;
#327 = FACE_OUTER_BOUND ( 'NONE', #315, .T. ) ;
#328 = EDGE_LOOP ( 'NONE', ( #316, #563, #2057, #298 ) ) ;
#329 = ORIENTED_EDGE ( 'NONE', *, *, #2785, .T. ) ;
#330 = ORIENTED_EDGE ( 'NONE', *, *, #2662, .F. ) ;
#331 = DIRECTION ( 'NONE',  ( 0.000000000000000000, 1.000000000000000000, -1.734723475976810053E-16 ) ) ;
#332 = ORIENTED_EDGE ( 'NONE', *, *, #102, .F. ) ;
#333 = CARTESIAN_POINT ( 'NONE',  ( -0.4927344265466113149, 14.32681842705104280, 10.32681842705170006 ) ) ;
#334 = CARTESIAN_POINT ( 'NONE',  ( -0.9608576055658013537, 14.09701730898508565, -9.088569344562726471 ) ) ;
#335 = EDGE_CURVE ( 'NONE', #2177, #167, #1354, .T. ) ;
#336 = ADVANCED_FACE ( 'NONE', ( #149 ), #807, .T. ) ;
#337 = DIRECTION ( 'NONE',  ( -0.000000000000000000, -1.000000000000000000, -0.000000000000000000 ) ) ;
#338 = EDGE_CURVE ( 'NONE', #2279, #1947, #1209, .T. ) ;
#339 = CARTESIAN_POINT ( 'NONE',  ( -183.9855240824970792, 3.495145555065873211, 9.459335848979559813 ) ) ;
#340 = CARTESIAN_POINT ( 'NONE',  ( -182.0692112466462333, -2.266285407189966516, 8.955173028116615086 ) ) ;
#341 = CYLINDRICAL_SURFACE ( 'NONE', #2526, 0.9999999999999991118 ) ;
#342 = EDGE_LOOP ( 'NONE', ( #196, #983, #100, #955 ) ) ;
#343 = CARTESIAN_POINT ( 'NONE',  ( -180.3431457505076025, -5.656854249492385911, 11.99999999999999822 ) ) ;
#344 = ORIENTED_EDGE ( 'NONE', *, *, #2436, .F. ) ;
#345 = DIRECTION ( 'NONE',  ( 0.000000000000000000, -0.000000000000000000, 1.000000000000000000 ) ) ;
#346 = VERTEX_POINT ( 'NONE', #1958 ) ;
#347 = CARTESIAN_POINT ( 'NONE',  ( -1.139695705265197034, 14.00423974312973385, 10.00423974312972497 ) ) ;
#348 = CIRCLE ( 'NONE', #211, 1.600000000000000755 ) ;
#349 = CARTESIAN_POINT ( 'NONE',  ( -1.474782745672612361, 13.99938703312881394, -9.926260862716379307 ) ) ;
#350 = ADVANCED_FACE ( 'NONE', ( #1734 ), #279, .T. ) ;
#351 = ADVANCED_FACE ( 'NONE', ( #2972 ), #1343, .F. ) ;
#352 = AXIS2_PLACEMENT_3D ( 'NONE', #2318, #2730, #264 ) ;
#353 = FACE_OUTER_BOUND ( 'NONE', #1308, .T. ) ;
#354 = AXIS2_PLACEMENT_3D ( 'NONE', #470, #2763, #1887 ) ;
#355 = AXIS2_PLACEMENT_3D ( 'NONE', #1748, #1733, #2002 ) ;
#356 = CARTESIAN_POINT ( 'NONE',  ( -1.500000000000000000, 13.00000000000000711, 9.999999999999998224 ) ) ;
#357 = DIRECTION ( 'NONE',  ( 0.000000000000000000, 0.000000000000000000, -1.000000000000000000 ) ) ;
#358 = ORIENTED_EDGE ( 'NONE', *, *, #1556, .T. ) ;
#359 = DIRECTION ( 'NONE',  ( 0.000000000000000000, 0.000000000000000000, 1.000000000000000000 ) ) ;
#360 = ORIENTED_EDGE ( 'NONE', *, *, #1912, .T. ) ;
#361 = PLANE ( 'NONE',  #584 ) ;
#362 = CIRCLE ( 'NONE', #1061, 1.600000000000000755 ) ;
#363 = ORIENTED_EDGE ( 'NONE', *, *, #2217, .F. ) ;
#364 = CARTESIAN_POINT ( 'NONE',  ( -0.2821540801882505556, 14.00650379698515735, -10.53077610777887863 ) ) ;
#365 = EDGE_CURVE ( 'NONE', #936, #2910, #900, .T. ) ;
#366 = DIRECTION ( 'NONE',  ( 0.000000000000000000, 0.000000000000000000, -1.000000000000000000 ) ) ;
#367 = CARTESIAN_POINT ( 'NONE',  ( -188.4590196451140400, 3.197998499238380088, 8.971147549112414410 ) ) ;
#368 = AXIS2_PLACEMENT_3D ( 'NONE', #288, #2354, #98 ) ;
#369 = DIRECTION ( 'NONE',  ( -1.000000000000000000, -4.336808689942018352E-17, -1.734723475976807094E-17 ) ) ;
#370 =( BOUNDED_CURVE ( )  B_SPLINE_CURVE ( 3, ( #867, #1099, #648, #663 ),
 .UNSPECIFIED., .F., .F. ) 
 B_SPLINE_CURVE_WITH_KNOTS ( ( 4, 4 ),
 ( 0.000000000000000000, 3.141592653589793116 ),
 .UNSPECIFIED. ) 
 CURVE ( )  GEOMETRIC_REPRESENTATION_ITEM ( )  RATIONAL_B_SPLINE_CURVE ( ( 1.000000000000000000, 0.3333333333333333703, 0.3333333333333333703, 1.000000000000000000 ) ) 
 REPRESENTATION_ITEM ( '' )  );
#371 = ORIENTED_EDGE ( 'NONE', *, *, #159, .T. ) ;
#372 = ORIENTED_EDGE ( 'NONE', *, *, #486, .T. ) ;
#373 = ORIENTED_EDGE ( 'NONE', *, *, #752, .T. ) ;
#374 = LINE ( 'NONE', #387, #1741 ) ;
#375 = ADVANCED_FACE ( 'NONE', ( #1809 ), #1088, .F. ) ;
#376 = ORIENTED_EDGE ( 'NONE', *, *, #1716, .T. ) ;
#377 = ORIENTED_EDGE ( 'NONE', *, *, #1535, .T. ) ;
#378 = CARTESIAN_POINT ( 'NONE',  ( -1.474782745672611695, -13.99938703312880151, -9.926260862716377531 ) ) ;
#379 = CARTESIAN_POINT ( 'NONE',  ( -1.235680618073219605, 14.02041552554241122, -8.960899705491639722 ) ) ;
#380 = CARTESIAN_POINT ( 'NONE',  ( -1.425093574584161527, -14.00187149168322520, -8.929992982392953138 ) ) ;
#381 = CARTESIAN_POINT ( 'NONE',  ( -188.7667102394079848, 3.598500787363664077, 8.971916775598518967 ) ) ;
#382 = LINE ( 'NONE', #1286, #321 ) ;
#383 = ADVANCED_FACE ( 'NONE', ( #2469 ), #410, .F. ) ;
#384 = VERTEX_POINT ( 'NONE', #2496 ) ;
#385 = ORIENTED_EDGE ( 'NONE', *, *, #964, .T. ) ;
#386 = ORIENTED_EDGE ( 'NONE', *, *, #218, .F. ) ;
#387 = CARTESIAN_POINT ( 'NONE',  ( -0.003741990276710997158, -10.99982674309088893, -8.499822255461856102 ) ) ;
#388 = CYLINDRICAL_SURFACE ( 'NONE', #1949, 1.000000000000000888 ) ;
#389 = LINE ( 'NONE', #846, #2510 ) ;
#390 = EDGE_LOOP ( 'NONE', ( #2043, #657, #561, #1309 ) ) ;
#391 = DIRECTION ( 'NONE',  ( 0.9999968750146484009, 0.002499992187536547849, 0.000000000000000000 ) ) ;
#392 = CARTESIAN_POINT ( 'NONE',  ( -1.442593042464294539, 13.99787846814995973, -9.924752297737798656 ) ) ;
#393 = DIRECTION ( 'NONE',  ( 1.000000000000000000, -0.000000000000000000, -0.000000000000000000 ) ) ;
#394 = FACE_OUTER_BOUND ( 'NONE', #1031, .T. ) ;
#395 = CARTESIAN_POINT ( 'NONE',  ( -1.500000000000000000, -12.99999999999999645, 9.999999999999998224 ) ) ;
#396 = AXIS2_PLACEMENT_3D ( 'NONE', #2080, #1169, #30 ) ;
#397 = AXIS2_PLACEMENT_3D ( 'NONE', #2739, #2511, #2287 ) ;
#398 = ORIENTED_EDGE ( 'NONE', *, *, #436, .T. ) ;
#399 = VERTEX_POINT ( 'NONE', #1593 ) ;
#400 = CARTESIAN_POINT ( 'NONE',  ( -200.0011000000000081, 15.00000000000000711, -15.00000000000000355 ) ) ;
#401 = CARTESIAN_POINT ( 'NONE',  ( -1.496250011718695205, 11.00374531250733057, 8.503740625029298172 ) ) ;
#402 = EDGE_CURVE ( 'NONE', #384, #992, #27, .T. ) ;
#403 = LINE ( 'NONE', #1334, #1746 ) ;
#404 = EDGE_CURVE ( 'NONE', #2344, #993, #2528, .T. ) ;
#405 = ORIENTED_EDGE ( 'NONE', *, *, #2968, .F. ) ;
#406 = CARTESIAN_POINT ( 'NONE',  ( -1.500000000000000000, -11.00374531250733234, -6.927058765924231309 ) ) ;
#407 = CARTESIAN_POINT ( 'NONE',  ( -1.434581645652377446, -13.99607645274356926, 9.996076452743281493 ) ) ;
#408 = TOROIDAL_SURFACE ( 'NONE', #79, 2.000000000000000000, 1.000000000000000000 ) ;
#409 = CARTESIAN_POINT ( 'NONE',  ( -171.4142135623730780, 0.000000000000000000, 11.99999999999999822 ) ) ;
#410 = CYLINDRICAL_SURFACE ( 'NONE', #2514, 4.000000000000000000 ) ;
#411 = VECTOR ( 'NONE', #1520, 1000.000000000000000 ) ;
#412 = VECTOR ( 'NONE', #705, 1000.000000000000000 ) ;
#413 = CARTESIAN_POINT ( 'NONE',  ( -1.450041611589271362, 14.00062408983297857, -8.927913979309208159 ) ) ;
#414 = VECTOR ( 'NONE', #2534, 1000.000000000000227 ) ;
#415 = DIRECTION ( 'NONE',  ( 0.000000000000000000, -1.224646799147351482E-16, 1.000000000000000000 ) ) ;
#416 = LINE ( 'NONE', #1045, #2048 ) ;
#417 = ORIENTED_EDGE ( 'NONE', *, *, #2557, .F. ) ;
#418 = VERTEX_POINT ( 'NONE', #422 ) ;
#419 = CARTESIAN_POINT ( 'NONE',  ( -1.330160249622564850, -13.01103026322126865, -9.933491987518877409 ) ) ;
#420 = DIRECTION ( 'NONE',  ( -0.7071067811865485719, -1.410629943348702728E-16, 0.7071067811865465735 ) ) ;
#421 = CARTESIAN_POINT ( 'NONE',  ( 2.000000000000000000, -19.00000000000000000, 19.00000000000000355 ) ) ;
#422 = CARTESIAN_POINT ( 'NONE',  ( -1.500000000000000000, 11.00374531250733234, -8.427058765924231309 ) ) ;
#423 = EDGE_CURVE ( 'NONE', #2668, #1021, #2856, .T. ) ;
#424 = LINE ( 'NONE', #840, #411 ) ;
#425 = ADVANCED_FACE ( 'NONE', ( #2257 ), #199, .F. ) ;
#426 = DIRECTION ( 'NONE',  ( -0.9988706659777674135, -0.002497176664944394942, 0.04744635663394392022 ) ) ;
#427 = CARTESIAN_POINT ( 'NONE',  ( -0.6213203435596429403, 14.00000000000000533, 8.999999999999998224 ) ) ;
#428 = CARTESIAN_POINT ( 'NONE',  ( 2.000000000000000000, 15.00000000000000711, -15.00000000000000355 ) ) ;
#429 = DIRECTION ( 'NONE',  ( -0.000000000000000000, -0.000000000000000000, 1.000000000000000000 ) ) ;
#430 = ORIENTED_EDGE ( 'NONE', *, *, #335, .F. ) ;
#431 = CARTESIAN_POINT ( 'NONE',  ( -200.0011000000000081, -15.00000000000000000, 16.60000000000001208 ) ) ;
#432 = ORIENTED_EDGE ( 'NONE', *, *, #2399, .T. ) ;
#433 = DIRECTION ( 'NONE',  ( 1.000000000000000000, -0.000000000000000000, -0.000000000000000000 ) ) ;
#434 = CARTESIAN_POINT ( 'NONE',  ( -1.303652884241772059, -13.01611522051856795, 10.00966913231115640 ) ) ;
#435 = CARTESIAN_POINT ( 'NONE',  ( -182.0000000000000000, 7.999999999999981348, 9.453751562497556549 ) ) ;
#436 = EDGE_CURVE ( 'NONE', #1280, #2828, #2034, .T. ) ;
#437 = EDGE_CURVE ( 'NONE', #2797, #922, #700, .T. ) ;
#438 = AXIS2_PLACEMENT_3D ( 'NONE', #1225, #88, #2153 ) ;
#439 = FACE_BOUND ( 'NONE', #2899, .T. ) ;
#440 = PLANE ( 'NONE',  #1067 ) ;
#441 = CARTESIAN_POINT ( 'NONE',  ( -199.0000000000000000, 12.99999999999999822, 11.99999999999999822 ) ) ;
#442 = CARTESIAN_POINT ( 'NONE',  ( -1.500000000000000000, -13.99999999999999112, -8.923750780274966488 ) ) ;
#443 = DIRECTION ( 'NONE',  ( -0.002499992187536598590, 0.000000000000000000, -0.9999968750146482899 ) ) ;
#444 = VECTOR ( 'NONE', #1111, 1000.000000000000000 ) ;
#445 = VERTEX_POINT ( 'NONE', #885 ) ;
#446 = CARTESIAN_POINT ( 'NONE',  ( -0.4488155002630898616, -13.99999999999999112, -8.976310005261810332 ) ) ;
#447 = AXIS2_PLACEMENT_3D ( 'NONE', #1378, #2974, #496 ) ;
#448 = EDGE_LOOP ( 'NONE', ( #1681, #641, #2134, #2352 ) ) ;
#449 = DIRECTION ( 'NONE',  ( -1.000000000000000000, -2.602085213965210642E-17, -1.734723475976807094E-17 ) ) ;
#450 = DIRECTION ( 'NONE',  ( 0.000000000000000000, 0.000000000000000000, 1.000000000000000000 ) ) ;
#451 = DIRECTION ( 'NONE',  ( -0.000000000000000000, -0.000000000000000000, 1.000000000000000000 ) ) ;
#452 = AXIS2_PLACEMENT_3D ( 'NONE', #796, #1012, #822 ) ;
#453 = DIRECTION ( 'NONE',  ( -0.7071067811865457964, 0.000000000000000000, -0.7071067811865492381 ) ) ;
#454 = CARTESIAN_POINT ( 'NONE',  ( 0.5000000000000004441, 4.898587196589411843E-16, 4.000000000000000000 ) ) ;
#455 = CARTESIAN_POINT ( 'NONE',  ( -1.425093574584161527, 14.00187149168323408, -8.929992982392953138 ) ) ;
#456 = SPHERICAL_SURFACE ( 'NONE', #307, 1.000000000000000000 ) ;
#457 = AXIS2_PLACEMENT_3D ( 'NONE', #1360, #2529, #245 ) ;
#458 = CARTESIAN_POINT ( 'NONE',  ( -177.6824855787278068, 6.717514421272187342, 11.99999999999999822 ) ) ;
#459 = CARTESIAN_POINT ( 'NONE',  ( -1.425093574584161527, 13.00311915280538955, -9.928745321270797675 ) ) ;
#460 = EDGE_LOOP ( 'NONE', ( #1680, #1523 ) ) ;
#461 = DIRECTION ( 'NONE',  ( 2.602085213965210950E-17, -1.000000000000000000, -1.734723475976807094E-16 ) ) ;
#462 = VERTEX_POINT ( 'NONE', #2952 ) ;
#463 = DIRECTION ( 'NONE',  ( 1.000000000000000000, -0.000000000000000000, -0.000000000000000000 ) ) ;
#464 = EDGE_CURVE ( 'NONE', #2410, #2929, #2727, .T. ) ;
#465 = CARTESIAN_POINT ( 'NONE',  ( 0.5000000000000004441, 0.000000000000000000, -4.000000000000000000 ) ) ;
#466 = DIRECTION ( 'NONE',  ( 0.000000000000000000, 0.000000000000000000, 1.000000000000000000 ) ) ;
#467 = CARTESIAN_POINT ( 'NONE',  ( -1.474782745672614359, -13.99938703312880151, -9.926260862716373978 ) ) ;
#468 = CARTESIAN_POINT ( 'NONE',  ( -200.0000000000000000, 0.000000000000000000, 0.000000000000000000 ) ) ;
#469 = ADVANCED_FACE ( 'NONE', ( #320 ), #1518, .T. ) ;
#470 = CARTESIAN_POINT ( 'NONE',  ( -1.500000000000000000, -11.00374531250733234, -6.927058765924231309 ) ) ;
#471 = ORIENTED_EDGE ( 'NONE', *, *, #524, .F. ) ;
#472 = CARTESIAN_POINT ( 'NONE',  ( -190.5012499960937760, 0.000000000000000000, 8.976253124990231314 ) ) ;
#473 = ORIENTED_EDGE ( 'NONE', *, *, #1574, .F. ) ;
#474 = CARTESIAN_POINT ( 'NONE',  ( 0.000000000000000000, -15.49999999999999112, -11.42687382958756359 ) ) ;
#475 = CARTESIAN_POINT ( 'NONE',  ( -0.3042313546602140040, 11.00075589089398242, -6.983857776577870879 ) ) ;
#476 = DIRECTION ( 'NONE',  ( 0.002499992187536548716, -0.9999968750146482899, 0.000000000000000000 ) ) ;
#477 = CARTESIAN_POINT ( 'NONE',  ( -1.496250011718695205, -12.50374062502930528, -6.927058765924228645 ) ) ;
#478 = CARTESIAN_POINT ( 'NONE',  ( 0.000000000000000000, -12.50000000000000178, -6.927058765924231309 ) ) ;
#479 = DIRECTION ( 'NONE',  ( 1.000000000000000000, 0.000000000000000000, 0.000000000000000000 ) ) ;
#480 = DIRECTION ( 'NONE',  ( 0.000000000000000000, -1.000000000000000000, 0.000000000000000000 ) ) ;
#481 = CARTESIAN_POINT ( 'NONE',  ( -168.5857864376268935, -14.00000000000000000, 9.999999999999994671 ) ) ;
#482 = ORIENTED_EDGE ( 'NONE', *, *, #70, .T. ) ;
#483 = CARTESIAN_POINT ( 'NONE',  ( -1.496250011718695205, -12.50374062502930528, -8.500000000000001776 ) ) ;
#484 = ORIENTED_EDGE ( 'NONE', *, *, #2570, .F. ) ;
#485 = CIRCLE ( 'NONE', #1882, 0.5000000000000004441 ) ;
#486 = EDGE_CURVE ( 'NONE', #2810, #516, #928, .T. ) ;
#487 = CARTESIAN_POINT ( 'NONE',  ( -0.7054604883063879672, -13.37361684415117757, -10.15104393607837174 ) ) ;
#488 = CARTESIAN_POINT ( 'NONE',  ( 0.000000000000000000, -15.49999999999999645, 11.50000000000000178 ) ) ;
#489 = VECTOR ( 'NONE', #1896, 1000.000000000000114 ) ;
#490 = EDGE_LOOP ( 'NONE', ( #1110, #1206 ) ) ;
#491 = DIRECTION ( 'NONE',  ( 0.000000000000000000, 0.000000000000000000, -1.000000000000000000 ) ) ;
#492 = DIRECTION ( 'NONE',  ( 1.000000000000000000, -0.000000000000000000, -0.000000000000000000 ) ) ;
#493 = AXIS2_PLACEMENT_3D ( 'NONE', #293, #977, #998 ) ;
#494 = DIRECTION ( 'NONE',  ( 0.000000000000000000, 0.000000000000000000, 1.000000000000000000 ) ) ;
#495 = CARTESIAN_POINT ( 'NONE',  ( -183.9855240824971645, -3.495145555065907850, 9.459335848979559813 ) ) ;
#496 = DIRECTION ( 'NONE',  ( 1.000000000000000000, 0.000000000000000000, 0.000000000000000000 ) ) ;
#497 = DIRECTION ( 'NONE',  ( 0.000000000000000000, 0.000000000000000000, 1.000000000000000000 ) ) ;
#498 = EDGE_LOOP ( 'NONE', ( #2045, #965, #2409, #1243 ) ) ;
#499 = ORIENTED_EDGE ( 'NONE', *, *, #2420, .F. ) ;
#500 = ORIENTED_EDGE ( 'NONE', *, *, #646, .T. ) ;
#501 = CYLINDRICAL_SURFACE ( 'NONE', #817, 1.500000000000000444 ) ;
#502 = CARTESIAN_POINT ( 'NONE',  ( -0.1893204163876598956, -14.74457153205329796, 10.24095255342234800 ) ) ;
#503 = AXIS2_PLACEMENT_3D ( 'NONE', #176, #2936, #1534 ) ;
#504 = ORIENTED_EDGE ( 'NONE', *, *, #1624, .T. ) ;
#505 = AXIS2_PLACEMENT_3D ( 'NONE', #2751, #688, #2521 ) ;
#506 = CARTESIAN_POINT ( 'NONE',  ( -190.0000000000000000, 4.898587196589402968E-16, -19.00099999999999767 ) ) ;
#507 = EDGE_CURVE ( 'NONE', #736, #2546, #323, .T. ) ;
#508 = CARTESIAN_POINT ( 'NONE',  ( 1.500000000000001332, 0.000000000000000000, -4.000000000000000000 ) ) ;
#509 = EDGE_CURVE ( 'NONE', #787, #545, #791, .T. ) ;
#510 = CARTESIAN_POINT ( 'NONE',  ( -199.0000000000000000, -14.00000000000000000, 9.999999999999994671 ) ) ;
#511 = CARTESIAN_POINT ( 'NONE',  ( -186.5902986137944595, -4.499999999999992895, 8.966475746534484870 ) ) ;
#512 = EDGE_CURVE ( 'NONE', #346, #2344, #1024, .T. ) ;
#513 = LINE ( 'NONE', #2068, #2806 ) ;
#514 = FACE_OUTER_BOUND ( 'NONE', #2565, .T. ) ;
#515 = ORIENTED_EDGE ( 'NONE', *, *, #1729, .T. ) ;
#516 = VERTEX_POINT ( 'NONE', #261 ) ;
#517 = EDGE_LOOP ( 'NONE', ( #1018, #2880, #995 ) ) ;
#518 = DIRECTION ( 'NONE',  ( -1.000000000000000000, -1.156482317317871331E-15, 0.000000000000000000 ) ) ;
#519 = CARTESIAN_POINT ( 'NONE',  ( -1.375155957640269211, -13.00311915280538066, -8.929992982392953138 ) ) ;
#520 = ORIENTED_EDGE ( 'NONE', *, *, #2427, .T. ) ;
#521 = DIRECTION ( 'NONE',  ( -0.04744650456979696007, 0.000000000000000000, -0.9988737804167793222 ) ) ;
#522 = ORIENTED_EDGE ( 'NONE', *, *, #2243, .T. ) ;
#523 = ADVANCED_FACE ( 'NONE', ( #1163 ), #2093, .F. ) ;
#524 = EDGE_CURVE ( 'NONE', #2323, #2223, #1268, .T. ) ;
#525 = CARTESIAN_POINT ( 'NONE',  ( 2.000000000000000000, -19.00000000000000000, -18.99999999999999645 ) ) ;
#526 = DIRECTION ( 'NONE',  ( 7.523163845262642788E-33, -1.734723475976807587E-16, -1.000000000000000000 ) ) ;
#527 = CARTESIAN_POINT ( 'NONE',  ( 0.5000000000000004441, 0.000000000000000000, 0.000000000000000000 ) ) ;
#528 = FACE_OUTER_BOUND ( 'NONE', #140, .T. ) ;
#529 = ORIENTED_EDGE ( 'NONE', *, *, #1868, .T. ) ;
#530 = ORIENTED_EDGE ( 'NONE', *, *, #2648, .F. ) ;
#531 = ORIENTED_EDGE ( 'NONE', *, *, #2847, .T. ) ;
#532 = DIRECTION ( 'NONE',  ( 1.000000000000000000, 1.734723475976805517E-15, 8.673617379884027583E-15 ) ) ;
#533 = CARTESIAN_POINT ( 'NONE',  ( 0.000000000000000000, -15.49999999999999645, 11.50000000000000000 ) ) ;
#534 = EDGE_LOOP ( 'NONE', ( #96, #2912, #2189, #1429 ) ) ;
#535 = CARTESIAN_POINT ( 'NONE',  ( -1.111076149709845806, 13.07995837746527457, 10.04797502647914342 ) ) ;
#536 = FACE_OUTER_BOUND ( 'NONE', #809, .T. ) ;
#537 = AXIS2_PLACEMENT_3D ( 'NONE', #915, #1614, #960 ) ;
#538 = VECTOR ( 'NONE', #1792, 1000.000000000000000 ) ;
#539 =( BOUNDED_CURVE ( )  B_SPLINE_CURVE ( 3, ( #1616, #1173, #2099, #296 ),
 .UNSPECIFIED., .F., .F. ) 
 B_SPLINE_CURVE_WITH_KNOTS ( ( 4, 4 ),
 ( 4.712388980384689674, 6.233226911457643737 ),
 .UNSPECIFIED. ) 
 CURVE ( )  GEOMETRIC_REPRESENTATION_ITEM ( )  RATIONAL_B_SPLINE_CURVE ( ( 1.000000000000000000, 0.8163648751936719572, 0.8163648751936719572, 1.000000000000000000 ) ) 
 REPRESENTATION_ITEM ( '' )  );
#540 = LINE ( 'NONE', #1658, #784 ) ;
#541 = CARTESIAN_POINT ( 'NONE',  ( -181.9431457505075969, -5.656854249492385911, 8.954857864376265297 ) ) ;
#542 = DIRECTION ( 'NONE',  ( -0.002499992187536597289, -0.9999968750146484009, 0.000000000000000000 ) ) ;
#543 = AXIS2_PLACEMENT_3D ( 'NONE', #1613, #2743, #1331 ) ;
#544 = ORIENTED_EDGE ( 'NONE', *, *, #1840, .T. ) ;
#545 = VERTEX_POINT ( 'NONE', #1513 ) ;
#546 = ORIENTED_EDGE ( 'NONE', *, *, #2571, .T. ) ;
#547 = DIRECTION ( 'NONE',  ( 0.000000000000000000, -1.000000000000000000, 0.000000000000000000 ) ) ;
#548 = EDGE_CURVE ( 'NONE', #1973, #731, #934, .T. ) ;
#549 = ORIENTED_EDGE ( 'NONE', *, *, #1086, .T. ) ;
#550 = ADVANCED_FACE ( 'NONE', ( #2660 ), #2253, .T. ) ;
#551 = CIRCLE ( 'NONE', #1458, 4.500000000000000888 ) ;
#552 = CARTESIAN_POINT ( 'NONE',  ( -0.5087598728947482218, 14.36991978354561361, 9.616532972576086635 ) ) ;
#553 = AXIS2_PLACEMENT_3D ( 'NONE', #2249, #2019, #2939 ) ;
#554 = CARTESIAN_POINT ( 'NONE',  ( -200.0000000000000000, 13.00000000000000355, 1.622116271285041655 ) ) ;
#555 = EDGE_CURVE ( 'NONE', #1536, #2828, #2443, .T. ) ;
#556 = CIRCLE ( 'NONE', #2525, 1.000000000000000888 ) ;
#557 = AXIS2_PLACEMENT_3D ( 'NONE', #2146, #1040, #2635 ) ;
#558 = CARTESIAN_POINT ( 'NONE',  ( -186.5902986137944595, 4.499999999999992895, 8.966475746534484870 ) ) ;
#559 = CARTESIAN_POINT ( 'NONE',  ( 2.000000000000000000, -19.00000000000000000, -18.99999999999999645 ) ) ;
#560 = CARTESIAN_POINT ( 'NONE',  ( -199.9999999999999716, -13.00000000000000533, 8.378682735421026706 ) ) ;
#561 = ORIENTED_EDGE ( 'NONE', *, *, #835, .T. ) ;
#562 = ORIENTED_EDGE ( 'NONE', *, *, #1211, .F. ) ;
#563 = ORIENTED_EDGE ( 'NONE', *, *, #589, .T. ) ;
#564 = EDGE_CURVE ( 'NONE', #804, #2460, #1562, .T. ) ;
#565 = CARTESIAN_POINT ( 'NONE',  ( -200.0011000000000081, 15.00000000000000000, 13.40000000000000746 ) ) ;
#566 = ADVANCED_FACE ( 'NONE', ( #2449 ), #2723, .F. ) ;
#567 = ORIENTED_EDGE ( 'NONE', *, *, #899, .F. ) ;
#568 = CARTESIAN_POINT ( 'NONE',  ( -0.9608576055658013537, 13.16169551497516466, -10.02389113857264746 ) ) ;
#569 = CARTESIAN_POINT ( 'NONE',  ( -1.500000000000000000, 11.00374531250733234, -6.927058765924232198 ) ) ;
#570 = DIRECTION ( 'NONE',  ( 0.000000000000000000, 0.000000000000000000, 1.000000000000000000 ) ) ;
#571 = CARTESIAN_POINT ( 'NONE',  ( -189.9332887455417449, -2.266285407189913226, 8.974833221863852017 ) ) ;
#572 = CARTESIAN_POINT ( 'NONE',  ( -200.0011000000000081, 15.00000000000000711, -15.00000000000000355 ) ) ;
#573 =( BOUNDED_CURVE ( )  B_SPLINE_CURVE ( 3, ( #2062, #1589, #1341, #1328 ),
 .UNSPECIFIED., .F., .F. ) 
 B_SPLINE_CURVE_WITH_KNOTS ( ( 4, 4 ),
 ( 0.000000000000000000, 3.141592653589793116 ),
 .UNSPECIFIED. ) 
 CURVE ( )  GEOMETRIC_REPRESENTATION_ITEM ( )  RATIONAL_B_SPLINE_CURVE ( ( 1.000000000000000000, 0.3333333333333333703, 0.3333333333333333703, 1.000000000000000000 ) ) 
 REPRESENTATION_ITEM ( '' )  );
#574 = VERTEX_POINT ( 'NONE', #1982 ) ;
#575 = ORIENTED_EDGE ( 'NONE', *, *, #1811, .F. ) ;
#576 = ORIENTED_EDGE ( 'NONE', *, *, #1502, .F. ) ;
#577 = DIRECTION ( 'NONE',  ( 0.000000000000000000, -1.734723475976807341E-16, -1.000000000000000000 ) ) ;
#578 = ADVANCED_FACE ( 'NONE', ( #2901 ), #2463, .T. ) ;
#579 = EDGE_LOOP ( 'NONE', ( #2584, #2838, #895, #2320 ) ) ;
#580 = ORIENTED_EDGE ( 'NONE', *, *, #1578, .F. ) ;
#581 = CARTESIAN_POINT ( 'NONE',  ( -0.1893204163876598956, 14.24095255342235511, 10.74457153205330151 ) ) ;
#582 = VECTOR ( 'NONE', #1372, 1000.000000000000000 ) ;
#583 = CYLINDRICAL_SURFACE ( 'NONE', #200, 1.000000000000000000 ) ;
#584 = AXIS2_PLACEMENT_3D ( 'NONE', #1756, #2190, #2913 ) ;
#585 = DIRECTION ( 'NONE',  ( 0.04744650456979702946, 0.000000000000000000, 0.9988737804167793222 ) ) ;
#586 = VECTOR ( 'NONE', #2941, 1000.000000000000000 ) ;
#587 = CIRCLE ( 'NONE', #2754, 1.000000000000000888 ) ;
#588 = CARTESIAN_POINT ( 'NONE',  ( -189.8959708111080431, 1.046634135043893021, 8.974739927027847841 ) ) ;
#589 = EDGE_CURVE ( 'NONE', #2025, #2441, #1315, .T. ) ;
#590 = CARTESIAN_POINT ( 'NONE',  ( -0.000000000000000000, 15.50000000000000355, -2.688821387764051785E-15 ) ) ;
#591 = ORIENTED_EDGE ( 'NONE', *, *, #2530, .F. ) ;
#592 = ORIENTED_EDGE ( 'NONE', *, *, #899, .T. ) ;
#593 = ORIENTED_EDGE ( 'NONE', *, *, #1387, .T. ) ;
#594 = CARTESIAN_POINT ( 'NONE',  ( 0.000000000000000000, -15.49999999999999112, -10.00000000000000178 ) ) ;
#595 = DIRECTION ( 'NONE',  ( 1.000000000000000000, 0.000000000000000000, 0.000000000000000000 ) ) ;
#596 = ORIENTED_EDGE ( 'NONE', *, *, #2219, .T. ) ;
#597 = ORIENTED_EDGE ( 'NONE', *, *, #122, .F. ) ;
#598 = DIRECTION ( 'NONE',  ( 0.000000000000000000, 0.000000000000000000, -1.000000000000000000 ) ) ;
#599 = CARTESIAN_POINT ( 'NONE',  ( -1.244429753627695368, 13.98988889107403821, -9.916762720661600028 ) ) ;
#600 = AXIS2_PLACEMENT_3D ( 'NONE', #2837, #2157, #769 ) ;
#601 = CARTESIAN_POINT ( 'NONE',  ( -182.0000000000000000, 0.000000000000000000, 9.453751562497554772 ) ) ;
#602 = AXIS2_PLACEMENT_3D ( 'NONE', #745, #1379, #1203 ) ;
#603 = EDGE_CURVE ( 'NONE', #2929, #1522, #1787, .T. ) ;
#604 = DIRECTION ( 'NONE',  ( -1.000000000000000000, 0.000000000000000000, 0.000000000000000000 ) ) ;
#605 = CARTESIAN_POINT ( 'NONE',  ( -1.500000000000000000, 0.000000000000000000, -11.42687382958756359 ) ) ;
#606 = ADVANCED_FACE ( 'NONE', ( #2690 ), #831, .F. ) ;
#607 = ORIENTED_EDGE ( 'NONE', *, *, #953, .T. ) ;
#608 = VERTEX_POINT ( 'NONE', #1035 ) ;
#609 = ADVANCED_FACE ( 'NONE', ( #1966 ), #1529, .F. ) ;
#610 = ORIENTED_EDGE ( 'NONE', *, *, #1297, .F. ) ;
#611 = DIRECTION ( 'NONE',  ( -0.000000000000000000, 1.000000000000000000, 0.000000000000000000 ) ) ;
#612 = DIRECTION ( 'NONE',  ( 0.000000000000000000, 0.000000000000000000, 1.000000000000000000 ) ) ;
#613 = ORIENTED_EDGE ( 'NONE', *, *, #338, .T. ) ;
#614 = VERTEX_POINT ( 'NONE', #2028 ) ;
#615 = DIRECTION ( 'NONE',  ( 1.000000000000000000, 0.000000000000000000, 0.000000000000000000 ) ) ;
#616 = CARTESIAN_POINT ( 'NONE',  ( -0.7054604883064433674, 14.22417010649077085, -9.300490673738908143 ) ) ;
#617 = CARTESIAN_POINT ( 'NONE',  ( -182.0000000000000000, 0.000000000000000000, 11.49999999999999645 ) ) ;
#618 = EDGE_CURVE ( 'NONE', #842, #97, #2930, .T. ) ;
#619 = CARTESIAN_POINT ( 'NONE',  ( 0.000000000000000000, 15.50000000000000533, 11.49999999999999822 ) ) ;
#620 = ADVANCED_FACE ( 'NONE', ( #661 ), #238, .T. ) ;
#621 = CARTESIAN_POINT ( 'NONE',  ( -199.0000000000000000, 12.99999999999999822, 11.00000000000000000 ) ) ;
#622 = VERTEX_POINT ( 'NONE', #1383 ) ;
#623 = ORIENTED_EDGE ( 'NONE', *, *, #2091, .F. ) ;
#624 = CARTESIAN_POINT ( 'NONE',  ( 2.000000000000000000, 19.00000000000000000, -18.99999999999999645 ) ) ;
#625 = FACE_OUTER_BOUND ( 'NONE', #718, .T. ) ;
#626 = DIRECTION ( 'NONE',  ( 0.000000000000000000, 0.000000000000000000, 1.000000000000000000 ) ) ;
#627 = ORIENTED_EDGE ( 'NONE', *, *, #2155, .T. ) ;
#628 = ORIENTED_EDGE ( 'NONE', *, *, #402, .F. ) ;
#629 = DIRECTION ( 'NONE',  ( 4.336808689942025132E-17, -1.000000000000000000, 0.000000000000000000 ) ) ;
#630 = DIRECTION ( 'NONE',  ( 0.7071067811865475727, 0.000000000000000000, 0.7071067811865475727 ) ) ;
#631 = DIRECTION ( 'NONE',  ( 1.156482317317871331E-15, 1.000000000000000000, -5.493291007259886256E-17 ) ) ;
#632 = CARTESIAN_POINT ( 'NONE',  ( -186.0000000000000000, 0.000000000000000000, -19.00099999999999767 ) ) ;
#633 = DIRECTION ( 'NONE',  ( 0.000000000000000000, 0.000000000000000000, -1.000000000000000000 ) ) ;
#634 = AXIS2_PLACEMENT_3D ( 'NONE', #210, #2295, #2026 ) ;
#635 = AXIS2_PLACEMENT_3D ( 'NONE', #9, #466, #241 ) ;
#636 = ORIENTED_EDGE ( 'NONE', *, *, #1271, .F. ) ;
#637 = CARTESIAN_POINT ( 'NONE',  ( -177.6824855787278068, 6.717514421272187342, 8.944206213946818806 ) ) ;
#638 = CARTESIAN_POINT ( 'NONE',  ( 2.000000000000000000, 0.000000000000000000, 0.000000000000000000 ) ) ;
#639 = DIRECTION ( 'NONE',  ( -0.000000000000000000, 1.734723475976807341E-16, 1.000000000000000000 ) ) ;
#640 = ORIENTED_EDGE ( 'NONE', *, *, #1428, .F. ) ;
#641 = ORIENTED_EDGE ( 'NONE', *, *, #404, .T. ) ;
#642 = DIRECTION ( 'NONE',  ( -1.000000000000000000, -2.602085213965210950E-17, -0.000000000000000000 ) ) ;
#643 = DIRECTION ( 'NONE',  ( 0.000000000000000000, 1.000000000000000000, -0.000000000000000000 ) ) ;
#644 = VECTOR ( 'NONE', #76, 1000.000000000000000 ) ;
#645 = EDGE_CURVE ( 'NONE', #95, #2615, #53, .T. ) ;
#646 = EDGE_CURVE ( 'NONE', #763, #2796, #137, .T. ) ;
#647 = EDGE_CURVE ( 'NONE', #2828, #608, #2309, .T. ) ;
#648 = CARTESIAN_POINT ( 'NONE',  ( -191.1175144212722046, -9.917514421272171532, 8.977793786053174685 ) ) ;
#649 = CARTESIAN_POINT ( 'NONE',  ( -182.0000000000000000, 0.5236931760419547555, 9.453751562498068139 ) ) ;
#650 = AXIS2_PLACEMENT_3D ( 'NONE', #1795, #2302, #653 ) ;
#651 = FACE_OUTER_BOUND ( 'NONE', #1634, .T. ) ;
#652 = VECTOR ( 'NONE', #1359, 1000.000000000000000 ) ;
#653 = DIRECTION ( 'NONE',  ( -0.7071067811865457964, 0.000000000000000000, -0.7071067811865492381 ) ) ;
#654 = CARTESIAN_POINT ( 'NONE',  ( 2.000000000000000888, 0.000000000000000000, 4.500000000000000888 ) ) ;
#655 = CARTESIAN_POINT ( 'NONE',  ( -171.4142135623730780, 0.000000000000000000, 11.00000000000000000 ) ) ;
#656 = CARTESIAN_POINT ( 'NONE',  ( -169.2928932188134468, -13.00000000000000000, 10.29289321881344854 ) ) ;
#657 = ORIENTED_EDGE ( 'NONE', *, *, #1656, .F. ) ;
#658 = CARTESIAN_POINT ( 'NONE',  ( -193.2568542494923634, 5.656854249492393016, 8.983142135623726432 ) ) ;
#659 = ORIENTED_EDGE ( 'NONE', *, *, #335, .T. ) ;
#660 = ADVANCED_FACE ( 'NONE', ( #2297 ), #253, .F. ) ;
#661 = FACE_OUTER_BOUND ( 'NONE', #2626, .T. ) ;
#662 = ADVANCED_FACE ( 'NONE', ( #1338 ), #1821, .T. ) ;
#663 = CARTESIAN_POINT ( 'NONE',  ( -191.1175144212722046, -6.717514421272190894, 8.977793786053174685 ) ) ;
#664 = CARTESIAN_POINT ( 'NONE',  ( -170.7071067811865248, 14.00000000000000355, 11.70710678118653725 ) ) ;
#665 = DIRECTION ( 'NONE',  ( -0.9988706659777674135, 0.002497176664944394942, 0.04744635663394392716 ) ) ;
#666 = DIRECTION ( 'NONE',  ( -1.000000000000000000, 0.000000000000000000, 0.000000000000000000 ) ) ;
#667 = FACE_OUTER_BOUND ( 'NONE', #2383, .T. ) ;
#668 = CYLINDRICAL_SURFACE ( 'NONE', #2618, 1.599999999999990319 ) ;
#669 = CARTESIAN_POINT ( 'NONE',  ( -199.0000000000000000, 0.000000000000000000, 11.99999999999999822 ) ) ;
#670 = ORIENTED_EDGE ( 'NONE', *, *, #1086, .F. ) ;
#671 = CARTESIAN_POINT ( 'NONE',  ( -1.500000000000000000, 14.00000000000000355, -2.428612866367530721E-15 ) ) ;
#672 = VERTEX_POINT ( 'NONE', #908 ) ;
#673 = DIRECTION ( 'NONE',  ( 0.000000000000000000, 0.000000000000000000, -1.000000000000000000 ) ) ;
#674 = DIRECTION ( 'NONE',  ( -0.000000000000000000, -0.000000000000000000, 1.000000000000000000 ) ) ;
#675 = ADVANCED_FACE ( 'NONE', ( #1356 ), #1832, .F. ) ;
#676 =( BOUNDED_CURVE ( )  B_SPLINE_CURVE ( 3, ( #1159, #2355, #303, #2830 ),
 .UNSPECIFIED., .F., .F. ) 
 B_SPLINE_CURVE_WITH_KNOTS ( ( 4, 4 ),
 ( 2.356197615172813897, 3.926987692006771447 ),
 .UNSPECIFIED. ) 
 CURVE ( )  GEOMETRIC_REPRESENTATION_ITEM ( )  RATIONAL_B_SPLINE_CURVE ( ( 1.000000000000000000, 0.8047393272519839380, 0.8047393272519839380, 1.000000000000000000 ) ) 
 REPRESENTATION_ITEM ( '' )  );
#677 = CARTESIAN_POINT ( 'NONE',  ( -190.0000000000000000, 7.999999999999981348, 9.476251562497555625 ) ) ;
#678 = DIRECTION ( 'NONE',  ( -0.000000000000000000, -0.000000000000000000, 1.000000000000000000 ) ) ;
#679 = CARTESIAN_POINT ( 'NONE',  ( -0.4987531172069826213, 0.000000000000000000, -9.975062344139656645 ) ) ;
#680 = EDGE_CURVE ( 'NONE', #1058, #2797, #719, .T. ) ;
#681 = DIRECTION ( 'NONE',  ( 0.000000000000000000, -1.734723475976807094E-15, 1.000000000000000000 ) ) ;
#682 = CYLINDRICAL_SURFACE ( 'NONE', #352, 1.600000000000002531 ) ;
#683 = CIRCLE ( 'NONE', #868, 1.599999999999990319 ) ;
#684 = CIRCLE ( 'NONE', #2362, 2.000000000000000000 ) ;
#685 = ORIENTED_EDGE ( 'NONE', *, *, #1297, .T. ) ;
#686 = CARTESIAN_POINT ( 'NONE',  ( -190.0568542494924031, 5.656854249492393016, 8.975142135623725537 ) ) ;
#687 = ORIENTED_EDGE ( 'NONE', *, *, #2716, .T. ) ;
#688 = DIRECTION ( 'NONE',  ( 0.9999937500585932559, 0.002499984375146459270, -0.002499984375146459270 ) ) ;
#689 = CARTESIAN_POINT ( 'NONE',  ( -199.0000000000000000, -13.00000000000000000, 0.9512492197250302928 ) ) ;
#690 = CARTESIAN_POINT ( 'NONE',  ( -193.2568542494923634, 5.656854249492393016, 8.983142135623726432 ) ) ;
#691 = AXIS2_PLACEMENT_3D ( 'NONE', #2633, #604, #1485 ) ;
#692 = EDGE_CURVE ( 'NONE', #1695, #384, #1143, .T. ) ;
#693 = CARTESIAN_POINT ( 'NONE',  ( -182.0692112466462333, 2.266285407189978507, 8.955173028116615086 ) ) ;
#694 = APPLICATION_CONTEXT ( 'automotive_design' ) ;
#695 = DIRECTION ( 'NONE',  ( 0.000000000000000000, 0.000000000000000000, 1.000000000000000000 ) ) ;
#696 = CARTESIAN_POINT ( 'NONE',  ( 0.000000000000000000, 15.50000000000000533, 11.49999999999999822 ) ) ;
#697 = AXIS2_PLACEMENT_3D ( 'NONE', #2953, #2258, #201 ) ;
#698 = DIRECTION ( 'NONE',  ( 0.000000000000000000, 0.000000000000000000, -1.000000000000000000 ) ) ;
#699 = DIRECTION ( 'NONE',  ( 0.000000000000000000, 1.000000000000000000, 0.000000000000000000 ) ) ;
#700 = CIRCLE ( 'NONE', #1610, 1.600000000000000755 ) ;
#701 = VECTOR ( 'NONE', #1647, 1000.000000000000000 ) ;
#702 = ORIENTED_EDGE ( 'NONE', *, *, #1911, .F. ) ;
#703 = CARTESIAN_POINT ( 'NONE',  ( -181.5012499960937760, -8.999999999999984013, 8.953753124990234014 ) ) ;
#704 = EDGE_LOOP ( 'NONE', ( #405, #613, #1648, #544 ) ) ;
#705 = DIRECTION ( 'NONE',  ( 1.000000000000000000, 2.602085213965210642E-17, 1.734723475976807094E-17 ) ) ;
#706 = FACE_OUTER_BOUND ( 'NONE', #498, .T. ) ;
#707 = CARTESIAN_POINT ( 'NONE',  ( -0.3004997388710375916, 14.57817991756932408, 9.963633195948720100 ) ) ;
#708 = CYLINDRICAL_SURFACE ( 'NONE', #177, 0.9999999999999991118 ) ;
#709 = PRODUCT_DEFINITION ( 'UNKNOWN', '', #2859, #1533 ) ;
#710 = EDGE_CURVE ( 'NONE', #614, #399, #2369, .T. ) ;
#711 = EDGE_CURVE ( 'NONE', #1522, #95, #2966, .T. ) ;
#712 = DIRECTION ( 'NONE',  ( -1.000000000000000000, 0.000000000000000000, 0.000000000000000000 ) ) ;
#713 = DIRECTION ( 'NONE',  ( 0.000000000000000000, 0.000000000000000000, -1.000000000000000000 ) ) ;
#714 = CARTESIAN_POINT ( 'NONE',  ( 2.000000000000000000, 19.00000000000000000, -18.99999999999999645 ) ) ;
#715 = DIRECTION ( 'NONE',  ( 0.000000000000000000, -1.734723475976807341E-16, -1.000000000000000000 ) ) ;
#716 = ORIENTED_EDGE ( 'NONE', *, *, #1075, .T. ) ;
#717 = CARTESIAN_POINT ( 'NONE',  ( -200.0000000000000000, 0.000000000000000000, 11.00000000000000000 ) ) ;
#718 = EDGE_LOOP ( 'NONE', ( #2368, #1000, #1571, #2601 ) ) ;
#719 = LINE ( 'NONE', #239, #754 ) ;
#720 = DIRECTION ( 'NONE',  ( 0.000000000000000000, -1.000000000000000000, 0.000000000000000000 ) ) ;
#721 = VERTEX_POINT ( 'NONE', #1003 ) ;
#722 = DIRECTION ( 'NONE',  ( 1.000000000000000000, -2.775557561562893875E-14, 0.000000000000000000 ) ) ;
#723 = CARTESIAN_POINT ( 'NONE',  ( 0.000000000000000000, 11.00374531250733057, -6.927058765924231309 ) ) ;
#724 = LINE ( 'NONE', #1690, #128 ) ;
#725 = CIRCLE ( 'NONE', #1295, 1.000000000000000888 ) ;
#726 = DIRECTION ( 'NONE',  ( -1.000000000000000000, 0.000000000000000000, 0.000000000000000000 ) ) ;
#727 = LINE ( 'NONE', #14, #1242 ) ;
#728 = DIRECTION ( 'NONE',  ( 0.7071067811865475727, 0.000000000000000000, 0.7071067811865475727 ) ) ;
#729 = EDGE_LOOP ( 'NONE', ( #371, #2351, #2305, #2266 ) ) ;
#730 = ORIENTED_EDGE ( 'NONE', *, *, #1591, .T. ) ;
#731 = VERTEX_POINT ( 'NONE', #984 ) ;
#732 = VECTOR ( 'NONE', #782, 1000.000000000000000 ) ;
#733 = CARTESIAN_POINT ( 'NONE',  ( 0.000000000000000000, -15.49999999999999112, -11.42687382958756359 ) ) ;
#734 = CARTESIAN_POINT ( 'NONE',  ( -0.3112350363408752374, -14.51715962224074552, 10.51715962224074907 ) ) ;
#735 = VECTOR ( 'NONE', #2488, 1000.000000000000000 ) ;
#736 = VERTEX_POINT ( 'NONE', #127 ) ;
#737 = DIRECTION ( 'NONE',  ( 1.000000000000000000, -0.000000000000000000, -0.000000000000000000 ) ) ;
#738 = APPLICATION_CONTEXT ( 'automotive_design' ) ;
#739 = EDGE_CURVE ( 'NONE', #1973, #418, #2143, .T. ) ;
#740 = EDGE_CURVE ( 'NONE', #2910, #2929, #556, .T. ) ;
#741 = DIRECTION ( 'NONE',  ( 0.000000000000000000, 0.000000000000000000, 1.000000000000000000 ) ) ;
#742 = FACE_BOUND ( 'NONE', #490, .T. ) ;
#743 = LINE ( 'NONE', #559, #2030 ) ;
#744 = CARTESIAN_POINT ( 'NONE',  ( -200.0000000000000000, -13.00000000000000178, 9.999999999999994671 ) ) ;
#745 = CARTESIAN_POINT ( 'NONE',  ( -1.375155957640269211, 13.00311915280538955, -8.929992982392953138 ) ) ;
#746 = ORIENTED_EDGE ( 'NONE', *, *, #1672, .F. ) ;
#747 = EDGE_LOOP ( 'NONE', ( #1873, #1650, #2442, #1754 ) ) ;
#748 = ORIENTED_EDGE ( 'NONE', *, *, #1363, .T. ) ;
#749 = CARTESIAN_POINT ( 'NONE',  ( -191.1175144212722046, -6.717514421272190894, 8.977793786053174685 ) ) ;
#750 = AXIS2_PLACEMENT_3D ( 'NONE', #2789, #2107, #944 ) ;
#751 = ADVANCED_FACE ( 'NONE', ( #1682 ), #994, .T. ) ;
#752 = EDGE_CURVE ( 'NONE', #1724, #2059, #1699, .T. ) ;
#753 = ORIENTED_EDGE ( 'NONE', *, *, #1729, .F. ) ;
#754 = VECTOR ( 'NONE', #463, 1000.000000000000000 ) ;
#755 = EDGE_CURVE ( 'NONE', #2615, #1947, #774, .T. ) ;
#756 = CARTESIAN_POINT ( 'NONE',  ( -1.508301290471210088, -12.99999999999999112, -9.924584935476442382 ) ) ;
#757 = CARTESIAN_POINT ( 'NONE',  ( -199.0000000000000000, -14.00000000000000000, 9.999999999999994671 ) ) ;
#758 = DIRECTION ( 'NONE',  ( 0.9999937500585930339, -0.002499984375146459270, -0.002499984375146458836 ) ) ;
#759 = CARTESIAN_POINT ( 'NONE',  ( -181.5012499961019614, -0.5891548230467504865, 8.953753124990253554 ) ) ;
#760 = CARTESIAN_POINT ( 'NONE',  ( -178.7431457505076082, -5.656854249492385911, -19.00099999999999767 ) ) ;
#761 = ORIENTED_EDGE ( 'NONE', *, *, #2833, .F. ) ;
#762 = ORIENTED_EDGE ( 'NONE', *, *, #1631, .F. ) ;
#763 = VERTEX_POINT ( 'NONE', #2397 ) ;
#764 = CARTESIAN_POINT ( 'NONE',  ( -80.20710678118629744, 13.99999999999998579, -80.20710678118653902 ) ) ;
#765 = CARTESIAN_POINT ( 'NONE',  ( -0.4927344265465579687, -14.32681842705136077, 10.32681842705136610 ) ) ;
#766 = EDGE_LOOP ( 'NONE', ( #40, #2462, #2340, #1931 ) ) ;
#767 = CARTESIAN_POINT ( 'NONE',  ( -0.3042313546602140040, -11.00075589089398242, -6.983857776577869991 ) ) ;
#768 = CARTESIAN_POINT ( 'NONE',  ( -199.0499376169439074, 12.99999999999999645, -0.04750311915281478503 ) ) ;
#769 = DIRECTION ( 'NONE',  ( 1.000000000000000000, 0.000000000000000000, 0.000000000000000000 ) ) ;
#770 = ADVANCED_FACE ( 'NONE', ( #1447 ), #1432, .F. ) ;
#771 = ORIENTED_EDGE ( 'NONE', *, *, #85, .F. ) ;
#772 = EDGE_LOOP ( 'NONE', ( #1324, #2428, #893, #386 ) ) ;
#773 = EDGE_LOOP ( 'NONE', ( #530, #372, #520, #69 ) ) ;
#774 = LINE ( 'NONE', #1951, #2700 ) ;
#775 = ORIENTED_EDGE ( 'NONE', *, *, #1516, .F. ) ;
#776 = CARTESIAN_POINT ( 'NONE',  ( 0.000000000000000000, 15.50000000000000888, 11.50000000000000000 ) ) ;
#777 = DIRECTION ( 'NONE',  ( -0.9987523388778446476, -3.465118257876281507E-17, 0.04993761694389221156 ) ) ;
#778 = AXIS2_PLACEMENT_3D ( 'NONE', #989, #60, #1227 ) ;
#779 = VECTOR ( 'NONE', #2299, 1000.000000000000000 ) ;
#780 = EDGE_CURVE ( 'NONE', #2344, #941, #2893, .T. ) ;
#781 = CARTESIAN_POINT ( 'NONE',  ( -187.1791154801886989, 4.382877043152094920, 8.967947788700470824 ) ) ;
#782 = DIRECTION ( 'NONE',  ( 1.000000000000000000, -0.000000000000000000, -0.000000000000000000 ) ) ;
#783 = CARTESIAN_POINT ( 'NONE',  ( -200.0000000000000000, -11.50000468747803062, 8.999999999999994671 ) ) ;
#784 = VECTOR ( 'NONE', #2348, 1000.000000000000000 ) ;
#785 = ORIENTED_EDGE ( 'NONE', *, *, #1933, .T. ) ;
#786 = ORIENTED_EDGE ( 'NONE', *, *, #437, .T. ) ;
#787 = VERTEX_POINT ( 'NONE', #2175 ) ;
#788 = DIRECTION ( 'NONE',  ( 0.000000000000000000, -1.734723475976807341E-16, -1.000000000000000000 ) ) ;
#789 = VERTEX_POINT ( 'NONE', #1207 ) ;
#790 = CIRCLE ( 'NONE', #2522, 1.599999999999990319 ) ;
#791 = LINE ( 'NONE', #1955, #2620 ) ;
#792 = CARTESIAN_POINT ( 'NONE',  ( -0.4634676607848379759, 14.35548061463021874, -10.28235444421810918 ) ) ;
#793 = VECTOR ( 'NONE', #1866, 1000.000000000000000 ) ;
#794 = AXIS2_PLACEMENT_3D ( 'NONE', #2777, #62, #728 ) ;
#795 = CARTESIAN_POINT ( 'NONE',  ( -2.685365140658391572E-16, -14.65573895094109247, -10.01977208115606999 ) ) ;
#796 = CARTESIAN_POINT ( 'NONE',  ( 1.821459649775646463E-16, -12.99999999999999645, 8.999999999999998224 ) ) ;
#797 = CARTESIAN_POINT ( 'NONE',  ( -190.0000000000000000, -0.5236931760418599424, 9.476251562497044034 ) ) ;
#798 = DIRECTION ( 'NONE',  ( -0.000000000000000000, 1.000000000000000000, -0.000000000000000000 ) ) ;
#799 = EDGE_CURVE ( 'NONE', #922, #2797, #1544, .T. ) ;
#800 = EDGE_LOOP ( 'NONE', ( #181, #2507, #2070, #166 ) ) ;
#801 = CARTESIAN_POINT ( 'NONE',  ( 0.000000000000000000, 15.00000000000000711, -15.00000000000000355 ) ) ;
#802 = ORIENTED_EDGE ( 'NONE', *, *, #1144, .T. ) ;
#803 = DIRECTION ( 'NONE',  ( 1.000000000000000000, -0.000000000000000000, 0.000000000000000000 ) ) ;
#804 = VERTEX_POINT ( 'NONE', #66 ) ;
#805 = CARTESIAN_POINT ( 'NONE',  ( -1.401824117758397659, 13.00000000000270006, 9.999999999999998224 ) ) ;
#806 = CARTESIAN_POINT ( 'NONE',  ( -172.0000000000000000, 13.00000000000000000, 13.00000000000001599 ) ) ;
#807 = CYLINDRICAL_SURFACE ( 'NONE', #452, 0.9999999999999991118 ) ;
#808 = FACE_OUTER_BOUND ( 'NONE', #1864, .T. ) ;
#809 = EDGE_LOOP ( 'NONE', ( #2432, #1913, #430, #1416, #1059, #1020 ) ) ;
#810 = CARTESIAN_POINT ( 'NONE',  ( -1.549937616943897645, -13.99999999999999112, -9.922503119152809248 ) ) ;
#811 = VERTEX_POINT ( 'NONE', #1221 ) ;
#812 = ORIENTED_EDGE ( 'NONE', *, *, #1362, .T. ) ;
#813 = DIRECTION ( 'NONE',  ( -1.224646799147353207E-16, 1.000000000000000000, 0.000000000000000000 ) ) ;
#814 = CIRCLE ( 'NONE', #438, 1.600000000000000755 ) ;
#815 = CARTESIAN_POINT ( 'NONE',  ( -0.03656890918307580812, 15.11985627179685565, -10.79330094924865691 ) ) ;
#816 = ADVANCED_FACE ( 'NONE', ( #1652 ), #501, .F. ) ;
#817 = AXIS2_PLACEMENT_3D ( 'NONE', #1194, #1232, #2385 ) ;
#818 = EDGE_CURVE ( 'NONE', #399, #516, #1789, .T. ) ;
#819 = PLANE ( 'NONE',  #355 ) ;
#820 = ADVANCED_FACE ( 'NONE', ( #969 ), #1667, .F. ) ;
#821 = AXIS2_PLACEMENT_3D ( 'NONE', #1080, #429, #2447 ) ;
#822 = DIRECTION ( 'NONE',  ( -2.602085213965213107E-17, 1.000000000000000000, 0.000000000000000000 ) ) ;
#823 = CARTESIAN_POINT ( 'NONE',  ( 0.02124986718832987120, 0.000000000000000000, 8.499946875332030416 ) ) ;
#824 = ORIENTED_EDGE ( 'NONE', *, *, #2020, .F. ) ;
#825 = CARTESIAN_POINT ( 'NONE',  ( -1.499865093326906429, -13.99896279244291364, -9.925006745333611491 ) ) ;
#826 = ORIENTED_EDGE ( 'NONE', *, *, #2494, .T. ) ;
#827 = FACE_OUTER_BOUND ( 'NONE', #800, .T. ) ;
#828 = VECTOR ( 'NONE', #1548, 1000.000000000000000 ) ;
#829 = CARTESIAN_POINT ( 'NONE',  ( -168.5857864376268935, 13.00000000000000000, 9.999999999999994671 ) ) ;
#830 = ORIENTED_EDGE ( 'NONE', *, *, #1811, .T. ) ;
#831 = CYLINDRICAL_SURFACE ( 'NONE', #274, 1.500000000000000000 ) ;
#832 = AXIS2_PLACEMENT_3D ( 'NONE', #2398, #1478, #595 ) ;
#833 = CARTESIAN_POINT ( 'NONE',  ( -1.425093574584161971, 14.00187149168323408, -8.929992982392953138 ) ) ;
#834 = EDGE_CURVE ( 'NONE', #1760, #1028, #2599, .T. ) ;
#835 = EDGE_CURVE ( 'NONE', #2546, #2011, #485, .T. ) ;
#836 = VECTOR ( 'NONE', #1321, 1000.000000000000000 ) ;
#837 = CARTESIAN_POINT ( 'NONE',  ( 2.000000000000000000, 15.00000000000000000, 15.00000000000001066 ) ) ;
#838 = VECTOR ( 'NONE', #1678, 1000.000000000000000 ) ;
#839 = CARTESIAN_POINT ( 'NONE',  ( -189.9332887455412902, 2.266285407189972734, 8.974833221863850241 ) ) ;
#840 = CARTESIAN_POINT ( 'NONE',  ( -6.071532165918827789E-16, 14.00000000000000533, 11.00000000000000000 ) ) ;
#841 = ORIENTED_EDGE ( 'NONE', *, *, #1327, .T. ) ;
#842 = VERTEX_POINT ( 'NONE', #2897 ) ;
#843 = CARTESIAN_POINT ( 'NONE',  ( 2.000000000000000000, -19.00000000000000000, 19.00000000000000355 ) ) ;
#844 = FACE_BOUND ( 'NONE', #237, .T. ) ;
#845 =( BOUNDED_CURVE ( )  B_SPLINE_CURVE ( 3, ( #395, #2227, #2470, #2274 ),
 .UNSPECIFIED., .F., .F. ) 
 B_SPLINE_CURVE_WITH_KNOTS ( ( 4, 4 ),
 ( 3.141592653589793116, 4.712388980384689674 ),
 .UNSPECIFIED. ) 
 CURVE ( )  GEOMETRIC_REPRESENTATION_ITEM ( )  RATIONAL_B_SPLINE_CURVE ( ( 1.000000000000000000, 0.8047378541243649375, 0.8047378541243649375, 1.000000000000000000 ) ) 
 REPRESENTATION_ITEM ( '' )  );
#846 = CARTESIAN_POINT ( 'NONE',  ( -200.0000000000000000, 13.00000000000000178, 0.9999999999999947820 ) ) ;
#847 = VERTEX_POINT ( 'NONE', #182 ) ;
#848 = ORIENTED_EDGE ( 'NONE', *, *, #711, .F. ) ;
#849 = CARTESIAN_POINT ( 'NONE',  ( -171.4142135623730780, 12.99999999999999822, 10.99999999999999645 ) ) ;
#850 = CARTESIAN_POINT ( 'NONE',  ( -200.0011000000000081, 0.000000000000000000, -4.000000000000000000 ) ) ;
#851 = CARTESIAN_POINT ( 'NONE',  ( 0.000000000000000000, -19.00000000000000000, -18.99999999999999645 ) ) ;
#852 = CARTESIAN_POINT ( 'NONE',  ( -170.9999999999999716, -13.00000000000000178, 11.99999999999999822 ) ) ;
#853 = DIRECTION ( 'NONE',  ( -0.002499992187536596855, 0.000000000000000000, -0.9999968750146484009 ) ) ;
#854 = EDGE_LOOP ( 'NONE', ( #299, #209, #1786, #1780 ) ) ;
#855 = EDGE_LOOP ( 'NONE', ( #1094, #748, #2748, #529 ) ) ;
#856 = CARTESIAN_POINT ( 'NONE',  ( -1.425093574584161527, -14.00187149168322520, -8.929992982392953138 ) ) ;
#857 = DIRECTION ( 'NONE',  ( 0.000000000000000000, 0.000000000000000000, 1.000000000000000000 ) ) ;
#858 = ADVANCED_FACE ( 'NONE', ( #1044 ), #194, .F. ) ;
#859 = EDGE_CURVE ( 'NONE', #721, #1421, #2472, .T. ) ;
#860 = CARTESIAN_POINT ( 'NONE',  ( -168.5857864376268935, -0.000000000000000000, 10.99999999999999645 ) ) ;
#861 = EDGE_CURVE ( 'NONE', #1964, #2395, #1392, .T. ) ;
#862 = ORIENTED_EDGE ( 'NONE', *, *, #1898, .T. ) ;
#863 = ORIENTED_EDGE ( 'NONE', *, *, #645, .F. ) ;
#864 = DIRECTION ( 'NONE',  ( 1.000000000000000000, 0.000000000000000000, 0.000000000000000000 ) ) ;
#865 = SPHERICAL_SURFACE ( 'NONE', #1736, 1.500000000000000000 ) ;
#866 = AXIS2_PLACEMENT_3D ( 'NONE', #837, #1025, #1957 ) ;
#867 = CARTESIAN_POINT ( 'NONE',  ( -194.3175144212721932, -6.717514421272190894, 8.985793786053175580 ) ) ;
#868 = AXIS2_PLACEMENT_3D ( 'NONE', #204, #1107, #479 ) ;
#869 = CARTESIAN_POINT ( 'NONE',  ( -169.9999999999999716, 12.99999999999999822, 9.585786437626902412 ) ) ;
#870 = DIRECTION ( 'NONE',  ( -0.9999968750146484009, -0.002499992187536596855, 0.000000000000000000 ) ) ;
#871 = AXIS2_PLACEMENT_3D ( 'NONE', #1568, #2915, #626 ) ;
#872 = CIRCLE ( 'NONE', #2935, 1.500000000000000222 ) ;
#873 = EDGE_CURVE ( 'NONE', #445, #1258, #2003, .T. ) ;
#874 = CARTESIAN_POINT ( 'NONE',  ( -200.0000000000000000, -11.50000468747803062, 8.999999999999994671 ) ) ;
#875 = DIRECTION ( 'NONE',  ( -0.000000000000000000, -1.734723475976807094E-16, 1.000000000000000000 ) ) ;
#876 = DIRECTION ( 'NONE',  ( 1.000000000000000000, 0.000000000000000000, 0.000000000000000000 ) ) ;
#877 = ORIENTED_EDGE ( 'NONE', *, *, #1270, .F. ) ;
#878 = DIRECTION ( 'NONE',  ( 0.000000000000000000, 1.000000000000000000, -0.000000000000000000 ) ) ;
#879 = ORIENTED_EDGE ( 'NONE', *, *, #2192, .T. ) ;
#880 = CARTESIAN_POINT ( 'NONE',  ( -1.235680618073219383, -13.03402587590406903, -9.947289355129971256 ) ) ;
#881 = CARTESIAN_POINT ( 'NONE',  ( -190.5012499960937760, 0.000000000000000000, 8.976253124990231314 ) ) ;
#882 = CIRCLE ( 'NONE', #2709, 4.500000000000000888 ) ;
#883 =( BOUNDED_CURVE ( )  B_SPLINE_CURVE ( 3, ( #2375, #2345, #756, #2603 ),
 .UNSPECIFIED., .F., .F. ) 
 B_SPLINE_CURVE_WITH_KNOTS ( ( 4, 4 ),
 ( 1.520837931072950733, 1.570796326794893227 ),
 .UNSPECIFIED. ) 
 CURVE ( )  GEOMETRIC_REPRESENTATION_ITEM ( )  RATIONAL_B_SPLINE_CURVE ( ( 1.000000000000000000, 0.9997920240391404700, 0.9997920240391404700, 1.000000000000000000 ) ) 
 REPRESENTATION_ITEM ( '' )  );
#884 = AXIS2_PLACEMENT_3D ( 'NONE', #68, #1636, #2136 ) ;
#885 = CARTESIAN_POINT ( 'NONE',  ( -180.8824855787277954, 6.717514421272187342, 8.952206213946816149 ) ) ;
#886 = CARTESIAN_POINT ( 'NONE',  ( 0.5000000000000004441, 0.000000000000000000, 0.000000000000000000 ) ) ;
#887 = AXIS2_PLACEMENT_3D ( 'NONE', #2807, #2759, #45 ) ;
#888 = DIRECTION ( 'NONE',  ( 0.000000000000000000, 0.000000000000000000, 1.000000000000000000 ) ) ;
#889 = CARTESIAN_POINT ( 'NONE',  ( 1.500000000000001332, 0.000000000000000000, 0.000000000000000000 ) ) ;
#890 = CARTESIAN_POINT ( 'NONE',  ( -199.0000000000000000, 12.99999999999999645, 0.9512492197250310699 ) ) ;
#891 = ADVANCED_FACE ( 'NONE', ( #827 ), #2683, .F. ) ;
#892 = DIRECTION ( 'NONE',  ( -0.000000000000000000, -0.000000000000000000, 1.000000000000000000 ) ) ;
#893 = ORIENTED_EDGE ( 'NONE', *, *, #2589, .F. ) ;
#894 = DIRECTION ( 'NONE',  ( -0.000000000000000000, -1.734723475976807094E-16, 1.000000000000000000 ) ) ;
#895 = ORIENTED_EDGE ( 'NONE', *, *, #1389, .T. ) ;
#896 = DIRECTION ( 'NONE',  ( 0.000000000000000000, -1.000000000000000000, 0.000000000000000000 ) ) ;
#897 = CARTESIAN_POINT ( 'NONE',  ( 0.5000000000000004441, 5.510910596163089556E-16, -4.500000000000000888 ) ) ;
#898 = CARTESIAN_POINT ( 'NONE',  ( -193.2568542494923634, 5.656854249492393016, -19.00099999999999767 ) ) ;
#899 = EDGE_CURVE ( 'NONE', #1536, #622, #2248, .T. ) ;
#900 = LINE ( 'NONE', #852, #828 ) ;
#901 =( BOUNDED_CURVE ( )  B_SPLINE_CURVE ( 3, ( #2578, #1214, #1642, #263 ),
 .UNSPECIFIED., .F., .F. ) 
 B_SPLINE_CURVE_WITH_KNOTS ( ( 4, 4 ),
 ( 1.570796326794900333, 1.620754722516842827 ),
 .UNSPECIFIED. ) 
 CURVE ( )  GEOMETRIC_REPRESENTATION_ITEM ( )  RATIONAL_B_SPLINE_CURVE ( ( 1.000000000000000000, 0.9997920240391404700, 0.9997920240391404700, 1.000000000000000000 ) ) 
 REPRESENTATION_ITEM ( '' )  );
#902 = DIRECTION ( 'NONE',  ( 2.602085213965210950E-17, -1.000000000000000000, -1.734723475976807094E-16 ) ) ;
#903 = CARTESIAN_POINT ( 'NONE',  ( -200.0011000000000081, 15.00000000000000000, 15.00000000000001066 ) ) ;
#904 = CARTESIAN_POINT ( 'NONE',  ( -180.8824855787277954, 9.917514421272167979, 8.952206213946816149 ) ) ;
#905 = LINE ( 'NONE', #2458, #735 ) ;
#906 = ORIENTED_EDGE ( 'NONE', *, *, #2308, .F. ) ;
#907 = ORIENTED_EDGE ( 'NONE', *, *, #2959, .T. ) ;
#908 = CARTESIAN_POINT ( 'NONE',  ( 0.000000000000000000, 15.50000000000000178, -11.42687382958756359 ) ) ;
#909 = DIRECTION ( 'NONE',  ( 1.000000000000000000, -0.000000000000000000, -0.000000000000000000 ) ) ;
#910 = DIRECTION ( 'NONE',  ( 0.000000000000000000, 0.000000000000000000, 1.000000000000000000 ) ) ;
#911 = CARTESIAN_POINT ( 'NONE',  ( 1.500000000000001332, 0.000000000000000000, 4.500000000000000888 ) ) ;
#912 = CIRCLE ( 'NONE', #2890, 4.500000000000003553 ) ;
#913 = DIRECTION ( 'NONE',  ( 0.000000000000000000, 0.000000000000000000, -1.000000000000000000 ) ) ;
#914 = CARTESIAN_POINT ( 'NONE',  ( -1.499865093326888665, 13.99896279244278219, -9.925006745333577740 ) ) ;
#915 = CARTESIAN_POINT ( 'NONE',  ( -1.500000000000000000, 0.000000000000000000, 11.49999999999999822 ) ) ;
#916 = DIRECTION ( 'NONE',  ( 0.000000000000000000, 0.000000000000000000, -1.000000000000000000 ) ) ;
#917 = AXIS2_PLACEMENT_3D ( 'NONE', #1278, #803, #1727 ) ;
#918 = VECTOR ( 'NONE', #451, 1000.000000000000000 ) ;
#919 = PLANE ( 'NONE',  #2771 ) ;
#920 = ORIENTED_EDGE ( 'NONE', *, *, #301, .T. ) ;
#921 = DIRECTION ( 'NONE',  ( 0.000000000000000000, -1.734723475976807341E-16, -1.000000000000000000 ) ) ;
#922 = VERTEX_POINT ( 'NONE', #1769 ) ;
#923 = CARTESIAN_POINT ( 'NONE',  ( -0.7880722173787985119, -13.29382571889719777, -10.10316926092590251 ) ) ;
#924 = LINE ( 'NONE', #409, #2128 ) ;
#925 = VECTOR ( 'NONE', #1916, 1000.000000000000000 ) ;
#926 = EDGE_CURVE ( 'NONE', #1767, #2654, #374, .T. ) ;
#927 = ADVANCED_FACE ( 'NONE', ( #1091 ), #2018, .F. ) ;
#928 = LINE ( 'NONE', #1851, #2238 ) ;
#929 = DIRECTION ( 'NONE',  ( 0.000000000000000000, 0.000000000000000000, -1.000000000000000000 ) ) ;
#930 = CARTESIAN_POINT ( 'NONE',  ( -1.474782745672611917, 13.99938703312881394, -9.926260862716379307 ) ) ;
#931 = DIRECTION ( 'NONE',  ( 0.000000000000000000, 0.000000000000000000, 1.000000000000000000 ) ) ;
#932 = CARTESIAN_POINT ( 'NONE',  ( -180.8824855787277954, 6.717514421272187342, 8.952206213946816149 ) ) ;
#933 = LINE ( 'NONE', #2518, #1361 ) ;
#934 = CIRCLE ( 'NONE', #2191, 1.500000000000000000 ) ;
#935 = CIRCLE ( 'NONE', #90, 0.5000000000000004441 ) ;
#936 = VERTEX_POINT ( 'NONE', #2411 ) ;
#937 = DIRECTION ( 'NONE',  ( -0.000000000000000000, 1.000000000000000000, -0.000000000000000000 ) ) ;
#938 = EDGE_LOOP ( 'NONE', ( #1540, #305 ) ) ;
#939 = CARTESIAN_POINT ( 'NONE',  ( -0.1776703495548044576, -14.76679872666824878, -10.20487170736832105 ) ) ;
#940 = CARTESIAN_POINT ( 'NONE',  ( -1.304712087842755893E-12, -15.23817804323221559, 11.23817804323221914 ) ) ;
#941 = VERTEX_POINT ( 'NONE', #2203 ) ;
#942 = DIRECTION ( 'NONE',  ( 0.000000000000000000, -1.000000000000000000, 0.000000000000000000 ) ) ;
#943 = CARTESIAN_POINT ( 'NONE',  ( -1.500000000000000000, 14.00000000000000711, 9.999999999999998224 ) ) ;
#944 = DIRECTION ( 'NONE',  ( 0.000000000000000000, 0.000000000000000000, 1.000000000000000000 ) ) ;
#945 = CARTESIAN_POINT ( 'NONE',  ( 2.000000000000000000, -15.00000000000000000, 15.00000000000001066 ) ) ;
#946 = CARTESIAN_POINT ( 'NONE',  ( -183.5426432766070945, -3.199334171863238652, 8.958856608191721804 ) ) ;
#947 = DIRECTION ( 'NONE',  ( -1.000000000000000000, 0.000000000000000000, 0.000000000000000000 ) ) ;
#948 = DIRECTION ( 'NONE',  ( 0.9999937500585930339, 0.002499984375146458403, -0.002499984375146458836 ) ) ;
#949 = VERTEX_POINT ( 'NONE', #856 ) ;
#950 = EDGE_LOOP ( 'NONE', ( #659, #2587, #2548, #2572 ) ) ;
#951 = VERTEX_POINT ( 'NONE', #2639 ) ;
#952 = CARTESIAN_POINT ( 'NONE',  ( 0.000000000000000000, -15.18310854200877280, -11.23673895479229046 ) ) ;
#953 = EDGE_CURVE ( 'NONE', #64, #787, #1782, .T. ) ;
#954 = ADVANCED_FACE ( 'NONE', ( #2698 ), #361, .T. ) ;
#955 = ORIENTED_EDGE ( 'NONE', *, *, #603, .F. ) ;
#956 = DIRECTION ( 'NONE',  ( 2.775557561562888827E-14, 1.000000000000000000, 0.000000000000000000 ) ) ;
#957 = CARTESIAN_POINT ( 'NONE',  ( -1.500000000000000000, 14.00000000000000178, -8.923750780274964711 ) ) ;
#958 = FACE_BOUND ( 'NONE', #2943, .T. ) ;
#959 = CIRCLE ( 'NONE', #2647, 0.5000000000000004441 ) ;
#960 = DIRECTION ( 'NONE',  ( 0.000000000000000000, 0.000000000000000000, -1.000000000000000000 ) ) ;
#961 = FACE_OUTER_BOUND ( 'NONE', #2384, .T. ) ;
#962 = FACE_OUTER_BOUND ( 'NONE', #1637, .T. ) ;
#963 = ADVANCED_FACE ( 'NONE', ( #1990 ), #1976, .F. ) ;
#964 = EDGE_CURVE ( 'NONE', #287, #1666, #1524, .T. ) ;
#965 = ORIENTED_EDGE ( 'NONE', *, *, #1820, .F. ) ;
#966 = ORIENTED_EDGE ( 'NONE', *, *, #1933, .F. ) ;
#967 = VERTEX_POINT ( 'NONE', #624 ) ;
#968 = VECTOR ( 'NONE', #1060, 1000.000000000000000 ) ;
#969 = FACE_OUTER_BOUND ( 'NONE', #1603, .T. ) ;
#970 = LINE ( 'NONE', #21, #1408 ) ;
#971 = AXIS2_PLACEMENT_3D ( 'NONE', #2536, #461, #1400 ) ;
#972 = VECTOR ( 'NONE', #190, 1000.000000000000000 ) ;
#973 = EDGE_LOOP ( 'NONE', ( #2895, #991 ) ) ;
#974 = LINE ( 'NONE', #2357, #489 ) ;
#975 = DIRECTION ( 'NONE',  ( 0.000000000000000000, 1.734723475976807094E-16, -1.000000000000000000 ) ) ;
#976 =( BOUNDED_CURVE ( )  B_SPLINE_CURVE ( 3, ( #1131, #677, #435, #2482 ),
 .UNSPECIFIED., .F., .F. ) 
 B_SPLINE_CURVE_WITH_KNOTS ( ( 4, 4 ),
 ( 0.000000000000000000, 3.141592653589793116 ),
 .UNSPECIFIED. ) 
 CURVE ( )  GEOMETRIC_REPRESENTATION_ITEM ( )  RATIONAL_B_SPLINE_CURVE ( ( 1.000000000000000000, 0.3333333333333333703, 0.3333333333333333703, 1.000000000000000000 ) ) 
 REPRESENTATION_ITEM ( '' )  );
#977 = DIRECTION ( 'NONE',  ( 0.000000000000000000, 0.000000000000000000, 1.000000000000000000 ) ) ;
#978 = CARTESIAN_POINT ( 'NONE',  ( -187.1791154801886989, -4.382877043152096697, 8.967947788700470824 ) ) ;
#979 = CARTESIAN_POINT ( 'NONE',  ( -179.2824855787278011, 6.717514421272187342, 11.99999999999999822 ) ) ;
#980 = EDGE_LOOP ( 'NONE', ( #2083, #63, #2307, #2764 ) ) ;
#981 = ORIENTED_EDGE ( 'NONE', *, *, #365, .T. ) ;
#982 = STYLED_ITEM ( 'NONE', ( #1595 ), #1983 ) ;
#983 = ORIENTED_EDGE ( 'NONE', *, *, #135, .F. ) ;
#984 = CARTESIAN_POINT ( 'NONE',  ( -1.496250011718695205, 12.50374062502930350, -6.927058765924231309 ) ) ;
#985 = EDGE_LOOP ( 'NONE', ( #2766, #2204, #702, #1527, #123, #1352 ) ) ;
#986 = CYLINDRICAL_SURFACE ( 'NONE', #2604, 1.500000000000000222 ) ;
#987 = ADVANCED_FACE ( 'NONE', ( #1538 ), #2456, .F. ) ;
#988 = DIRECTION ( 'NONE',  ( 0.000000000000000000, 0.000000000000000000, 1.000000000000000000 ) ) ;
#989 = CARTESIAN_POINT ( 'NONE',  ( -179.2824855787278011, 6.717514421272187342, 11.99999999999999822 ) ) ;
#990 = LINE ( 'NONE', #1945, #2670 ) ;
#991 = ORIENTED_EDGE ( 'NONE', *, *, #89, .T. ) ;
#992 = VERTEX_POINT ( 'NONE', #1078 ) ;
#993 = VERTEX_POINT ( 'NONE', #874 ) ;
#994 = CYLINDRICAL_SURFACE ( 'NONE', #22, 0.9999999999999991118 ) ;
#995 = ORIENTED_EDGE ( 'NONE', *, *, #2742, .F. ) ;
#996 = CARTESIAN_POINT ( 'NONE',  ( -1.111076149709873562, 14.04797502647914520, 9.079958377465267461 ) ) ;
#997 = LINE ( 'NONE', #1925, #2123 ) ;
#998 = DIRECTION ( 'NONE',  ( -1.000000000000000000, 0.000000000000000000, 0.000000000000000000 ) ) ;
#999 = DIRECTION ( 'NONE',  ( 0.000000000000000000, 0.000000000000000000, -1.000000000000000000 ) ) ;
#1000 = ORIENTED_EDGE ( 'NONE', *, *, #752, .F. ) ;
#1001 = ORIENTED_EDGE ( 'NONE', *, *, #135, .T. ) ;
#1002 = VERTEX_POINT ( 'NONE', #2775 ) ;
#1003 = CARTESIAN_POINT ( 'NONE',  ( -200.0000000000000000, -13.00000000000000000, 2.501869358519128728 ) ) ;
#1004 = AXIS2_PLACEMENT_3D ( 'NONE', #843, #2883, #2215 ) ;
#1005 = EDGE_LOOP ( 'NONE', ( #1380, #2296, #812, #1895, #2867, #1649, #862, #2853 ) ) ;
#1006 = CARTESIAN_POINT ( 'NONE',  ( 0.000000000000000000, 0.000000000000000000, 0.000000000000000000 ) ) ;
#1007 = CARTESIAN_POINT ( 'NONE',  ( -0.1776703495548044576, 14.27799787778075924, -10.69367255625582303 ) ) ;
#1008 = CIRCLE ( 'NONE', #2702, 1.000000000000000888 ) ;
#1009 = TOROIDAL_SURFACE ( 'NONE', #1791, 4.500000000000000888, 0.5000000000000000000 ) ;
#1010 = EDGE_CURVE ( 'NONE', #2734, #319, #2554, .T. ) ;
#1011 = CARTESIAN_POINT ( 'NONE',  ( 2.000000000000000888, 5.510910596163088569E-16, -4.500000000000000888 ) ) ;
#1012 = DIRECTION ( 'NONE',  ( 1.000000000000000000, 2.602085213965210642E-17, 1.734723475976807094E-17 ) ) ;
#1013 = CARTESIAN_POINT ( 'NONE',  ( -190.5012499960855905, -0.5891548230467134051, 8.976253124990211774 ) ) ;
#1014 = PLANE ( 'NONE',  #2286 ) ;
#1015 = ORIENTED_EDGE ( 'NONE', *, *, #2466, .T. ) ;
#1016 = CIRCLE ( 'NONE', #2665, 0.9999999999999998890 ) ;
#1017 = FACE_OUTER_BOUND ( 'NONE', #1077, .T. ) ;
#1018 = ORIENTED_EDGE ( 'NONE', *, *, #2246, .F. ) ;
#1019 = DIRECTION ( 'NONE',  ( 0.000000000000000000, 0.000000000000000000, -1.000000000000000000 ) ) ;
#1020 = ORIENTED_EDGE ( 'NONE', *, *, #2165, .F. ) ;
#1021 = VERTEX_POINT ( 'NONE', #654 ) ;
#1022 = CARTESIAN_POINT ( 'NONE',  ( -0.5850153138310624223, 14.30733856051624642, 9.512230934193771859 ) ) ;
#1023 = VECTOR ( 'NONE', #1108, 1000.000000000000000 ) ;
#1024 = CIRCLE ( 'NONE', #1997, 1.499999999999999778 ) ;
#1025 = DIRECTION ( 'NONE',  ( 1.000000000000000000, 0.000000000000000000, 0.000000000000000000 ) ) ;
#1026 = CARTESIAN_POINT ( 'NONE',  ( -185.4764012287123478, 3.999999999999993339, 9.463528940953631619 ) ) ;
#1027 = LINE ( 'NONE', #590, #224 ) ;
#1028 = VERTEX_POINT ( 'NONE', #441 ) ;
#1029 = EDGE_LOOP ( 'NONE', ( #2489, #251, #1908 ) ) ;
#1030 = ADVANCED_FACE ( 'NONE', ( #1151 ), #1796, .F. ) ;
#1031 = EDGE_LOOP ( 'NONE', ( #1474, #2294, #2414, #185 ) ) ;
#1032 = CARTESIAN_POINT ( 'NONE',  ( -180.8824855787277954, 6.717514421272187342, 8.952206213946816149 ) ) ;
#1033 = ORIENTED_EDGE ( 'NONE', *, *, #85, .T. ) ;
#1034 = ADVANCED_FACE ( 'NONE', ( #1628 ), #2269, .T. ) ;
#1035 = CARTESIAN_POINT ( 'NONE',  ( -168.5857864376268935, -13.99999999999999822, 8.999999999999994671 ) ) ;
#1036 = DIRECTION ( 'NONE',  ( 0.04993761694389226014, 0.000000000000000000, 0.9987523388778447586 ) ) ;
#1037 = ADVANCED_FACE ( 'NONE', ( #1348 ), #456, .T. ) ;
#1038 = CARTESIAN_POINT ( 'NONE',  ( -1.500000000000000000, 13.00000000000000178, -8.923750780274964711 ) ) ;
#1039 = CARTESIAN_POINT ( 'NONE',  ( -190.5012499960937760, 0.000000000000000000, 8.976253124990231314 ) ) ;
#1040 = DIRECTION ( 'NONE',  ( 1.000000000000000000, -0.000000000000000000, -0.000000000000000000 ) ) ;
#1041 = ORIENTED_EDGE ( 'NONE', *, *, #1656, .T. ) ;
#1042 = DIRECTION ( 'NONE',  ( 1.000000000000000000, 0.000000000000000000, 0.000000000000000000 ) ) ;
#1043 = ORIENTED_EDGE ( 'NONE', *, *, #2885, .F. ) ;
#1044 = FACE_OUTER_BOUND ( 'NONE', #729, .T. ) ;
#1045 = CARTESIAN_POINT ( 'NONE',  ( -200.0011000000000081, 15.00000000000000711, -13.40000000000000036 ) ) ;
#1046 = EDGE_CURVE ( 'NONE', #951, #2279, #1186, .T. ) ;
#1047 = APPLICATION_PROTOCOL_DEFINITION ( 'draft international standard', 'automotive_design', 1998, #738 ) ;
#1048 = ADVANCED_FACE ( 'NONE', ( #667 ), #2744, .F. ) ;
#1049 = ORIENTED_EDGE ( 'NONE', *, *, #1590, .T. ) ;
#1050 = ORIENTED_EDGE ( 'NONE', *, *, #207, .F. ) ;
#1051 = CARTESIAN_POINT ( 'NONE',  ( -181.5000000000000000, 5.510910596163078709E-16, 11.49999999999999645 ) ) ;
#1052 = CARTESIAN_POINT ( 'NONE',  ( -0.7321574516294969692, 14.16158227629613009, -10.08845610588352137 ) ) ;
#1053 = AXIS2_PLACEMENT_3D ( 'NONE', #83, #2829, #2161 ) ;
#1054 = AXIS2_PLACEMENT_3D ( 'NONE', #1720, #2197, #2451 ) ;
#1055 = DIRECTION ( 'NONE',  ( -0.9988706659777675245, 0.002497176664944346369, 0.04744635663394390634 ) ) ;
#1056 = CARTESIAN_POINT ( 'NONE',  ( -0.6213203435596424962, 13.00000000000000355, 9.999999999999998224 ) ) ;
#1057 = FACE_OUTER_BOUND ( 'NONE', #2353, .T. ) ;
#1058 = VERTEX_POINT ( 'NONE', #1597 ) ;
#1059 = ORIENTED_EDGE ( 'NONE', *, *, #859, .F. ) ;
#1060 = DIRECTION ( 'NONE',  ( -0.000000000000000000, 1.734723475976807094E-16, -1.000000000000000000 ) ) ;
#1061 = AXIS2_PLACEMENT_3D ( 'NONE', #945, #1869, #2790 ) ;
#1062 = CARTESIAN_POINT ( 'NONE',  ( -1.500000000000000000, -12.99999999999999112, -8.923750780274964711 ) ) ;
#1063 = CYLINDRICAL_SURFACE ( 'NONE', #73, 1.499999999999999778 ) ;
#1064 = EDGE_LOOP ( 'NONE', ( #1041, #1521 ) ) ;
#1065 = DIRECTION ( 'NONE',  ( -4.336795137478262831E-18, 1.734718054991355730E-15, 1.000000000000000000 ) ) ;
#1066 = CARTESIAN_POINT ( 'NONE',  ( -0.03656890918307580812, 14.86642711966109509, -11.04673010138441747 ) ) ;
#1067 = AXIS2_PLACEMENT_3D ( 'NONE', #2247, #2954, #2937 ) ;
#1068 = AXIS2_PLACEMENT_3D ( 'NONE', #638, #2216, #857 ) ;
#1069 = SPHERICAL_SURFACE ( 'NONE', #1054, 1.000000000000000000 ) ;
#1070 = VECTOR ( 'NONE', #449, 1000.000000000000000 ) ;
#1071 = VECTOR ( 'NONE', #234, 1000.000000000000000 ) ;
#1072 = DIRECTION ( 'NONE',  ( 1.000000000000000000, 0.000000000000000000, 0.000000000000000000 ) ) ;
#1073 = EDGE_CURVE ( 'NONE', #1878, #1002, #2516, .T. ) ;
#1074 = CYLINDRICAL_SURFACE ( 'NONE', #1708, 1.500000000000000444 ) ;
#1075 = EDGE_CURVE ( 'NONE', #1695, #2410, #1929, .T. ) ;
#1076 = ORIENTED_EDGE ( 'NONE', *, *, #188, .T. ) ;
#1077 = EDGE_LOOP ( 'NONE', ( #1890, #109, #1355, #2400 ) ) ;
#1078 = CARTESIAN_POINT ( 'NONE',  ( -169.2928932188134468, 13.00000000000000000, 10.29289321881344854 ) ) ;
#1079 = FACE_OUTER_BOUND ( 'NONE', #2636, .T. ) ;
#1080 = CARTESIAN_POINT ( 'NONE',  ( -191.6568542494923975, 5.656854249492393016, -19.00099999999999767 ) ) ;
#1081 = ORIENTED_EDGE ( 'NONE', *, *, #555, .F. ) ;
#1082 = ORIENTED_EDGE ( 'NONE', *, *, #512, .T. ) ;
#1083 = CARTESIAN_POINT ( 'NONE',  ( -1.500000000000000000, 0.000000000000000000, -6.927058765924231309 ) ) ;
#1084 = CARTESIAN_POINT ( 'NONE',  ( -1.016676510346951723, -13.12768473998188945, 10.07661084398919193 ) ) ;
#1085 = DIRECTION ( 'NONE',  ( -1.000000000000000000, -0.000000000000000000, -0.000000000000000000 ) ) ;
#1086 = EDGE_CURVE ( 'NONE', #1845, #2387, #683, .T. ) ;
#1087 =( BOUNDED_CURVE ( )  B_SPLINE_CURVE ( 3, ( #1200, #1187, #2317, #1675 ),
 .UNSPECIFIED., .F., .F. ) 
 B_SPLINE_CURVE_WITH_KNOTS ( ( 4, 4 ),
 ( 3.141592653589793116, 6.283185307179586232 ),
 .UNSPECIFIED. ) 
 CURVE ( )  GEOMETRIC_REPRESENTATION_ITEM ( )  RATIONAL_B_SPLINE_CURVE ( ( 1.000000000000000000, 0.3333333333333333703, 0.3333333333333333703, 1.000000000000000000 ) ) 
 REPRESENTATION_ITEM ( '' )  );
#1088 = CYLINDRICAL_SURFACE ( 'NONE', #173, 1.599999999999990319 ) ;
#1089 = DIRECTION ( 'NONE',  ( -0.9999937500585930339, 0.002499984375146459270, 0.002499984375146458836 ) ) ;
#1090 = CARTESIAN_POINT ( 'NONE',  ( -1.425093574584161527, 13.00311915280538955, -9.928745321270797675 ) ) ;
#1091 = FACE_OUTER_BOUND ( 'NONE', #1460, .T. ) ;
#1092 = FACE_BOUND ( 'NONE', #1889, .T. ) ;
#1093 = CYLINDRICAL_SURFACE ( 'NONE', #1396, 1.599999999999990319 ) ;
#1094 = ORIENTED_EDGE ( 'NONE', *, *, #1438, .T. ) ;
#1095 = ORIENTED_EDGE ( 'NONE', *, *, #2217, .T. ) ;
#1096 = CARTESIAN_POINT ( 'NONE',  ( -1.500000000000000000, -13.99999999999999467, 8.999999999999998224 ) ) ;
#1097 = CARTESIAN_POINT ( 'NONE',  ( -1.139695705265144854, -14.00423974312971787, 10.00423974312957753 ) ) ;
#1098 = AXIS2_PLACEMENT_3D ( 'NONE', #1865, #737, #1182 ) ;
#1099 = CARTESIAN_POINT ( 'NONE',  ( -194.3175144212721932, -9.917514421272171532, 8.985793786053173804 ) ) ;
#1100 = VECTOR ( 'NONE', #2547, 1000.000000000000000 ) ;
#1101 = ADVANCED_FACE ( 'NONE', ( #1394 ), #682, .F. ) ;
#1102 = DIRECTION ( 'NONE',  ( 1.000000000000000000, 0.000000000000000000, 0.000000000000000000 ) ) ;
#1103 = FACE_BOUND ( 'NONE', #130, .T. ) ;
#1104 = VECTOR ( 'NONE', #2278, 1000.000000000000000 ) ;
#1105 = AXIS2_PLACEMENT_3D ( 'NONE', #1531, #393, #2226 ) ;
#1106 = CARTESIAN_POINT ( 'NONE',  ( 0.5000000000000004441, 0.000000000000000000, 0.000000000000000000 ) ) ;
#1107 = DIRECTION ( 'NONE',  ( 0.000000000000000000, 0.000000000000000000, 1.000000000000000000 ) ) ;
#1108 = DIRECTION ( 'NONE',  ( -0.000000000000000000, -0.000000000000000000, 1.000000000000000000 ) ) ;
#1109 = FACE_OUTER_BOUND ( 'NONE', #747, .T. ) ;
#1110 = ORIENTED_EDGE ( 'NONE', *, *, #1968, .T. ) ;
#1111 = DIRECTION ( 'NONE',  ( 1.000000000000000000, -0.000000000000000000, -0.000000000000000000 ) ) ;
#1112 = EDGE_LOOP ( 'NONE', ( #2625, #1781, #522, #1205 ) ) ;
#1113 = CARTESIAN_POINT ( 'NONE',  ( -0.8270227859270676829, -14.11040745905797955, -10.03728128864524116 ) ) ;
#1114 = EDGE_CURVE ( 'NONE', #731, #319, #2040, .T. ) ;
#1115 = CARTESIAN_POINT ( 'NONE',  ( -1.342823253987025733, -13.98972382277555582, 9.989723822775843587 ) ) ;
#1116 = DIRECTION ( 'NONE',  ( 0.7071067811865701103, 0.000000000000000000, 0.7071067811865250352 ) ) ;
#1117 = DIRECTION ( 'NONE',  ( -0.000000000000000000, -0.000000000000000000, 1.000000000000000000 ) ) ;
#1118 = DIRECTION ( 'NONE',  ( 0.000000000000000000, 1.000000000000000000, -0.000000000000000000 ) ) ;
#1119 = VECTOR ( 'NONE', #1640, 1000.000000000000000 ) ;
#1120 = AXIS2_PLACEMENT_3D ( 'NONE', #300, #1935, #2855 ) ;
#1121 = FACE_OUTER_BOUND ( 'NONE', #1229, .T. ) ;
#1122 = CARTESIAN_POINT ( 'NONE',  ( -186.0000000000000000, 0.000000000000000000, 11.49999999999999645 ) ) ;
#1123 = LINE ( 'NONE', #2010, #2805 ) ;
#1124 = ORIENTED_EDGE ( 'NONE', *, *, #404, .F. ) ;
#1125 = PLANE ( 'NONE',  #2459 ) ;
#1126 = ORIENTED_EDGE ( 'NONE', *, *, #1805, .T. ) ;
#1127 = CARTESIAN_POINT ( 'NONE',  ( -1.235680618073219605, -14.02041552554240056, -8.960899705491639722 ) ) ;
#1128 = FACE_OUTER_BOUND ( 'NONE', #342, .T. ) ;
#1129 = EDGE_CURVE ( 'NONE', #967, #2882, #1582, .T. ) ;
#1130 = ADVANCED_FACE ( 'NONE', ( #1121 ), #2291, .F. ) ;
#1131 = CARTESIAN_POINT ( 'NONE',  ( -190.0000000000000000, 4.898587196589402968E-16, 9.476251562497557401 ) ) ;
#1132 = CARTESIAN_POINT ( 'NONE',  ( -180.3431457505076025, -5.656854249492385911, -19.00099999999999767 ) ) ;
#1133 = CYLINDRICAL_SURFACE ( 'NONE', #1462, 4.000000000000000000 ) ;
#1134 = CARTESIAN_POINT ( 'NONE',  ( -190.5012499960937760, 8.999999999999984013, 8.976253124990229537 ) ) ;
#1135 = PRODUCT_DEFINITION_SHAPE ( 'NONE', 'NONE',  #709 ) ;
#1136 = DIRECTION ( 'NONE',  ( -0.000000000000000000, 1.000000000000000000, 0.000000000000000000 ) ) ;
#1137 = CARTESIAN_POINT ( 'NONE',  ( -181.5000000000000000, 5.510910596163078709E-16, 11.99999999999999645 ) ) ;
#1138 = LINE ( 'NONE', #49, #1071 ) ;
#1139 = ORIENTED_EDGE ( 'NONE', *, *, #755, .T. ) ;
#1140 = CYLINDRICAL_SURFACE ( 'NONE', #2127, 0.9999999999999991118 ) ;
#1141 = EDGE_LOOP ( 'NONE', ( #82, #2610, #2367, #2173 ) ) ;
#1142 = ADVANCED_FACE ( 'NONE', ( #1365 ), #13, .F. ) ;
#1143 = LINE ( 'NONE', #764, #1663 ) ;
#1144 = EDGE_CURVE ( 'NONE', #2105, #789, #743, .T. ) ;
#1145 = DIRECTION ( 'NONE',  ( -0.000000000000000000, 1.000000000000000000, -0.000000000000000000 ) ) ;
#1146 = DIRECTION ( 'NONE',  ( -1.000000000000000000, 0.000000000000000000, 0.000000000000000000 ) ) ;
#1147 =( BOUNDED_CURVE ( )  B_SPLINE_CURVE ( 3, ( #380, #2692, #795, #2920 ),
 .UNSPECIFIED., .F., .F. ) 
 B_SPLINE_CURVE_WITH_KNOTS ( ( 4, 4 ),
 ( 0.04995839572194273742, 1.570796326794896558 ),
 .UNSPECIFIED. ) 
 CURVE ( )  GEOMETRIC_REPRESENTATION_ITEM ( )  RATIONAL_B_SPLINE_CURVE ( ( 1.000000000000000000, 0.8163648751936719572, 0.8163648751936719572, 1.000000000000000000 ) ) 
 REPRESENTATION_ITEM ( '' )  );
#1148 = CARTESIAN_POINT ( 'NONE',  ( 0.000000000000000000, 15.50000000000000711, 11.50000000000000000 ) ) ;
#1149 =( NAMED_UNIT ( * ) PLANE_ANGLE_UNIT ( ) SI_UNIT ( $, .RADIAN. ) );
#1150 = CARTESIAN_POINT ( 'NONE',  ( -1.549937616943895868, 13.00000000000000178, -9.922503119152809248 ) ) ;
#1151 = FACE_OUTER_BOUND ( 'NONE', #854, .T. ) ;
#1152 = CARTESIAN_POINT ( 'NONE',  ( -177.6824855787278068, 9.917514421272167979, 8.944206213946813477 ) ) ;
#1153 = TOROIDAL_SURFACE ( 'NONE', #1886, 4.499999999999992006, 0.5000000000000000000 ) ;
#1154 = DIRECTION ( 'NONE',  ( 0.000000000000000000, 0.000000000000000000, 1.000000000000000000 ) ) ;
#1155 = ORIENTED_EDGE ( 'NONE', *, *, #2968, .T. ) ;
#1156 = CARTESIAN_POINT ( 'NONE',  ( -190.0568542494924031, 8.856854249492373654, 8.975142135623725537 ) ) ;
#1157 = ORIENTED_EDGE ( 'NONE', *, *, #1236, .F. ) ;
#1158 = CARTESIAN_POINT ( 'NONE',  ( -1.306523763834446905, -13.98900861108411853, -9.915882440671829556 ) ) ;
#1159 = CARTESIAN_POINT ( 'NONE',  ( -200.0000000000000000, 12.99999999999999822, 7.500004687478024401 ) ) ;
#1160 = ORIENTED_EDGE ( 'NONE', *, *, #2038, .F. ) ;
#1161 = CARTESIAN_POINT ( 'NONE',  ( -182.0000000000000000, 0.000000000000000000, -19.00099999999999767 ) ) ;
#1162 = VECTOR ( 'NONE', #2483, 1000.000000000000341 ) ;
#1163 = FACE_OUTER_BOUND ( 'NONE', #1921, .T. ) ;
#1164 = DIRECTION ( 'NONE',  ( -0.000000000000000000, 1.000000000000000000, -0.000000000000000000 ) ) ;
#1165 = EDGE_CURVE ( 'NONE', #1262, #922, #1202, .T. ) ;
#1166 = EDGE_CURVE ( 'NONE', #811, #2722, #1281, .T. ) ;
#1167 = CIRCLE ( 'NONE', #543, 4.000000000000000000 ) ;
#1168 = DIRECTION ( 'NONE',  ( 1.000000000000000000, 4.336808689942018352E-17, 1.734723475976807094E-17 ) ) ;
#1169 = DIRECTION ( 'NONE',  ( 5.782411586589356653E-16, -1.445602896647297324E-18, 1.000000000000000000 ) ) ;
#1170 = VECTOR ( 'NONE', #875, 1000.000000000000000 ) ;
#1171 = EDGE_CURVE ( 'NONE', #951, #1947, #1978, .T. ) ;
#1172 = CARTESIAN_POINT ( 'NONE',  ( -200.0000000000000000, -12.37858242632190375, 0.9999999999999988898 ) ) ;
#1173 = CARTESIAN_POINT ( 'NONE',  ( -6.175219579088629750E-17, -14.09289825156849396, -10.58261278052866672 ) ) ;
#1174 = AXIS2_PLACEMENT_3D ( 'NONE', #2737, #433, #1587 ) ;
#1175 = AXIS2_PLACEMENT_3D ( 'NONE', #572, #2169, #120 ) ;
#1176 = ORIENTED_EDGE ( 'NONE', *, *, #1233, .T. ) ;
#1177 = VERTEX_POINT ( 'NONE', #93 ) ;
#1178 = ORIENTED_EDGE ( 'NONE', *, *, #26, .T. ) ;
#1179 = CARTESIAN_POINT ( 'NONE',  ( -1.051027521660610420, -14.06561557927732942, -9.036233128383063473 ) ) ;
#1180 = CARTESIAN_POINT ( 'NONE',  ( -0.06915938529792657607, -14.97101005840701227, 10.97101005840701582 ) ) ;
#1181 = ORIENTED_EDGE ( 'NONE', *, *, #2427, .F. ) ;
#1182 = DIRECTION ( 'NONE',  ( 0.000000000000000000, 0.000000000000000000, -1.000000000000000000 ) ) ;
#1183 = EDGE_CURVE ( 'NONE', #2961, #2236, #2220, .T. ) ;
#1184 = EDGE_CURVE ( 'NONE', #2011, #2831, #1298, .T. ) ;
#1185 = LINE ( 'NONE', #2577, #1119 ) ;
#1186 =( BOUNDED_CURVE ( )  B_SPLINE_CURVE ( 3, ( #1566, #427, #1377, #696 ),
 .UNSPECIFIED., .F., .F. ) 
 B_SPLINE_CURVE_WITH_KNOTS ( ( 4, 4 ),
 ( 3.141592653589793116, 4.712388980384689674 ),
 .UNSPECIFIED. ) 
 CURVE ( )  GEOMETRIC_REPRESENTATION_ITEM ( )  RATIONAL_B_SPLINE_CURVE ( ( 1.000000000000000000, 0.8047378541243649375, 0.8047378541243649375, 1.000000000000000000 ) ) 
 REPRESENTATION_ITEM ( '' )  );
#1187 = CARTESIAN_POINT ( 'NONE',  ( -182.0000000000000000, -7.999999999999981348, 9.453751562497556549 ) ) ;
#1188 = DIRECTION ( 'NONE',  ( 1.000000000000000000, 0.000000000000000000, 0.000000000000000000 ) ) ;
#1189 = LINE ( 'NONE', #2292, #2176 ) ;
#1190 = CARTESIAN_POINT ( 'NONE',  ( -168.5857864376268935, 13.00000000000000000, 10.99999999999999645 ) ) ;
#1191 = ORIENTED_EDGE ( 'NONE', *, *, #1183, .T. ) ;
#1192 = ORIENTED_EDGE ( 'NONE', *, *, #2589, .T. ) ;
#1193 = VERTEX_POINT ( 'NONE', #2392 ) ;
#1194 = CARTESIAN_POINT ( 'NONE',  ( -1.500000000000000000, 0.000000000000000000, 7.003745312507325238 ) ) ;
#1195 = CARTESIAN_POINT ( 'NONE',  ( 0.000000000000000000, 12.49999999999999289, 7.003745312507325238 ) ) ;
#1196 = ORIENTED_EDGE ( 'NONE', *, *, #1362, .F. ) ;
#1197 = DIRECTION ( 'NONE',  ( -1.000000000000000000, 0.000000000000000000, 0.000000000000000000 ) ) ;
#1198 = DIRECTION ( 'NONE',  ( 0.000000000000000000, 1.000000000000000000, 0.000000000000000000 ) ) ;
#1199 = ADVANCED_FACE ( 'NONE', ( #1917 ), #257, .T. ) ;
#1200 = CARTESIAN_POINT ( 'NONE',  ( -182.0000000000000000, 0.000000000000000000, 9.453751562497554772 ) ) ;
#1201 = VECTOR ( 'NONE', #2389, 1000.000000000000000 ) ;
#1202 = LINE ( 'NONE', #1643, #732 ) ;
#1203 = DIRECTION ( 'NONE',  ( 0.04993761694389236422, 0.000000000000000000, 0.9987523388778446476 ) ) ;
#1204 = ORIENTED_EDGE ( 'NONE', *, *, #2695, .T. ) ;
#1205 = ORIENTED_EDGE ( 'NONE', *, *, #304, .T. ) ;
#1206 = ORIENTED_EDGE ( 'NONE', *, *, #2648, .T. ) ;
#1207 = CARTESIAN_POINT ( 'NONE',  ( 2.000000000000000000, -19.00000000000000000, -18.99999999999999645 ) ) ;
#1208 =( NAMED_UNIT ( * ) PLANE_ANGLE_UNIT ( ) SI_UNIT ( $, .RADIAN. ) );
#1209 =( BOUNDED_CURVE ( )  B_SPLINE_CURVE ( 3, ( #619, #2850, #1056, #356 ),
 .UNSPECIFIED., .F., .F. ) 
 B_SPLINE_CURVE_WITH_KNOTS ( ( 4, 4 ),
 ( 1.570796326794896558, 3.141592653589793116 ),
 .UNSPECIFIED. ) 
 CURVE ( )  GEOMETRIC_REPRESENTATION_ITEM ( )  RATIONAL_B_SPLINE_CURVE ( ( 1.000000000000000000, 0.8047378541243649375, 0.8047378541243649375, 1.000000000000000000 ) ) 
 REPRESENTATION_ITEM ( '' )  );
#1210 = ORIENTED_EDGE ( 'NONE', *, *, #1960, .T. ) ;
#1211 = EDGE_CURVE ( 'NONE', #2697, #1802, #2780, .T. ) ;
#1212 = DIRECTION ( 'NONE',  ( 0.9988706659777675245, -0.002497176664944395375, -0.04744635663394392716 ) ) ;
#1213 = CIRCLE ( 'NONE', #1452, 1.000000000000000888 ) ;
#1214 = CARTESIAN_POINT ( 'NONE',  ( -1.508301290471209199, 13.00000000000000178, -9.924584935476442382 ) ) ;
#1215 = CARTESIAN_POINT ( 'NONE',  ( -184.9530084585821328, -3.895890705024367406, 9.462056898787340131 ) ) ;
#1216 = DIRECTION ( 'NONE',  ( -0.000000000000000000, -1.000000000000000000, -0.000000000000000000 ) ) ;
#1217 = CIRCLE ( 'NONE', #650, 0.9999999999999988898 ) ;
#1218 = ORIENTED_EDGE ( 'NONE', *, *, #2531, .T. ) ;
#1219 = ORIENTED_EDGE ( 'NONE', *, *, #91, .T. ) ;
#1220 = ORIENTED_EDGE ( 'NONE', *, *, #1960, .F. ) ;
#1221 = CARTESIAN_POINT ( 'NONE',  ( -181.9431457505075969, -5.656854249492385911, 8.954857864376265297 ) ) ;
#1222 = VECTOR ( 'NONE', #642, 1000.000000000000000 ) ;
#1223 = EDGE_LOOP ( 'NONE', ( #155, #2372, #824, #1370 ) ) ;
#1224 = CARTESIAN_POINT ( 'NONE',  ( -0.3112350363408999399, 14.51715962224115231, 10.51715962224074907 ) ) ;
#1225 = CARTESIAN_POINT ( 'NONE',  ( 0.000000000000000000, 15.00000000000000000, 15.00000000000001066 ) ) ;
#1226 = DIRECTION ( 'NONE',  ( -0.000000000000000000, -1.000000000000000000, -0.000000000000000000 ) ) ;
#1227 = DIRECTION ( 'NONE',  ( -1.000000000000000000, 0.000000000000000000, 0.000000000000000000 ) ) ;
#1228 = DIRECTION ( 'NONE',  ( 4.336808689942025132E-17, -1.000000000000000000, 0.000000000000000000 ) ) ;
#1229 = EDGE_LOOP ( 'NONE', ( #785, #1192, #1654 ) ) ;
#1230 = ORIENTED_EDGE ( 'NONE', *, *, #2420, .T. ) ;
#1231 = EDGE_LOOP ( 'NONE', ( #344, #906, #1248, #1245 ) ) ;
#1232 = DIRECTION ( 'NONE',  ( 0.000000000000000000, 1.000000000000000000, 0.000000000000000000 ) ) ;
#1233 = EDGE_CURVE ( 'NONE', #2869, #2025, #1496, .T. ) ;
#1234 = ORIENTED_EDGE ( 'NONE', *, *, #58, .T. ) ;
#1235 = CARTESIAN_POINT ( 'NONE',  ( -1.342823253987025289, 13.98972382277556115, 9.989723822775699702 ) ) ;
#1236 = EDGE_CURVE ( 'NONE', #346, #1995, #2963, .T. ) ;
#1237 = CARTESIAN_POINT ( 'NONE',  ( -1.330160249622575730, 14.00661815793131382, -8.937904092808979684 ) ) ;
#1238 = DIRECTION ( 'NONE',  ( 0.000000000000000000, 0.000000000000000000, 1.000000000000000000 ) ) ;
#1239 = CARTESIAN_POINT ( 'NONE',  ( -183.2357897527791408, 3.598500787363628550, 8.958089474381946360 ) ) ;
#1240 = CARTESIAN_POINT ( 'NONE',  ( -189.1991726012162189, -2.457517715418805260, 8.972997931503423175 ) ) ;
#1241 = CARTESIAN_POINT ( 'NONE',  ( -200.0000000000000000, -13.00000000000000178, 7.500004687478023513 ) ) ;
#1242 = VECTOR ( 'NONE', #2762, 1000.000000000000000 ) ;
#1243 = ORIENTED_EDGE ( 'NONE', *, *, #1363, .F. ) ;
#1244 = ORIENTED_EDGE ( 'NONE', *, *, #436, .F. ) ;
#1245 = ORIENTED_EDGE ( 'NONE', *, *, #1631, .T. ) ;
#1246 = CARTESIAN_POINT ( 'NONE',  ( -1.500000000000000000, -11.00374531250733412, 7.003745312507326126 ) ) ;
#1247 = ORIENTED_EDGE ( 'NONE', *, *, #1270, .T. ) ;
#1248 = ORIENTED_EDGE ( 'NONE', *, *, #1674, .T. ) ;
#1249 = CARTESIAN_POINT ( 'NONE',  ( 2.725388528415490599E-16, 15.17269176637140404, 11.30361505982388159 ) ) ;
#1250 = CARTESIAN_POINT ( 'NONE',  ( 0.000000000000000000, 15.18310854200879056, -11.23673895479229401 ) ) ;
#1251 = CIRCLE ( 'NONE', #2942, 1.599999999999990319 ) ;
#1252 = AXIS2_PLACEMENT_3D ( 'NONE', #32, #2336, #698 ) ;
#1253 = FACE_BOUND ( 'NONE', #1064, .T. ) ;
#1254 = CARTESIAN_POINT ( 'NONE',  ( -189.8958907050243283, 1.046991541417983562, 9.475958755105583720 ) ) ;
#1255 = CYLINDRICAL_SURFACE ( 'NONE', #557, 1.600000000000002531 ) ;
#1256 = AXIS2_PLACEMENT_3D ( 'NONE', #1439, #2142, #494 ) ;
#1257 = ADVANCED_FACE ( 'NONE', ( #1336 ), #1125, .F. ) ;
#1258 = VERTEX_POINT ( 'NONE', #3 ) ;
#1259 = AXIS2_PLACEMENT_3D ( 'NONE', #8, #420, #630 ) ;
#1260 = DIRECTION ( 'NONE',  ( 1.000000000000000000, -0.000000000000000000, -0.000000000000000000 ) ) ;
#1261 = EDGE_CURVE ( 'NONE', #1463, #2178, #1601, .T. ) ;
#1262 = VERTEX_POINT ( 'NONE', #1619 ) ;
#1263 = CARTESIAN_POINT ( 'NONE',  ( -200.0000000000000000, 12.99999999999999645, -2.255140518769848828E-15 ) ) ;
#1264 = ORIENTED_EDGE ( 'NONE', *, *, #1578, .T. ) ;
#1265 = DIRECTION ( 'NONE',  ( -1.224646799147352961E-16, 1.000000000000000000, 3.061616997868353128E-19 ) ) ;
#1266 = VECTOR ( 'NONE', #975, 1000.000000000000000 ) ;
#1267 = CARTESIAN_POINT ( 'NONE',  ( 1.882511347752306831E-17, 15.30986512520473042, -11.10998237159635416 ) ) ;
#1268 = CIRCLE ( 'NONE', #178, 0.5000000000000004441 ) ;
#1269 = CARTESIAN_POINT ( 'NONE',  ( 0.000000000000000000, -19.00000000000000000, -18.99999999999999645 ) ) ;
#1270 = EDGE_CURVE ( 'NONE', #2697, #936, #1493, .T. ) ;
#1271 = EDGE_CURVE ( 'NONE', #152, #1280, #2306, .T. ) ;
#1272 = CARTESIAN_POINT ( 'NONE',  ( -188.0144759175028639, 3.495145555065892751, 9.470667276015552360 ) ) ;
#1273 = ADVANCED_FACE ( 'NONE', ( #2280 ), #1345, .T. ) ;
#1274 = CARTESIAN_POINT ( 'NONE',  ( -171.4142135623730780, 13.00000000000000000, 11.99999999999999822 ) ) ;
#1275 = ORIENTED_EDGE ( 'NONE', *, *, #102, .T. ) ;
#1276 = DIRECTION ( 'NONE',  ( 0.000000000000000000, 0.000000000000000000, 1.000000000000000000 ) ) ;
#1277 = ORIENTED_EDGE ( 'NONE', *, *, #2662, .T. ) ;
#1278 = CARTESIAN_POINT ( 'NONE',  ( -200.0000000000000000, 0.000000000000000000, 0.000000000000000000 ) ) ;
#1279 = ORIENTED_EDGE ( 'NONE', *, *, #1388, .F. ) ;
#1280 = VERTEX_POINT ( 'NONE', #2765 ) ;
#1281 =( BOUNDED_CURVE ( )  B_SPLINE_CURVE ( 3, ( #541, #2608, #2109, #1704 ),
 .UNSPECIFIED., .F., .F. ) 
 B_SPLINE_CURVE_WITH_KNOTS ( ( 4, 4 ),
 ( 0.000000000000000000, 3.141592653589793116 ),
 .UNSPECIFIED. ) 
 CURVE ( )  GEOMETRIC_REPRESENTATION_ITEM ( )  RATIONAL_B_SPLINE_CURVE ( ( 1.000000000000000000, 0.3333333333333333703, 0.3333333333333333703, 1.000000000000000000 ) ) 
 REPRESENTATION_ITEM ( '' )  );
#1282 = DIRECTION ( 'NONE',  ( 1.000000000000000000, 0.000000000000000000, -0.000000000000000000 ) ) ;
#1283 = DIRECTION ( 'NONE',  ( 0.000000000000000000, -1.000000000000000000, 0.000000000000000000 ) ) ;
#1284 = DIRECTION ( 'NONE',  ( -4.336808689942018352E-17, 1.000000000000000000, -1.734723475976807341E-16 ) ) ;
#1285 = CARTESIAN_POINT ( 'NONE',  ( -189.9999999999999716, 0.5235287580021447118, 8.974999999998971134 ) ) ;
#1286 = CARTESIAN_POINT ( 'NONE',  ( -181.9431457505075969, -5.656854249492385911, -19.00099999999999767 ) ) ;
#1287 = EDGE_LOOP ( 'NONE', ( #1772, #746, #1726, #1279 ) ) ;
#1288 = CARTESIAN_POINT ( 'NONE',  ( -1.450041611589271140, -14.00062408983296791, -8.927913979309169079 ) ) ;
#1289 = ORIENTED_EDGE ( 'NONE', *, *, #618, .F. ) ;
#1290 = DIRECTION ( 'NONE',  ( 0.9987523388778446476, 3.465118257876282739E-17, -0.04993761694389221156 ) ) ;
#1291 = CARTESIAN_POINT ( 'NONE',  ( -1.450044201652285869, -14.00062396032981660, -8.927913763470607833 ) ) ;
#1292 = DIRECTION ( 'NONE',  ( -0.000000000000000000, -0.000000000000000000, 1.000000000000000000 ) ) ;
#1293 = VERTEX_POINT ( 'NONE', #2944 ) ;
#1294 = DIRECTION ( 'NONE',  ( -1.000000000000000000, -1.224646799147351482E-16, 0.000000000000000000 ) ) ;
#1295 = AXIS2_PLACEMENT_3D ( 'NONE', #2787, #2106, #56 ) ;
#1296 = CARTESIAN_POINT ( 'NONE',  ( -0.5507684565374261210, 14.33466981944614993, -9.484656861997750710 ) ) ;
#1297 = EDGE_CURVE ( 'NONE', #2323, #2162, #2655, .T. ) ;
#1298 = CIRCLE ( 'NONE', #2075, 4.000000000000000000 ) ;
#1299 = AXIS2_PLACEMENT_3D ( 'NONE', #1575, #2495, #1561 ) ;
#1300 = CARTESIAN_POINT ( 'NONE',  ( -168.5857864376268935, 13.99999999999999822, 10.99999999999999645 ) ) ;
#1301 = CARTESIAN_POINT ( 'NONE',  ( -190.0000000000000000, 0.000000000000000000, 8.974999999999992539 ) ) ;
#1302 = DIRECTION ( 'NONE',  ( 1.000000000000000000, 0.000000000000000000, -1.734723475976807094E-15 ) ) ;
#1303 = ORIENTED_EDGE ( 'NONE', *, *, #1715, .F. ) ;
#1304 = CARTESIAN_POINT ( 'NONE',  ( -1.500000000000000000, -11.00374531250733234, 7.003745312507325238 ) ) ;
#1305 = TOROIDAL_SURFACE ( 'NONE', #1702, 4.500000000000000888, 0.5000000000000000000 ) ;
#1306 = CARTESIAN_POINT ( 'NONE',  ( -1.475018204116390619, -13.99999999999998934, -8.925832596598599622 ) ) ;
#1307 = DIRECTION ( 'NONE',  ( -0.000000000000000000, -0.000000000000000000, -1.000000000000000000 ) ) ;
#1308 = EDGE_LOOP ( 'NONE', ( #879, #2842, #52, #2413 ) ) ;
#1309 = ORIENTED_EDGE ( 'NONE', *, *, #1914, .F. ) ;
#1310 = ADVANCED_FACE ( 'NONE', ( #1801 ), #1140, .T. ) ;
#1311 = CARTESIAN_POINT ( 'NONE',  ( -1.500000000000000000, -11.00374531250733234, 0.000000000000000000 ) ) ;
#1312 = CARTESIAN_POINT ( 'NONE',  ( -1.111076149709873562, -14.04797502647913632, 9.079958377465267461 ) ) ;
#1313 = AXIS2_PLACEMENT_3D ( 'NONE', #886, #163, #1766 ) ;
#1314 = CARTESIAN_POINT ( 'NONE',  ( 2.168404344971008868E-16, 0.000000000000000000, 4.500000000000000888 ) ) ;
#1315 = CIRCLE ( 'NONE', #1712, 0.5000000000000004441 ) ;
#1316 = AXIS2_PLACEMENT_3D ( 'NONE', #1723, #2622, #2381 ) ;
#1317 = CARTESIAN_POINT ( 'NONE',  ( -182.0000000000000284, 4.900114182850864917E-16, 8.955000000000003624 ) ) ;
#1318 = CARTESIAN_POINT ( 'NONE',  ( -200.0037499414071362, 13.00000937485351926, 7.500014062331541886 ) ) ;
#1319 = CARTESIAN_POINT ( 'NONE',  ( -1.500000000000002220, 14.00000000000000178, -8.923750780274964711 ) ) ;
#1320 = CARTESIAN_POINT ( 'NONE',  ( 1.500000000000001332, 5.510910596163089556E-16, -4.500000000000000888 ) ) ;
#1321 = DIRECTION ( 'NONE',  ( 1.000000000000000000, -0.000000000000000000, -0.000000000000000000 ) ) ;
#1322 = CARTESIAN_POINT ( 'NONE',  ( -0.4488155002630908053, 13.00000000000000355, -8.976310005261810332 ) ) ;
#1323 = EDGE_LOOP ( 'NONE', ( #640, #1707, #1937, #1275 ) ) ;
#1324 = ORIENTED_EDGE ( 'NONE', *, *, #2970, .F. ) ;
#1325 = CARTESIAN_POINT ( 'NONE',  ( -200.0000000000000000, -14.00000000000000000, 11.00000000000000000 ) ) ;
#1326 = SPHERICAL_SURFACE ( 'NONE', #2747, 1.000000000000000000 ) ;
#1327 = EDGE_CURVE ( 'NONE', #1830, #2582, #1576, .T. ) ;
#1328 = CARTESIAN_POINT ( 'NONE',  ( -190.0568542494924031, 5.656854249492393016, 8.975142135623725537 ) ) ;
#1329 = DIRECTION ( 'NONE',  ( 0.000000000000000000, -1.000000000000000000, 0.000000000000000000 ) ) ;
#1330 = CARTESIAN_POINT ( 'NONE',  ( -1.425093574584161527, 13.00311915280538955, -9.928745321270797675 ) ) ;
#1331 = DIRECTION ( 'NONE',  ( 0.000000000000000000, 0.000000000000000000, 1.000000000000000000 ) ) ;
#1332 = CARTESIAN_POINT ( 'NONE',  ( -171.4142135623730780, 13.00000000000000000, 10.99999999999998934 ) ) ;
#1333 = DIRECTION ( 'NONE',  ( 0.000000000000000000, 0.000000000000000000, -1.000000000000000000 ) ) ;
#1334 = CARTESIAN_POINT ( 'NONE',  ( -190.0568542494924031, 5.656854249492393016, -19.00099999999999767 ) ) ;
#1335 = ORIENTED_EDGE ( 'NONE', *, *, #835, .F. ) ;
#1336 = FACE_OUTER_BOUND ( 'NONE', #2671, .T. ) ;
#1337 = EDGE_LOOP ( 'NONE', ( #1694, #1506, #2583, #1467 ) ) ;
#1338 = FACE_OUTER_BOUND ( 'NONE', #154, .T. ) ;
#1339 = LINE ( 'NONE', #2919, #2800 ) ;
#1340 = AXIS2_PLACEMENT_3D ( 'NONE', #2061, #1560, #2931 ) ;
#1341 = CARTESIAN_POINT ( 'NONE',  ( -190.0568542494924031, 2.456854249492410602, 8.975142135623725537 ) ) ;
#1342 = AXIS2_PLACEMENT_3D ( 'NONE', #903, #2714, #713 ) ;
#1343 = CYLINDRICAL_SURFACE ( 'NONE', #2614, 4.000000000000003553 ) ;
#1344 = DIRECTION ( 'NONE',  ( 0.000000000000000000, 0.000000000000000000, 1.000000000000000000 ) ) ;
#1345 = TOROIDAL_SURFACE ( 'NONE', #971, 2.000000000000000000, 1.000000000000000000 ) ;
#1346 = CIRCLE ( 'NONE', #866, 1.600000000000002531 ) ;
#1347 = CARTESIAN_POINT ( 'NONE',  ( -199.9288222451407933, -12.99982205561285653, 2.498488415163316212 ) ) ;
#1348 = FACE_OUTER_BOUND ( 'NONE', #517, .T. ) ;
#1349 = LINE ( 'NONE', #2277, #1981 ) ;
#1350 = EDGE_CURVE ( 'NONE', #1695, #1760, #1008, .T. ) ;
#1351 = EDGE_CURVE ( 'NONE', #179, #2311, #2490, .T. ) ;
#1352 = ORIENTED_EDGE ( 'NONE', *, *, #953, .F. ) ;
#1353 = LINE ( 'NONE', #2749, #2314 ) ;
#1354 = CIRCLE ( 'NONE', #312, 1.000000000000000888 ) ;
#1355 = ORIENTED_EDGE ( 'NONE', *, *, #2283, .F. ) ;
#1356 = FACE_OUTER_BOUND ( 'NONE', #2682, .T. ) ;
#1357 = DIRECTION ( 'NONE',  ( 0.000000000000000000, 1.000000000000000000, 0.000000000000000000 ) ) ;
#1358 = LINE ( 'NONE', #898, #918 ) ;
#1359 = DIRECTION ( 'NONE',  ( 0.000000000000000000, -1.734723475976807094E-16, 1.000000000000000000 ) ) ;
#1360 = CARTESIAN_POINT ( 'NONE',  ( -199.0000000000000000, 12.99999999999999645, 0.9512492197250299597 ) ) ;
#1361 = VECTOR ( 'NONE', #948, 1000.000000000000341 ) ;
#1362 = EDGE_CURVE ( 'NONE', #951, #2200, #2735, .T. ) ;
#1363 = EDGE_CURVE ( 'NONE', #64, #731, #1353, .T. ) ;
#1364 = CARTESIAN_POINT ( 'NONE',  ( -1.425093574584164857, -14.00187149168322343, -8.929992982392951362 ) ) ;
#1365 = FACE_OUTER_BOUND ( 'NONE', #704, .T. ) ;
#1366 = FACE_OUTER_BOUND ( 'NONE', #1965, .T. ) ;
#1367 = DIRECTION ( 'NONE',  ( 1.000000000000000000, -0.000000000000000000, -0.000000000000000000 ) ) ;
#1368 = ORIENTED_EDGE ( 'NONE', *, *, #151, .F. ) ;
#1369 = DIRECTION ( 'NONE',  ( 0.000000000000000000, 0.000000000000000000, -1.000000000000000000 ) ) ;
#1370 = ORIENTED_EDGE ( 'NONE', *, *, #2813, .F. ) ;
#1371 = CARTESIAN_POINT ( 'NONE',  ( -0.9608576055658013537, -14.09701730898507499, -9.088569344562726471 ) ) ;
#1372 = DIRECTION ( 'NONE',  ( -0.000000000000000000, -0.000000000000000000, 1.000000000000000000 ) ) ;
#1373 = CARTESIAN_POINT ( 'NONE',  ( -1.500000000000000000, -12.99999999999999645, 9.999999999999998224 ) ) ;
#1374 = DIRECTION ( 'NONE',  ( 0.000000000000000000, 0.000000000000000000, -1.000000000000000000 ) ) ;
#1375 = CARTESIAN_POINT ( 'NONE',  ( -1.425093574584161527, 14.00187149168323408, -8.929992982392953138 ) ) ;
#1376 = CARTESIAN_POINT ( 'NONE',  ( -199.0000000000000000, 12.99999999999999645, 0.9512492197250287385 ) ) ;
#1377 = CARTESIAN_POINT ( 'NONE',  ( -3.782512688074378021E-16, 14.62132034355964372, 10.03553390593273598 ) ) ;
#1378 = CARTESIAN_POINT ( 'NONE',  ( -199.0000000000000000, 12.99999999999999822, 11.00000000000000000 ) ) ;
#1379 = DIRECTION ( 'NONE',  ( -0.9975093361076329268, -0.04987546680538176846, 0.04987546680538176846 ) ) ;
#1380 = ORIENTED_EDGE ( 'NONE', *, *, #2347, .F. ) ;
#1381 = CARTESIAN_POINT ( 'NONE',  ( 2.000000000000000000, -19.00000000000000000, -18.99999999999999645 ) ) ;
#1382 = ORIENTED_EDGE ( 'NONE', *, *, #1719, .F. ) ;
#1383 = CARTESIAN_POINT ( 'NONE',  ( 0.000000000000000000, -15.49999999999999112, -11.42687382958756359 ) ) ;
#1384 = CARTESIAN_POINT ( 'NONE',  ( -190.5000000000000000, 0.000000000000000000, 11.99999999999999645 ) ) ;
#1385 = ORIENTED_EDGE ( 'NONE', *, *, #2063, .T. ) ;
#1386 = DIRECTION ( 'NONE',  ( -0.000000000000000000, -0.000000000000000000, 1.000000000000000000 ) ) ;
#1387 = EDGE_CURVE ( 'NONE', #2722, #811, #2118, .T. ) ;
#1388 = EDGE_CURVE ( 'NONE', #1522, #992, #905, .T. ) ;
#1389 = EDGE_CURVE ( 'NONE', #1830, #574, #403, .T. ) ;
#1390 = CARTESIAN_POINT ( 'NONE',  ( -1.500000000000000000, -11.00374531250733234, 7.003745312507325238 ) ) ;
#1391 = CARTESIAN_POINT ( 'NONE',  ( -1.475018204116389953, 14.00000000000000000, -8.925832596598599622 ) ) ;
#1392 = CIRCLE ( 'NONE', #1446, 0.5000000000000004441 ) ;
#1393 = CARTESIAN_POINT ( 'NONE',  ( -199.0000000000000000, -13.99999999999999822, 0.9512492197250295156 ) ) ;
#1394 = FACE_OUTER_BOUND ( 'NONE', #1920, .T. ) ;
#1395 = DIRECTION ( 'NONE',  ( 0.000000000000000000, -0.000000000000000000, -1.000000000000000000 ) ) ;
#1396 = AXIS2_PLACEMENT_3D ( 'NONE', #1771, #1292, #876 ) ;
#1397 = CIRCLE ( 'NONE', #256, 4.500000000000003553 ) ;
#1398 = LINE ( 'NONE', #2794, #180 ) ;
#1399 = EDGE_LOOP ( 'NONE', ( #1528, #531, #1739, #1335 ) ) ;
#1400 = DIRECTION ( 'NONE',  ( -4.513898307157584031E-33, 1.734723475976807094E-16, -1.000000000000000000 ) ) ;
#1401 = ORIENTED_EDGE ( 'NONE', *, *, #31, .T. ) ;
#1402 = CARTESIAN_POINT ( 'NONE',  ( -0.03656890918307580812, -14.86642711966108443, -11.04673010138441747 ) ) ;
#1403 =( NAMED_UNIT ( * ) SI_UNIT ( $, .STERADIAN. ) SOLID_ANGLE_UNIT ( ) );
#1404 = ADVANCED_FACE ( 'NONE', ( #1109 ), #170, .T. ) ;
#1405 = ORIENTED_EDGE ( 'NONE', *, *, #1674, .F. ) ;
#1406 = CARTESIAN_POINT ( 'NONE',  ( 1.500000000000001332, 4.898587196589411843E-16, 4.000000000000000000 ) ) ;
#1407 = CIRCLE ( 'NONE', #2951, 1.600000000000000755 ) ;
#1408 = VECTOR ( 'NONE', #720, 1000.000000000000000 ) ;
#1409 = SPHERICAL_SURFACE ( 'NONE', #2329, 1.000000000000000000 ) ;
#1410 = AXIS2_PLACEMENT_3D ( 'NONE', #1490, #2868, #141 ) ;
#1411 = LINE ( 'NONE', #478, #1655 ) ;
#1412 = CARTESIAN_POINT ( 'NONE',  ( -185.4777364751743676, -4.000163597331999554, 8.963694341188015002 ) ) ;
#1413 = AXIS2_PLACEMENT_3D ( 'NONE', #192, #1549, #1302 ) ;
#1414 = CARTESIAN_POINT ( 'NONE',  ( -200.0000000000000000, 12.99999999999999822, 7.500004687478024401 ) ) ;
#1415 = CARTESIAN_POINT ( 'NONE',  ( 0.000000000000000000, 15.50000000000000178, -11.42687382958756359 ) ) ;
#1416 = ORIENTED_EDGE ( 'NONE', *, *, #2685, .F. ) ;
#1417 = ORIENTED_EDGE ( 'NONE', *, *, #2821, .F. ) ;
#1418 = ORIENTED_EDGE ( 'NONE', *, *, #1271, .T. ) ;
#1419 = CARTESIAN_POINT ( 'NONE',  ( 2.000000000000000000, -14.99999999999999289, -15.00000000000001599 ) ) ;
#1420 = CARTESIAN_POINT ( 'NONE',  ( 0.000000000000000000, -15.49999999999999822, 11.50000000000000000 ) ) ;
#1421 = VERTEX_POINT ( 'NONE', #184 ) ;
#1422 = CARTESIAN_POINT ( 'NONE',  ( -186.0000000000000000, 0.000000000000000000, 11.49999999999999645 ) ) ;
#1423 = ADVANCED_FACE ( 'NONE', ( #2022 ), #223, .F. ) ;
#1424 = CARTESIAN_POINT ( 'NONE',  ( -1.450044201652285203, 14.00062396032982548, -8.927913763470607833 ) ) ;
#1425 = CARTESIAN_POINT ( 'NONE',  ( 0.000000000000000000, -15.00000000000000000, 16.60000000000001208 ) ) ;
#1426 = CARTESIAN_POINT ( 'NONE',  ( -187.0482481571490325, -3.895533953759473977, 8.967620620392949604 ) ) ;
#1427 = LINE ( 'NONE', #2350, #1713 ) ;
#1428 = EDGE_CURVE ( 'NONE', #2011, #2668, #2732, .T. ) ;
#1429 = ORIENTED_EDGE ( 'NONE', *, *, #89, .F. ) ;
#1430 = ORIENTED_EDGE ( 'NONE', *, *, #2756, .T. ) ;
#1431 = EDGE_LOOP ( 'NONE', ( #2817, #2088, #786, #2598 ) ) ;
#1432 = PLANE ( 'NONE',  #72 ) ;
#1433 = CARTESIAN_POINT ( 'NONE',  ( -0.03904098607848156821, -14.84563028475218971, 11.10737817085142076 ) ) ;
#1434 = ORIENTED_EDGE ( 'NONE', *, *, #2595, .T. ) ;
#1435 = LINE ( 'NONE', #506, #1834 ) ;
#1436 = EDGE_LOOP ( 'NONE', ( #1176, #1234 ) ) ;
#1437 = CARTESIAN_POINT ( 'NONE',  ( 3.382710778154772848E-16, -12.99999999999999645, 11.00000000000000000 ) ) ;
#1438 = EDGE_CURVE ( 'NONE', #2178, #64, #389, .T. ) ;
#1439 = CARTESIAN_POINT ( 'NONE',  ( -1.500000000000000000, -12.99999999999999467, 8.999999999999998224 ) ) ;
#1440 = CIRCLE ( 'NONE', #1340, 1.600000000000002531 ) ;
#1441 = CARTESIAN_POINT ( 'NONE',  ( -182.5048544449340397, -2.014475917502724034, 9.455171465624081506 ) ) ;
#1442 = DIRECTION ( 'NONE',  ( 0.04993761694388477307, 0.000000000000000000, 0.9987523388778450917 ) ) ;
#1443 = ORIENTED_EDGE ( 'NONE', *, *, #2970, .T. ) ;
#1444 = EDGE_LOOP ( 'NONE', ( #1586, #1632, #2221, #2281 ) ) ;
#1445 = ORIENTED_EDGE ( 'NONE', *, *, #647, .F. ) ;
#1446 = AXIS2_PLACEMENT_3D ( 'NONE', #1320, #2429, #415 ) ;
#1447 = FACE_OUTER_BOUND ( 'NONE', #1444, .T. ) ;
#1448 = AXIS2_PLACEMENT_3D ( 'NONE', #468, #1871, #2054 ) ;
#1449 = CARTESIAN_POINT ( 'NONE',  ( -0.7482739871101327100, -13.33042100429349119, 10.19825260257611887 ) ) ;
#1450 = ORIENTED_EDGE ( 'NONE', *, *, #2531, .F. ) ;
#1451 = DIRECTION ( 'NONE',  ( -0.04744650456979702946, 0.000000000000000000, -0.9988737804167793222 ) ) ;
#1452 = AXIS2_PLACEMENT_3D ( 'NONE', #2808, #1453, #325 ) ;
#1453 = DIRECTION ( 'NONE',  ( 0.000000000000000000, 1.000000000000000000, 0.000000000000000000 ) ) ;
#1454 = CARTESIAN_POINT ( 'NONE',  ( -185.4764012287123194, -3.999999999999993339, 9.463528940953631619 ) ) ;
#1455 = FACE_OUTER_BOUND ( 'NONE', #1112, .T. ) ;
#1456 =( BOUNDED_CURVE ( )  B_SPLINE_CURVE ( 3, ( #459, #15, #2581, #1415 ),
 .UNSPECIFIED., .F., .F. ) 
 B_SPLINE_CURVE_WITH_KNOTS ( ( 4, 4 ),
 ( 0.04995839572194273742, 1.570796326794896558 ),
 .UNSPECIFIED. ) 
 CURVE ( )  GEOMETRIC_REPRESENTATION_ITEM ( )  RATIONAL_B_SPLINE_CURVE ( ( 1.000000000000000000, 0.8163648751936719572, 0.8163648751936719572, 1.000000000000000000 ) ) 
 REPRESENTATION_ITEM ( '' )  );
#1457 = ADVANCED_FACE ( 'NONE', ( #2042 ), #1093, .F. ) ;
#1458 = AXIS2_PLACEMENT_3D ( 'NONE', #246, #2471, #695 ) ;
#1459 = EDGE_CURVE ( 'NONE', #1028, #936, #2262, .T. ) ;
#1460 = EDGE_LOOP ( 'NONE', ( #2338, #297, #607, #1473, #2857, #1095 ) ) ;
#1461 = ORIENTED_EDGE ( 'NONE', *, *, #2556, .F. ) ;
#1462 = AXIS2_PLACEMENT_3D ( 'NONE', #2065, #2078, #929 ) ;
#1463 = VERTEX_POINT ( 'NONE', #2218 ) ;
#1464 = DIRECTION ( 'NONE',  ( -1.734723475976802361E-15, 1.000000000000000000, 1.734723475976793881E-15 ) ) ;
#1465 = AXIS2_PLACEMENT_3D ( 'NONE', #1083, #1744, #598 ) ;
#1466 = AXIS2_PLACEMENT_3D ( 'NONE', #1858, #2129, #715 ) ;
#1467 = ORIENTED_EDGE ( 'NONE', *, *, #2347, .T. ) ;
#1468 = LINE ( 'NONE', #806, #1201 ) ;
#1469 = CYLINDRICAL_SURFACE ( 'NONE', #74, 1.599999999999990319 ) ;
#1470 = CARTESIAN_POINT ( 'NONE',  ( -185.4777364751743676, 4.000163597331999554, 8.963694341188015002 ) ) ;
#1471 = DIRECTION ( 'NONE',  ( -0.000000000000000000, -0.000000000000000000, -1.000000000000000000 ) ) ;
#1472 = FACE_BOUND ( 'NONE', #2923, .T. ) ;
#1473 = ORIENTED_EDGE ( 'NONE', *, *, #509, .T. ) ;
#1474 = ORIENTED_EDGE ( 'NONE', *, *, #1716, .F. ) ;
#1475 = ORIENTED_EDGE ( 'NONE', *, *, #2555, .T. ) ;
#1476 = CARTESIAN_POINT ( 'NONE',  ( -171.4142135623730780, -13.00000000000000000, 10.99999999999999112 ) ) ;
#1477 =( BOUNDED_CURVE ( )  B_SPLINE_CURVE ( 3, ( #442, #1306, #1291, #2231 ),
 .UNSPECIFIED., .F., .F. ) 
 B_SPLINE_CURVE_WITH_KNOTS ( ( 4, 4 ),
 ( 4.712388980384693227, 4.762347376106635721 ),
 .UNSPECIFIED. ) 
 CURVE ( )  GEOMETRIC_REPRESENTATION_ITEM ( )  RATIONAL_B_SPLINE_CURVE ( ( 1.000000000000000000, 0.9997920240391404700, 0.9997920240391404700, 1.000000000000000000 ) ) 
 REPRESENTATION_ITEM ( '' )  );
#1478 = DIRECTION ( 'NONE',  ( 0.000000000000000000, 0.000000000000000000, 1.000000000000000000 ) ) ;
#1479 = ORIENTED_EDGE ( 'NONE', *, *, #589, .F. ) ;
#1480 = CARTESIAN_POINT ( 'NONE',  ( -0.1893204163876598956, 14.74457153205330862, 10.24095255342234800 ) ) ;
#1481 = CARTESIAN_POINT ( 'NONE',  ( 0.000000000000000000, 15.50000000000000178, -11.42687382958756359 ) ) ;
#1482 = ADVANCED_FACE ( 'NONE', ( #2503 ), #1063, .F. ) ;
#1483 = CARTESIAN_POINT ( 'NONE',  ( 0.000000000000000000, -15.00000000000000000, 15.00000000000001066 ) ) ;
#1484 = EDGE_CURVE ( 'NONE', #1002, #2552, #1123, .T. ) ;
#1485 = DIRECTION ( 'NONE',  ( 0.000000000000000000, 0.000000000000000000, 1.000000000000000000 ) ) ;
#1486 = CARTESIAN_POINT ( 'NONE',  ( -190.3841270392473746, -1.177865484095901083, 8.975960317598115523 ) ) ;
#1487 = CARTESIAN_POINT ( 'NONE',  ( -171.4142135623730780, 13.99999999999999822, 11.00000000000000000 ) ) ;
#1488 = CIRCLE ( 'NONE', #1880, 1.500000000000000444 ) ;
#1489 = ORIENTED_EDGE ( 'NONE', *, *, #151, .T. ) ;
#1490 = CARTESIAN_POINT ( 'NONE',  ( -199.0000000000000000, 12.99999999999999645, -2.255140518769848828E-15 ) ) ;
#1491 = ORIENTED_EDGE ( 'NONE', *, *, #1046, .T. ) ;
#1492 = CARTESIAN_POINT ( 'NONE',  ( -1.500000000000000000, 11.00374531250733057, 0.000000000000000000 ) ) ;
#1493 = CIRCLE ( 'NONE', #116, 1.000000000000000888 ) ;
#1494 = ORIENTED_EDGE ( 'NONE', *, *, #647, .T. ) ;
#1495 = EDGE_LOOP ( 'NONE', ( #1923, #636, #1043, #580 ) ) ;
#1496 =( BOUNDED_CURVE ( )  B_SPLINE_CURVE ( 3, ( #472, #1633, #703, #236 ),
 .UNSPECIFIED., .F., .F. ) 
 B_SPLINE_CURVE_WITH_KNOTS ( ( 4, 4 ),
 ( 0.000000000000000000, 3.141592653589793116 ),
 .UNSPECIFIED. ) 
 CURVE ( )  GEOMETRIC_REPRESENTATION_ITEM ( )  RATIONAL_B_SPLINE_CURVE ( ( 1.000000000000000000, 0.3333333333333333703, 0.3333333333333333703, 1.000000000000000000 ) ) 
 REPRESENTATION_ITEM ( '' )  );
#1497 = CARTESIAN_POINT ( 'NONE',  ( -0.8352731925577829841, 13.25291759746167308, 10.15175055847694097 ) ) ;
#1498 = CARTESIAN_POINT ( 'NONE',  ( -1.008632041654642819, 14.03577078121685062, -9.962644610804733958 ) ) ;
#1499 = VECTOR ( 'NONE', #2265, 1000.000000000000227 ) ;
#1500 = VECTOR ( 'NONE', #2183, 1000.000000000000000 ) ;
#1501 = ADVANCED_FACE ( 'NONE', ( #2056 ), #1799, .F. ) ;
#1502 = EDGE_CURVE ( 'NONE', #179, #2159, #255, .T. ) ;
#1503 = CARTESIAN_POINT ( 'NONE',  ( -190.5000000000000000, 0.000000000000000000, 9.476251562497555625 ) ) ;
#1504 = CARTESIAN_POINT ( 'NONE',  ( -189.4954575486231363, 2.013886691020084108, 8.973738643871469023 ) ) ;
#1505 = DIRECTION ( 'NONE',  ( -0.9987523388778450917, 1.082849455586173766E-17, 0.04993761694388470368 ) ) ;
#1506 = ORIENTED_EDGE ( 'NONE', *, *, #1677, .T. ) ;
#1507 = CARTESIAN_POINT ( 'NONE',  ( -1.466673636300056316, -13.00104014972032118, -9.926666318185001003 ) ) ;
#1508 = ORIENTED_EDGE ( 'NONE', *, *, #338, .F. ) ;
#1509 = DIRECTION ( 'NONE',  ( 0.000000000000000000, 0.000000000000000000, -1.000000000000000000 ) ) ;
#1510 = AXIS2_PLACEMENT_3D ( 'NONE', #621, #1118, #1344 ) ;
#1511 = ORIENTED_EDGE ( 'NONE', *, *, #692, .F. ) ;
#1512 = VERTEX_POINT ( 'NONE', #2718 ) ;
#1513 = CARTESIAN_POINT ( 'NONE',  ( -200.0000000000000000, -13.00000000000000000, 0.9512492197250310699 ) ) ;
#1514 = AXIS2_PLACEMENT_3D ( 'NONE', #428, #1991, #612 ) ;
#1515 = CARTESIAN_POINT ( 'NONE',  ( -200.0000000000000000, 12.37858242632190198, 0.9999999999999958922 ) ) ;
#1516 = EDGE_CURVE ( 'NONE', #2882, #2597, #2233, .T. ) ;
#1517 = CARTESIAN_POINT ( 'NONE',  ( -194.3175144212721932, -6.717514421272190894, 11.99999999999999822 ) ) ;
#1518 =( BOUNDED_SURFACE ( )  B_SPLINE_SURFACE ( 3, 2, ( 
 ( #101, #943, #1717 ),
 ( #805, #2388, #2602 ),
 ( #2315, #2401, #2616 ),
 ( #535, #1235, #996 ),
 ( #131, #2179, #2076 ),
 ( #1497, #347, #2163 ),
 ( #1626, #1731, #1701 ),
 ( #2630, #2374, #1022 ),
 ( #2642, #1924, #552 ),
 ( #2788, #333, #707 ),
 ( #581, #1224, #1480 ),
 ( #2415, #2858, #112 ),
 ( #1249, #2843, #43 ),
 ( #776, #1148, #24 ) ),
 .UNSPECIFIED., .F., .F., .F. ) 
 B_SPLINE_SURFACE_WITH_KNOTS ( ( 4, 2, 2, 2, 2, 2, 4 ),
 ( 3, 3 ),
 ( 3.141592653589793116, 3.337942194439155408, 3.534291735288517255, 3.730641276137879103, 3.926990816987241395, 4.319689898685965090, 4.712388980384689674 ),
 ( 0.000000000000000000, 1.000000000000000000 ),
 .UNSPECIFIED. ) 
 GEOMETRIC_REPRESENTATION_ITEM ( )  RATIONAL_B_SPLINE_SURFACE ( (
 ( 1.000000000000000000, 0.7071067811865475727, 1.000000000000000000),
 ( 1.000000000000000000, 0.7070717273041683404, 1.000000000000000000),
 ( 1.000000000000000000, 0.7117460039580570941, 1.000000000000000000),
 ( 1.000000000000000000, 0.7291288925852593694, 1.000000000000000000),
 ( 1.000000000000000000, 0.7418334198132471302, 1.000000000000000000),
 ( 1.000000000000000000, 0.7723968198839564758, 1.000000000000000000),
 ( 1.000000000000000000, 0.7902180103235745268, 1.000000000000000000),
 ( 1.000000000000000000, 0.8275942679197663132, 1.000000000000000000),
 ( 1.000000000000000000, 0.8471316616386203036, 1.000000000000000000),
 ( 1.000000000000000000, 0.9038128880760760708, 1.000000000000000000),
 ( 1.000000000000000000, 0.9386556518432053187, 1.000000000000000000),
 ( 1.000000000000000000, 0.9867291879191069093, 1.000000000000000000),
 ( 1.000000000000000000, 1.000158581772869093, 1.000000000000000000),
 ( 1.000000000000000000, 1.000000000000000000, 1.000000000000000000) ) ) 
 REPRESENTATION_ITEM ( '' )  SURFACE ( )  );
#1519 = CARTESIAN_POINT ( 'NONE',  ( -1.496250011718695205, 12.50374062502930350, 7.003745312507326126 ) ) ;
#1520 = DIRECTION ( 'NONE',  ( 1.000000000000000000, 4.336808689942018352E-17, -0.000000000000000000 ) ) ;
#1521 = ORIENTED_EDGE ( 'NONE', *, *, #507, .T. ) ;
#1522 = VERTEX_POINT ( 'NONE', #656 ) ;
#1523 = ORIENTED_EDGE ( 'NONE', *, *, #1502, .T. ) ;
#1524 = LINE ( 'NONE', #2445, #1696 ) ;
#1525 = FACE_BOUND ( 'NONE', #1906, .T. ) ;
#1526 = EDGE_CURVE ( 'NONE', #622, #1293, #539, .T. ) ;
#1527 = ORIENTED_EDGE ( 'NONE', *, *, #1073, .F. ) ;
#1528 = ORIENTED_EDGE ( 'NONE', *, *, #507, .F. ) ;
#1529 = CYLINDRICAL_SURFACE ( 'NONE', #1465, 1.500000000000000444 ) ;
#1530 = CARTESIAN_POINT ( 'NONE',  ( -0.7880722173787985119, 14.17629543133834069, -9.220699548484770247 ) ) ;
#1531 = CARTESIAN_POINT ( 'NONE',  ( -200.0011000000000081, -14.99999999999999289, -15.00000000000001599 ) ) ;
#1532 = DIRECTION ( 'NONE',  ( 1.000000000000000000, -0.000000000000000000, -0.000000000000000000 ) ) ;
#1533 = PRODUCT_DEFINITION_CONTEXT ( 'detailed design', #738, 'design' ) ;
#1534 = DIRECTION ( 'NONE',  ( 1.000000000000000000, 0.000000000000000000, 0.000000000000000000 ) ) ;
#1535 = EDGE_CURVE ( 'NONE', #2460, #804, #1251, .T. ) ;
#1536 = VERTEX_POINT ( 'NONE', #2069 ) ;
#1537 = ORIENTED_EDGE ( 'NONE', *, *, #1233, .F. ) ;
#1538 = FACE_OUTER_BOUND ( 'NONE', #766, .T. ) ;
#1539 = CARTESIAN_POINT ( 'NONE',  ( 0.000000000000000000, 19.00000000000000000, -18.99999999999999645 ) ) ;
#1540 = ORIENTED_EDGE ( 'NONE', *, *, #2556, .T. ) ;
#1541 = ORIENTED_EDGE ( 'NONE', *, *, #2154, .T. ) ;
#1542 = CARTESIAN_POINT ( 'NONE',  ( -5.637851296924626015E-16, 13.00000000000000711, 11.00000000000000000 ) ) ;
#1543 = FACE_OUTER_BOUND ( 'NONE', #2229, .T. ) ;
#1544 = CIRCLE ( 'NONE', #1641, 1.600000000000000755 ) ;
#1545 = VECTOR ( 'NONE', #2656, 1000.000000000000000 ) ;
#1546 = CIRCLE ( 'NONE', #1838, 1.600000000000002531 ) ;
#1547 = DIRECTION ( 'NONE',  ( 1.000000000000000000, -0.000000000000000000, -0.000000000000000000 ) ) ;
#1548 = DIRECTION ( 'NONE',  ( 1.000000000000000000, 2.602085213965210950E-17, 0.000000000000000000 ) ) ;
#1549 = DIRECTION ( 'NONE',  ( 1.734723475976806897E-15, 4.336808689941892165E-18, 1.000000000000000000 ) ) ;
#1550 = CARTESIAN_POINT ( 'NONE',  ( -190.0000000000000000, 4.898587196589402968E-16, 9.476251562497557401 ) ) ;
#1551 = CARTESIAN_POINT ( 'NONE',  ( -180.8824855787277954, 3.517514421272205816, 8.952206213946816149 ) ) ;
#1552 = CIRCLE ( 'NONE', #1602, 1.600000000000002531 ) ;
#1553 = FACE_OUTER_BOUND ( 'NONE', #2781, .T. ) ;
#1554 = EDGE_CURVE ( 'NONE', #2654, #1512, #1645, .T. ) ;
#1555 = DIRECTION ( 'NONE',  ( -1.000000000000000000, -0.000000000000000000, -0.000000000000000000 ) ) ;
#1556 = EDGE_CURVE ( 'NONE', #847, #1907, #2031, .T. ) ;
#1557 = ORIENTED_EDGE ( 'NONE', *, *, #2813, .T. ) ;
#1558 = ORIENTED_EDGE ( 'NONE', *, *, #1617, .T. ) ;
#1559 = CARTESIAN_POINT ( 'NONE',  ( -1.425093574584161971, -13.00311915280538066, -9.928745321270797675 ) ) ;
#1560 = DIRECTION ( 'NONE',  ( 1.000000000000000000, -0.000000000000000000, -0.000000000000000000 ) ) ;
#1561 = DIRECTION ( 'NONE',  ( 0.000000000000000000, 0.000000000000000000, 1.000000000000000000 ) ) ;
#1562 = CIRCLE ( 'NONE', #2330, 1.599999999999990319 ) ;
#1563 = CARTESIAN_POINT ( 'NONE',  ( -200.0011000000000081, 0.000000000000000000, 0.000000000000000000 ) ) ;
#1564 = PLANE ( 'NONE',  #272 ) ;
#1565 = DIRECTION ( 'NONE',  ( -0.000000000000000000, -0.000000000000000000, 1.000000000000000000 ) ) ;
#1566 = CARTESIAN_POINT ( 'NONE',  ( -1.500000000000000000, 14.00000000000000533, 8.999999999999998224 ) ) ;
#1567 = FACE_BOUND ( 'NONE', #973, .T. ) ;
#1568 = CARTESIAN_POINT ( 'NONE',  ( 0.000000000000000000, -15.00000000000000000, 15.00000000000001066 ) ) ;
#1569 = EDGE_LOOP ( 'NONE', ( #2339, #417, #966, #269 ) ) ;
#1570 = DIRECTION ( 'NONE',  ( 1.000000000000000000, 0.000000000000000000, 0.000000000000000000 ) ) ;
#1571 = ORIENTED_EDGE ( 'NONE', *, *, #2834, .T. ) ;
#1572 = DIRECTION ( 'NONE',  ( 1.000000000000000000, 0.000000000000000000, 0.000000000000000000 ) ) ;
#1573 = CARTESIAN_POINT ( 'NONE',  ( -1.401824117758418531, -13.99999999999999467, 9.000000000002552625 ) ) ;
#1574 = EDGE_CURVE ( 'NONE', #1421, #346, #933, .T. ) ;
#1575 = CARTESIAN_POINT ( 'NONE',  ( -199.0000000000000000, -13.00000000000000178, 11.00000000000000000 ) ) ;
#1576 =( BOUNDED_CURVE ( )  B_SPLINE_CURVE ( 3, ( #686, #1156, #2084, #658 ),
 .UNSPECIFIED., .F., .F. ) 
 B_SPLINE_CURVE_WITH_KNOTS ( ( 4, 4 ),
 ( 3.141592653589793116, 6.283185307179586232 ),
 .UNSPECIFIED. ) 
 CURVE ( )  GEOMETRIC_REPRESENTATION_ITEM ( )  RATIONAL_B_SPLINE_CURVE ( ( 1.000000000000000000, 0.3333333333333333703, 0.3333333333333333703, 1.000000000000000000 ) ) 
 REPRESENTATION_ITEM ( '' )  );
#1577 = CARTESIAN_POINT ( 'NONE',  ( -182.8013326334543081, 2.458186882946670870, 9.456005310529103980 ) ) ;
#1578 = EDGE_CURVE ( 'NONE', #2448, #462, #1662, .T. ) ;
#1579 = CARTESIAN_POINT ( 'NONE',  ( -186.0000000000000000, 0.000000000000000000, 11.49999999999999645 ) ) ;
#1580 = ADVANCED_FACE ( 'NONE', ( #962 ), #2112, .T. ) ;
#1581 = CARTESIAN_POINT ( 'NONE',  ( -1.466673636300033001, 13.00104014972018973, -9.926666318185002780 ) ) ;
#1582 = LINE ( 'NONE', #2501, #2940 ) ;
#1583 = DIRECTION ( 'NONE',  ( 0.000000000000000000, -1.000000000000000000, 0.000000000000000000 ) ) ;
#1584 = ORIENTED_EDGE ( 'NONE', *, *, #1912, .F. ) ;
#1585 = DIRECTION ( 'NONE',  ( -0.000000000000000000, -1.734723475976807341E-16, -1.000000000000000000 ) ) ;
#1586 = ORIENTED_EDGE ( 'NONE', *, *, #2335, .T. ) ;
#1587 = DIRECTION ( 'NONE',  ( 0.000000000000000000, 0.000000000000000000, -1.000000000000000000 ) ) ;
#1588 = CARTESIAN_POINT ( 'NONE',  ( -1.016676510346997464, -14.07661084398917062, 9.127684739982043993 ) ) ;
#1589 = CARTESIAN_POINT ( 'NONE',  ( -193.2568542494923634, 2.456854249492410602, 8.983142135623724656 ) ) ;
#1590 = EDGE_CURVE ( 'NONE', #1907, #672, #1456, .T. ) ;
#1591 = EDGE_CURVE ( 'NONE', #1802, #1463, #1138, .T. ) ;
#1592 = AXIS2_PLACEMENT_3D ( 'NONE', #1304, #611, #143 ) ;
#1593 = CARTESIAN_POINT ( 'NONE',  ( 2.000000000000000000, 15.00000000000000000, 13.40000000000000746 ) ) ;
#1594 = AXIS2_PLACEMENT_3D ( 'NONE', #2111, #2098, #2303 ) ;
#1595 = PRESENTATION_STYLE_ASSIGNMENT (( #1881 ) ) ;
#1596 = CARTESIAN_POINT ( 'NONE',  ( -181.5012499960937760, 8.999999999999984013, 8.953753124990234014 ) ) ;
#1597 = CARTESIAN_POINT ( 'NONE',  ( 0.000000000000000000, -14.99999999999999289, -13.40000000000001457 ) ) ;
#1598 = CARTESIAN_POINT ( 'NONE',  ( -1.500000000000000000, 14.00000000000000178, -8.923750780274964711 ) ) ;
#1599 = CARTESIAN_POINT ( 'NONE',  ( 0.000000000000000000, 0.000000000000000000, 0.000000000000000000 ) ) ;
#1600 = ORIENTED_EDGE ( 'NONE', *, *, #564, .F. ) ;
#1601 = LINE ( 'NONE', #18, #2804 ) ;
#1602 = AXIS2_PLACEMENT_3D ( 'NONE', #193, #2259, #2079 ) ;
#1603 = EDGE_LOOP ( 'NONE', ( #1196, #1491, #753, #1015, #1210 ) ) ;
#1604 = CARTESIAN_POINT ( 'NONE',  ( -0.4786915061272381533, -13.66215410421048659, -10.32416629211375181 ) ) ;
#1605 = PRODUCT ( 'Drone Arm Design 1', 'Drone Arm Design 1', '', ( #2674 ) ) ;
#1606 = DIRECTION ( 'NONE',  ( -0.9987523388778452027, -3.789973094551620353E-17, 0.04993761694388478695 ) ) ;
#1607 = CARTESIAN_POINT ( 'NONE',  ( -1.500000000000000000, 0.000000000000000000, -8.427058765924231309 ) ) ;
#1608 = AXIS2_PLACEMENT_3D ( 'NONE', #679, #2513, #2301 ) ;
#1609 = CARTESIAN_POINT ( 'NONE',  ( -182.1041092949756717, 1.046991541417989113, 9.454044369889528454 ) ) ;
#1610 = AXIS2_PLACEMENT_3D ( 'NONE', #2064, #2050, #244 ) ;
#1611 = PLANE ( 'NONE',  #1608 ) ;
#1612 = CIRCLE ( 'NONE', #1763, 0.9999999999999998890 ) ;
#1613 = CARTESIAN_POINT ( 'NONE',  ( 1.500000000000001332, 0.000000000000000000, 0.000000000000000000 ) ) ;
#1614 = DIRECTION ( 'NONE',  ( 0.000000000000000000, -1.000000000000000000, 0.000000000000000000 ) ) ;
#1615 = CARTESIAN_POINT ( 'NONE',  ( -1.500000000000000000, -11.00374531250733234, -6.927058765924232198 ) ) ;
#1616 = CARTESIAN_POINT ( 'NONE',  ( 0.000000000000000000, -15.49999999999999112, -11.42687382958756359 ) ) ;
#1617 = EDGE_CURVE ( 'NONE', #1177, #1767, #78, .T. ) ;
#1618 = ORIENTED_EDGE ( 'NONE', *, *, #2346, .F. ) ;
#1619 = CARTESIAN_POINT ( 'NONE',  ( 0.000000000000000000, -14.99999999999999289, -16.60000000000001918 ) ) ;
#1620 = ORIENTED_EDGE ( 'NONE', *, *, #2155, .F. ) ;
#1621 = CARTESIAN_POINT ( 'NONE',  ( -1.244429753627695368, -13.98988889107402755, -9.916762720661600028 ) ) ;
#1622 = ADVANCED_FACE ( 'NONE', ( #514 ), #919, .T. ) ;
#1623 = CARTESIAN_POINT ( 'NONE',  ( -0.5850153138310628664, -13.51223093419376831, 10.30733856051624109 ) ) ;
#1624 = EDGE_CURVE ( 'NONE', #2366, #2147, #1427, .T. ) ;
#1625 = CARTESIAN_POINT ( 'NONE',  ( 1.500000000000001332, 0.000000000000000000, 0.000000000000000000 ) ) ;
#1626 = CARTESIAN_POINT ( 'NONE',  ( -0.7482739871101327100, 13.33042100429350185, 10.19825260257611887 ) ) ;
#1627 = DIRECTION ( 'NONE',  ( 4.336808689942018352E-17, -1.000000000000000000, 1.734723475976807341E-16 ) ) ;
#1628 = FACE_OUTER_BOUND ( 'NONE', #534, .T. ) ;
#1629 = CARTESIAN_POINT ( 'NONE',  ( -200.0000000000000000, -13.00000000000000000, 2.501869358519128728 ) ) ;
#1630 = DIRECTION ( 'NONE',  ( 0.000000000000000000, 0.000000000000000000, 1.000000000000000000 ) ) ;
#1631 = EDGE_CURVE ( 'NONE', #2236, #2961, #1998, .T. ) ;
#1632 = ORIENTED_EDGE ( 'NONE', *, *, #2499, .F. ) ;
#1633 = CARTESIAN_POINT ( 'NONE',  ( -190.5012499960937760, -8.999999999999984013, 8.976253124990229537 ) ) ;
#1634 = EDGE_LOOP ( 'NONE', ( #2214, #1049, #1303, #80 ) ) ;
#1635 = CARTESIAN_POINT ( 'NONE',  ( 1.882511347752345349E-17, -15.30986512520471621, -11.10998237159634705 ) ) ;
#1636 = DIRECTION ( 'NONE',  ( -0.000000000000000000, -0.000000000000000000, 1.000000000000000000 ) ) ;
#1637 = EDGE_LOOP ( 'NONE', ( #716, #2408, #628, #1511 ) ) ;
#1638 = CARTESIAN_POINT ( 'NONE',  ( 0.000000000000000000, 11.00374531250733057, 7.003745312507325238 ) ) ;
#1639 = VECTOR ( 'NONE', #1775, 1000.000000000000000 ) ;
#1640 = DIRECTION ( 'NONE',  ( -1.000000000000000000, -4.336808689942018352E-17, -1.734723475976807094E-17 ) ) ;
#1641 = AXIS2_PLACEMENT_3D ( 'NONE', #1419, #2870, #1019 ) ;
#1642 = CARTESIAN_POINT ( 'NONE',  ( -1.466677953031034543, 13.00103993388304424, -9.926666102348452370 ) ) ;
#1643 = CARTESIAN_POINT ( 'NONE',  ( -200.0011000000000081, -14.99999999999999289, -16.60000000000001918 ) ) ;
#1644 = CARTESIAN_POINT ( 'NONE',  ( -168.5857864376268935, 13.99999999999999822, 8.999999999999994671 ) ) ;
#1645 = CIRCLE ( 'NONE', #354, 1.500000000000000444 ) ;
#1646 = VECTOR ( 'NONE', #1085, 1000.000000000000000 ) ;
#1647 = DIRECTION ( 'NONE',  ( 0.000000000000000000, -1.000000000000000000, 0.000000000000000000 ) ) ;
#1648 = ORIENTED_EDGE ( 'NONE', *, *, #755, .F. ) ;
#1649 = ORIENTED_EDGE ( 'NONE', *, *, #1484, .T. ) ;
#1650 = ORIENTED_EDGE ( 'NONE', *, *, #964, .F. ) ;
#1651 = ADVANCED_FACE ( 'NONE', ( #266 ), #33, .F. ) ;
#1652 = FACE_OUTER_BOUND ( 'NONE', #1569, .T. ) ;
#1653 = CARTESIAN_POINT ( 'NONE',  ( -0.8701104785366735594, -14.08968580632217815, 10.08968580632218170 ) ) ;
#1654 = ORIENTED_EDGE ( 'NONE', *, *, #1010, .F. ) ;
#1655 = VECTOR ( 'NONE', #1226, 1000.000000000000000 ) ;
#1656 = EDGE_CURVE ( 'NONE', #2546, #736, #41, .T. ) ;
#1657 = FILL_AREA_STYLE_COLOUR ( '', #2426 ) ;
#1658 = CARTESIAN_POINT ( 'NONE',  ( -1.571169756854695621, 12.50000000000000178, -8.425369436549400959 ) ) ;
#1659 = CARTESIAN_POINT ( 'NONE',  ( -184.8233845119988530, -4.382877043152091368, 8.962058461279994503 ) ) ;
#1660 = CIRCLE ( 'NONE', #1850, 0.9999999999999997780 ) ;
#1661 = DIRECTION ( 'NONE',  ( -0.000000000000000000, -0.000000000000000000, 1.000000000000000000 ) ) ;
#1662 = LINE ( 'NONE', #2304, #414 ) ;
#1663 = VECTOR ( 'NONE', #1909, 1000.000000000000000 ) ;
#1664 = EDGE_LOOP ( 'NONE', ( #51, #329, #2705, #2121 ) ) ;
#1665 = ORIENTED_EDGE ( 'NONE', *, *, #219, .F. ) ;
#1666 = VERTEX_POINT ( 'NONE', #1872 ) ;
#1667 = CYLINDRICAL_SURFACE ( 'NONE', #1053, 1.499999999999999556 ) ;
#1668 = CARTESIAN_POINT ( 'NONE',  ( -171.4142135623730780, -13.00000000000000178, 11.99999999999999822 ) ) ;
#1669 = EDGE_LOOP ( 'NONE', ( #376, #775, #2840, #596 ) ) ;
#1670 = CARTESIAN_POINT ( 'NONE',  ( -200.0000000000000000, 11.50000468747803062, 8.999999999999994671 ) ) ;
#1671 = ORIENTED_EDGE ( 'NONE', *, *, #138, .F. ) ;
#1672 = EDGE_CURVE ( 'NONE', #2171, #95, #2545, .T. ) ;
#1673 = LINE ( 'NONE', #525, #1759 ) ;
#1674 = EDGE_CURVE ( 'NONE', #1258, #2236, #1398, .T. ) ;
#1675 = CARTESIAN_POINT ( 'NONE',  ( -190.0000000000000000, 4.898587196589402968E-16, 9.476251562497557401 ) ) ;
#1676 = CARTESIAN_POINT ( 'NONE',  ( -182.5051650623694002, -2.015062557070100180, 8.956262912656130837 ) ) ;
#1677 = EDGE_CURVE ( 'NONE', #992, #2171, #2911, .T. ) ;
#1678 = DIRECTION ( 'NONE',  ( -0.000000000000000000, -0.000000000000000000, 1.000000000000000000 ) ) ;
#1679 = ORIENTED_EDGE ( 'NONE', *, *, #1719, .T. ) ;
#1680 = ORIENTED_EDGE ( 'NONE', *, *, #2419, .T. ) ;
#1681 = ORIENTED_EDGE ( 'NONE', *, *, #2557, .T. ) ;
#1682 = FACE_OUTER_BOUND ( 'NONE', #985, .T. ) ;
#1683 = CARTESIAN_POINT ( 'NONE',  ( -0.5850153138310624223, -14.30733856051623576, 9.512230934193771859 ) ) ;
#1684 = ORIENTED_EDGE ( 'NONE', *, *, #1554, .T. ) ;
#1685 = DIRECTION ( 'NONE',  ( 0.9988706659777674135, 0.002497176664944394074, -0.04744635663394392716 ) ) ;
#1686 = CARTESIAN_POINT ( 'NONE',  ( -1.571169756854695621, -11.00374531250733234, -8.425369436549400959 ) ) ;
#1687 = ADVANCED_FACE ( 'NONE', ( #1455 ), #1255, .F. ) ;
#1688 = ADVANCED_FACE ( 'NONE', ( #808 ), #2650, .F. ) ;
#1689 = ADVANCED_FACE ( 'NONE', ( #311 ), #1014, .T. ) ;
#1690 = CARTESIAN_POINT ( 'NONE',  ( -0.003749941407037307630, 11.00001406233155166, 8.500009374853519262 ) ) ;
#1691 = CARTESIAN_POINT ( 'NONE',  ( -188.2675354032846542, -3.932038749449475290, 8.970668838508208509 ) ) ;
#1692 = LINE ( 'NONE', #2393, #2239 ) ;
#1693 = ORIENTED_EDGE ( 'NONE', *, *, #258, .F. ) ;
#1694 = ORIENTED_EDGE ( 'NONE', *, *, #402, .T. ) ;
#1695 = VERTEX_POINT ( 'NONE', #1487 ) ;
#1696 = VECTOR ( 'NONE', #1290, 1000.000000000000227 ) ;
#1697 = CARTESIAN_POINT ( 'NONE',  ( 2.000000000000000000, -19.00000000000000000, -18.99999999999999645 ) ) ;
#1698 = CIRCLE ( 'NONE', #397, 1.499999999999999778 ) ;
#1699 =( BOUNDED_CURVE ( )  B_SPLINE_CURVE ( 3, ( #749, #1922, #1711, #2628 ),
 .UNSPECIFIED., .F., .F. ) 
 B_SPLINE_CURVE_WITH_KNOTS ( ( 4, 4 ),
 ( 3.141592653589793116, 6.283185307179586232 ),
 .UNSPECIFIED. ) 
 CURVE ( )  GEOMETRIC_REPRESENTATION_ITEM ( )  RATIONAL_B_SPLINE_CURVE ( ( 1.000000000000000000, 0.3333333333333333703, 0.3333333333333333703, 1.000000000000000000 ) ) 
 REPRESENTATION_ITEM ( '' )  );
#1700 = ORIENTED_EDGE ( 'NONE', *, *, #1942, .T. ) ;
#1701 = CARTESIAN_POINT ( 'NONE',  ( -0.7482739871101322660, 14.19825260257612420, 9.330421004293496523 ) ) ;
#1702 = AXIS2_PLACEMENT_3D ( 'NONE', #1106, #2039, #888 ) ;
#1703 = CARTESIAN_POINT ( 'NONE',  ( -188.4581868829465066, 3.198667366545876689, 9.471915213105800646 ) ) ;
#1704 = CARTESIAN_POINT ( 'NONE',  ( -178.7431457505076082, -5.656854249492385911, 8.946857864376267955 ) ) ;
#1705 = CARTESIAN_POINT ( 'NONE',  ( -199.9999999999999716, -12.37868273542103559, 9.000000000000000000 ) ) ;
#1706 = EDGE_LOOP ( 'NONE', ( #2424, #2900 ) ) ;
#1707 = ORIENTED_EDGE ( 'NONE', *, *, #1184, .T. ) ;
#1708 = AXIS2_PLACEMENT_3D ( 'NONE', #2922, #2694, #633 ) ;
#1709 = VERTEX_POINT ( 'NONE', #94 ) ;
#1710 = UNCERTAINTY_MEASURE_WITH_UNIT (LENGTH_MEASURE( 1.000000000000000082E-05 ), #1910, 'distance_accuracy_value', 'NONE');
#1711 = CARTESIAN_POINT ( 'NONE',  ( -194.3175144212721932, -3.517514421272208480, 8.985793786053173804 ) ) ;
#1712 = AXIS2_PLACEMENT_3D ( 'NONE', #1773, #1265, #146 ) ;
#1713 = VECTOR ( 'NONE', #699, 1000.000000000000000 ) ;
#1714 = ORIENTED_EDGE ( 'NONE', *, *, #2036, .T. ) ;
#1715 = EDGE_CURVE ( 'NONE', #622, #672, #990, .T. ) ;
#1716 = EDGE_CURVE ( 'NONE', #2147, #2597, #1692, .T. ) ;
#1717 = CARTESIAN_POINT ( 'NONE',  ( -1.500000000000000222, 14.00000000000000533, 8.999999999999998224 ) ) ;
#1718 = CARTESIAN_POINT ( 'NONE',  ( -0.2923772296840891349, 14.54449681430827468, -10.47137064389583827 ) ) ;
#1719 = EDGE_CURVE ( 'NONE', #2162, #2928, #935, .T. ) ;
#1720 = CARTESIAN_POINT ( 'NONE',  ( -171.4142135623730780, -13.00000000000000355, 10.99999999999999822 ) ) ;
#1721 = CARTESIAN_POINT ( 'NONE',  ( -189.4951455550659603, 2.014475917502729363, 9.474831659371030668 ) ) ;
#1722 = CARTESIAN_POINT ( 'NONE',  ( -189.4951455550660171, -2.014475917502585478, 9.474831659371032444 ) ) ;
#1723 = CARTESIAN_POINT ( 'NONE',  ( -1.500000000000000000, -15.49999999999999289, -2.688821387764049419E-15 ) ) ;
#1724 = VERTEX_POINT ( 'NONE', #2406 ) ;
#1725 = ORIENTED_EDGE ( 'NONE', *, *, #1914, .T. ) ;
#1726 = ORIENTED_EDGE ( 'NONE', *, *, #1677, .F. ) ;
#1727 = DIRECTION ( 'NONE',  ( 0.000000000000000000, 0.000000000000000000, -1.000000000000000000 ) ) ;
#1728 = ADVANCED_FACE ( 'NONE', ( #528 ), #2185, .F. ) ;
#1729 = EDGE_CURVE ( 'NONE', #672, #2279, #1027, .T. ) ;
#1730 = ORIENTED_EDGE ( 'NONE', *, *, #1261, .T. ) ;
#1731 = CARTESIAN_POINT ( 'NONE',  ( -1.054433676718738333, 14.02212604279606190, 10.02212604279622177 ) ) ;
#1732 = CARTESIAN_POINT ( 'NONE',  ( -200.0000000000000000, 13.00000000000000178, 2.501869358519124287 ) ) ;
#1733 = DIRECTION ( 'NONE',  ( -1.000000000000000000, 0.000000000000000000, 0.000000000000000000 ) ) ;
#1734 = FACE_OUTER_BOUND ( 'NONE', #328, .T. ) ;
#1735 = CARTESIAN_POINT ( 'NONE',  ( 0.03124980468872041312, 12.49992187548828504, 0.000000000000000000 ) ) ;
#1736 = AXIS2_PLACEMENT_3D ( 'NONE', #2464, #2029, #2254 ) ;
#1737 = ORIENTED_EDGE ( 'NONE', *, *, #2573, .T. ) ;
#1738 = CARTESIAN_POINT ( 'NONE',  ( -1.524927291558329179, -13.99916874447365345, -9.923753635422148278 ) ) ;
#1739 = ORIENTED_EDGE ( 'NONE', *, *, #1184, .F. ) ;
#1740 = CARTESIAN_POINT ( 'NONE',  ( -177.6824855787278068, 3.517514421272205816, 8.944206213946813477 ) ) ;
#1741 = VECTOR ( 'NONE', #1963, 1000.000000000000000 ) ;
#1742 = EDGE_CURVE ( 'NONE', #1878, #287, #1612, .T. ) ;
#1743 = ORIENTED_EDGE ( 'NONE', *, *, #2643, .T. ) ;
#1744 = DIRECTION ( 'NONE',  ( 0.000000000000000000, -1.000000000000000000, 0.000000000000000000 ) ) ;
#1745 = CARTESIAN_POINT ( 'NONE',  ( 0.000000000000000000, 15.50000000000000178, -11.42687382958756359 ) ) ;
#1746 = VECTOR ( 'NONE', #892, 1000.000000000000000 ) ;
#1747 = VECTOR ( 'NONE', #2209, 1000.000000000000000 ) ;
#1748 = CARTESIAN_POINT ( 'NONE',  ( 0.000000000000000000, 0.000000000000000000, 0.000000000000000000 ) ) ;
#1749 = CARTESIAN_POINT ( 'NONE',  ( -190.5012499960855905, 0.5891548230467471559, 8.976253124990211774 ) ) ;
#1750 = ADVANCED_FACE ( 'NONE', ( #327 ), #341, .T. ) ;
#1751 = DIRECTION ( 'NONE',  ( -0.9999968750146484009, 0.000000000000000000, 0.002499992187536596855 ) ) ;
#1752 = EDGE_LOOP ( 'NONE', ( #1725, #2382, #2212, #1874 ) ) ;
#1753 = AXIS2_PLACEMENT_3D ( 'NONE', #689, #1606, #240 ) ;
#1754 = ORIENTED_EDGE ( 'NONE', *, *, #2624, .F. ) ;
#1755 = VERTEX_POINT ( 'NONE', #1971 ) ;
#1756 = CARTESIAN_POINT ( 'NONE',  ( -0.4028410897911583466, 0.000000000000000000, -8.480865048234917936 ) ) ;
#1757 = DIRECTION ( 'NONE',  ( 0.04993761694389214911, 0.000000000000000000, 0.9987523388778447586 ) ) ;
#1758 = VECTOR ( 'NONE', #426, 1000.000000000000114 ) ;
#1759 = VECTOR ( 'NONE', #1198, 1000.000000000000000 ) ;
#1760 = VERTEX_POINT ( 'NONE', #1274 ) ;
#1761 = ORIENTED_EDGE ( 'NONE', *, *, #2346, .T. ) ;
#1762 = CARTESIAN_POINT ( 'NONE',  ( -192.7175144212721989, -6.717514421272190894, 11.99999999999999822 ) ) ;
#1763 = AXIS2_PLACEMENT_3D ( 'NONE', #2422, #1505, #1442 ) ;
#1764 = CARTESIAN_POINT ( 'NONE',  ( 2.000000000000000000, 15.00000000000000711, -16.60000000000000497 ) ) ;
#1765 = CARTESIAN_POINT ( 'NONE',  ( -184.8233845119988530, 4.382877043152348939, 8.962058461279994503 ) ) ;
#1766 = DIRECTION ( 'NONE',  ( 0.000000000000000000, 0.000000000000000000, 1.000000000000000000 ) ) ;
#1767 = VERTEX_POINT ( 'NONE', #2199 ) ;
#1768 = ORIENTED_EDGE ( 'NONE', *, *, #1129, .T. ) ;
#1769 = CARTESIAN_POINT ( 'NONE',  ( 2.000000000000000000, -14.99999999999999289, -16.60000000000001918 ) ) ;
#1770 = PLANE ( 'NONE',  #1068 ) ;
#1771 = CARTESIAN_POINT ( 'NONE',  ( -179.2824855787278011, 6.717514421272187342, -19.00099999999999767 ) ) ;
#1772 = ORIENTED_EDGE ( 'NONE', *, *, #711, .T. ) ;
#1773 = CARTESIAN_POINT ( 'NONE',  ( -181.5000000000000000, 5.510910596163079695E-16, 9.453751562497556549 ) ) ;
#1774 = DIRECTION ( 'NONE',  ( 0.000000000000000000, 0.000000000000000000, 1.000000000000000000 ) ) ;
#1775 = DIRECTION ( 'NONE',  ( 0.000000000000000000, 1.734723475976807094E-16, -1.000000000000000000 ) ) ;
#1776 = EDGE_CURVE ( 'NONE', #2722, #1845, #150, .T. ) ;
#1777 = CARTESIAN_POINT ( 'NONE',  ( -182.5048544449340397, 2.014475917502734692, 9.455171465624081506 ) ) ;
#1778 = ADVANCED_FACE ( 'NONE', ( #2851 ), #2594, .F. ) ;
#1779 = CARTESIAN_POINT ( 'NONE',  ( -199.0000000000000000, 13.99999999999999467, 0.9512492197250311809 ) ) ;
#1780 = ORIENTED_EDGE ( 'NONE', *, *, #818, .T. ) ;
#1781 = ORIENTED_EDGE ( 'NONE', *, *, #2419, .F. ) ;
#1782 = LINE ( 'NONE', #1263, #164 ) ;
#1783 = FACE_OUTER_BOUND ( 'NONE', #1141, .T. ) ;
#1784 = DIRECTION ( 'NONE',  ( 0.9987523388778447586, 3.465118257876282123E-17, -0.04993761694389221850 ) ) ;
#1785 = ORIENTED_EDGE ( 'NONE', *, *, #2821, .T. ) ;
#1786 = ORIENTED_EDGE ( 'NONE', *, *, #710, .T. ) ;
#1787 = LINE ( 'NONE', #157, #2724 ) ;
#1788 = CARTESIAN_POINT ( 'NONE',  ( -191.1175144212722046, -6.717514421272190894, -19.00099999999999767 ) ) ;
#1789 = CIRCLE ( 'NONE', #205, 1.600000000000002531 ) ;
#1790 = AXIS2_PLACEMENT_3D ( 'NONE', #1322, #1784, #2746 ) ;
#1791 = AXIS2_PLACEMENT_3D ( 'NONE', #1625, #2122, #71 ) ;
#1792 = DIRECTION ( 'NONE',  ( 0.000000000000000000, -1.000000000000000000, 0.000000000000000000 ) ) ;
#1793 = CARTESIAN_POINT ( 'NONE',  ( -182.5051650623694002, 2.015062557070088189, 8.956262912656130837 ) ) ;
#1794 = CARTESIAN_POINT ( 'NONE',  ( -200.0037419902768079, 11.49982674309088360, 1.000177744538145230 ) ) ;
#1795 = CARTESIAN_POINT ( 'NONE',  ( -169.9999999999999716, -13.00000000000000000, 9.585786437626900636 ) ) ;
#1796 = CYLINDRICAL_SURFACE ( 'NONE', #1342, 1.600000000000002531 ) ;
#1797 = VECTOR ( 'NONE', #2096, 1000.000000000000000 ) ;
#1798 = DIRECTION ( 'NONE',  ( -0.000000000000000000, -1.084202172485505420E-16, 1.000000000000000000 ) ) ;
#1799 = CYLINDRICAL_SURFACE ( 'NONE', #2174, 1.000000000000000888 ) ;
#1800 = ORIENTED_EDGE ( 'NONE', *, *, #548, .T. ) ;
#1801 = FACE_OUTER_BOUND ( 'NONE', #950, .T. ) ;
#1802 = VERTEX_POINT ( 'NONE', #106 ) ;
#1803 = CARTESIAN_POINT ( 'NONE',  ( -1.406205009941142725, -13.99313475627173986, -9.920008585859168448 ) ) ;
#1804 = FACE_OUTER_BOUND ( 'NONE', #1847, .T. ) ;
#1805 = EDGE_CURVE ( 'NONE', #993, #1421, #2289, .T. ) ;
#1806 = VECTOR ( 'NONE', #1089, 1000.000000000000227 ) ;
#1807 = ADVANCED_FACE ( 'NONE', ( #1928, #1472, #439, #2440, #1103, #1812 ), #2005, .T. ) ;
#1808 = AXIS2_PLACEMENT_3D ( 'NONE', #2046, #896, #673 ) ;
#1809 = FACE_OUTER_BOUND ( 'NONE', #2720, .T. ) ;
#1810 =( BOUNDED_CURVE ( )  B_SPLINE_CURVE ( 3, ( #2661, #1515, #554, #1732 ),
 .UNSPECIFIED., .F., .F. ) 
 B_SPLINE_CURVE_WITH_KNOTS ( ( 4, 4 ),
 ( 0.05252378698846053157, 1.623438729674385295 ),
 .UNSPECIFIED. ) 
 CURVE ( )  GEOMETRIC_REPRESENTATION_ITEM ( )  RATIONAL_B_SPLINE_CURVE ( ( 1.000000000000000000, 0.8047098952616803524, 0.8047098952616803524, 1.000000000000000000 ) ) 
 REPRESENTATION_ITEM ( '' )  );
#1811 = EDGE_CURVE ( 'NONE', #1802, #1028, #2862, .T. ) ;
#1812 = FACE_OUTER_BOUND ( 'NONE', #448, .T. ) ;
#1813 = CARTESIAN_POINT ( 'NONE',  ( -171.7071067811865532, -14.00000000000000000, 11.29289321881346631 ) ) ;
#1814 = DIRECTION ( 'NONE',  ( 0.7071067811865493491, 4.906538933386789353E-15, -0.7071067811865457964 ) ) ;
#1815 = LINE ( 'NONE', #2914, #1023 ) ;
#1816 = CARTESIAN_POINT ( 'NONE',  ( -181.9431457505075969, -5.656854249492385911, 8.954857864376265297 ) ) ;
#1817 = ORIENTED_EDGE ( 'NONE', *, *, #31, .F. ) ;
#1818 = CARTESIAN_POINT ( 'NONE',  ( -190.0000000000000000, 7.103201353497729269E-15, 8.974999999999992539 ) ) ;
#1819 = EDGE_LOOP ( 'NONE', ( #1082, #317, #2688 ) ) ;
#1820 = EDGE_CURVE ( 'NONE', #2612, #1177, #2728, .T. ) ;
#1821 = CYLINDRICAL_SURFACE ( 'NONE', #1808, 1.000000000000000888 ) ;
#1822 = EDGE_CURVE ( 'NONE', #1995, #1709, #2960, .T. ) ;
#1823 = DIRECTION ( 'NONE',  ( 0.000000000000000000, 1.000000000000000000, 1.224646799147353207E-16 ) ) ;
#1824 = CARTESIAN_POINT ( 'NONE',  ( 2.000000000000000000, -19.00000000000000000, -18.99999999999999645 ) ) ;
#1825 = CARTESIAN_POINT ( 'NONE',  ( -200.0000000000000000, 13.00000000000000178, 8.999999999999994671 ) ) ;
#1826 = CARTESIAN_POINT ( 'NONE',  ( -1.549937616943894314, 14.00000000000000178, -9.922503119152812801 ) ) ;
#1827 = CARTESIAN_POINT ( 'NONE',  ( -199.0000000000000000, 13.99999999999999467, -2.428612866367529143E-15 ) ) ;
#1828 = DIRECTION ( 'NONE',  ( -1.000000000000000000, -0.000000000000000000, -0.000000000000000000 ) ) ;
#1829 = CARTESIAN_POINT ( 'NONE',  ( -178.7431457505076082, -2.456854249492403941, 8.946857864376267955 ) ) ;
#1830 = VERTEX_POINT ( 'NONE', #217 ) ;
#1831 = ORIENTED_EDGE ( 'NONE', *, *, #2283, .T. ) ;
#1832 = CYLINDRICAL_SURFACE ( 'NONE', #505, 1.499999999999999778 ) ;
#1833 = CARTESIAN_POINT ( 'NONE',  ( -1.303652884241744303, -14.00966913231115818, 9.016115220518571505 ) ) ;
#1834 = VECTOR ( 'NONE', #1386, 1000.000000000000000 ) ;
#1835 = LINE ( 'NONE', #2726, #538 ) ;
#1836 = VECTOR ( 'NONE', #2841, 1000.000000000000000 ) ;
#1837 = CARTESIAN_POINT ( 'NONE',  ( -179.2824855787278011, 6.717514421272187342, -19.00099999999999767 ) ) ;
#1838 = AXIS2_PLACEMENT_3D ( 'NONE', #2049, #1547, #910 ) ;
#1839 = SURFACE_STYLE_FILL_AREA ( #278 ) ;
#1840 = EDGE_CURVE ( 'NONE', #2615, #1536, #845, .T. ) ;
#1841 = CARTESIAN_POINT ( 'NONE',  ( -1.508305612589041722, 13.00000000000061462, -9.924584719370553643 ) ) ;
#1842 = DIRECTION ( 'NONE',  ( 1.000000000000000000, 0.000000000000000000, 0.000000000000000000 ) ) ;
#1843 = CARTESIAN_POINT ( 'NONE',  ( -200.0000000000000000, -13.00000000000000711, 1.622116271285045874 ) ) ;
#1844 = DIRECTION ( 'NONE',  ( 0.000000000000000000, 1.734723475976807094E-16, -1.000000000000000000 ) ) ;
#1845 = VERTEX_POINT ( 'NONE', #2667 ) ;
#1846 = CARTESIAN_POINT ( 'NONE',  ( -199.0000000000000000, -13.00000000000000178, 11.00000000000000000 ) ) ;
#1847 = EDGE_LOOP ( 'NONE', ( #1800, #2478, #2444, #2327 ) ) ;
#1848 = CARTESIAN_POINT ( 'NONE',  ( -0.5507684565374815211, -13.55778303241033456, -10.26154364903367444 ) ) ;
#1849 = DIRECTION ( 'NONE',  ( -0.000000000000000000, 1.000000000000000000, -0.000000000000000000 ) ) ;
#1850 = AXIS2_PLACEMENT_3D ( 'NONE', #1062, #2699, #1757 ) ;
#1851 = CARTESIAN_POINT ( 'NONE',  ( -200.0011000000000081, 15.00000000000000000, 16.60000000000001208 ) ) ;
#1852 = EDGE_CURVE ( 'NONE', #2162, #2323, #222, .T. ) ;
#1853 = AXIS2_PLACEMENT_3D ( 'NONE', #1542, #1996, #629 ) ;
#1854 = FACE_OUTER_BOUND ( 'NONE', #2568, .T. ) ;
#1855 = SPHERICAL_SURFACE ( 'NONE', #2137, 1.000000000000000000 ) ;
#1856 = CARTESIAN_POINT ( 'NONE',  ( -199.0000000000000000, -13.00000000000000000, 0.9512492197250282944 ) ) ;
#1857 = PLANE ( 'NONE',  #2032 ) ;
#1858 = CARTESIAN_POINT ( 'NONE',  ( -6.071532165918826803E-16, 14.00000000000000355, -2.428612866367530721E-15 ) ) ;
#1859 = ORIENTED_EDGE ( 'NONE', *, *, #206, .T. ) ;
#1860 = CARTESIAN_POINT ( 'NONE',  ( -190.5012499960937760, 7.993605777301114469E-15, 8.976253124990231314 ) ) ;
#1861 = ORIENTED_EDGE ( 'NONE', *, *, #1556, .F. ) ;
#1862 = CARTESIAN_POINT ( 'NONE',  ( -0.03656890918307580812, -15.11985627179684499, -10.79330094924865691 ) ) ;
#1863 = CARTESIAN_POINT ( 'NONE',  ( -0.7482739871101322660, -14.19825260257611355, 9.330421004293496523 ) ) ;
#1864 = EDGE_LOOP ( 'NONE', ( #597, #290, #500, #1160 ) ) ;
#1865 = CARTESIAN_POINT ( 'NONE',  ( -200.0011000000000081, 15.00000000000000000, 15.00000000000001066 ) ) ;
#1866 = DIRECTION ( 'NONE',  ( 0.000000000000000000, -1.000000000000000000, -0.000000000000000000 ) ) ;
#1867 = CARTESIAN_POINT ( 'NONE',  ( -1.500000000000000000, 13.00000000000000711, 9.999999999999998224 ) ) ;
#1868 = EDGE_CURVE ( 'NONE', #319, #2178, #2712, .T. ) ;
#1869 = DIRECTION ( 'NONE',  ( 1.000000000000000000, 0.000000000000000000, 0.000000000000000000 ) ) ;
#1870 = CARTESIAN_POINT ( 'NONE',  ( -183.5418131170533513, -3.198667366545699497, 9.458087911889309751 ) ) ;
#1871 = DIRECTION ( 'NONE',  ( 1.000000000000000000, -0.000000000000000000, 0.000000000000000000 ) ) ;
#1872 = CARTESIAN_POINT ( 'NONE',  ( -1.549937616943892094, 13.00000000000000355, -9.922503119152809248 ) ) ;
#1873 = ORIENTED_EDGE ( 'NONE', *, *, #2439, .T. ) ;
#1874 = ORIENTED_EDGE ( 'NONE', *, *, #2846, .F. ) ;
#1875 = ORIENTED_EDGE ( 'NONE', *, *, #2219, .F. ) ;
#1876 = CARTESIAN_POINT ( 'NONE',  ( 2.000000000000000000, 15.00000000000000711, -15.00000000000000355 ) ) ;
#1877 = DIRECTION ( 'NONE',  ( -0.9975093361076329268, 0.04987546680538176846, 0.04987546680538176846 ) ) ;
#1878 = VERTEX_POINT ( 'NONE', #1779 ) ;
#1879 = FACE_OUTER_BOUND ( 'NONE', #2264, .T. ) ;
#1880 = AXIS2_PLACEMENT_3D ( 'NONE', #2284, #2752, #1774 ) ;
#1881 = SURFACE_STYLE_USAGE ( .BOTH. , #11 ) ;
#1882 = AXIS2_PLACEMENT_3D ( 'NONE', #2613, #547, #168 ) ;
#1883 = FACE_BOUND ( 'NONE', #460, .T. ) ;
#1884 = CARTESIAN_POINT ( 'NONE',  ( -182.1041092949756717, -1.046991541417977567, 9.454044369889528454 ) ) ;
#1885 = CARTESIAN_POINT ( 'NONE',  ( -191.6568542494923975, 5.656854249492393016, -19.00099999999999767 ) ) ;
#1886 = AXIS2_PLACEMENT_3D ( 'NONE', #1122, #916, #947 ) ;
#1887 = DIRECTION ( 'NONE',  ( 2.934573880194097616E-14, 0.000000000000000000, 1.000000000000000000 ) ) ;
#1888 = ORIENTED_EDGE ( 'NONE', *, *, #437, .F. ) ;
#1889 = EDGE_LOOP ( 'NONE', ( #670, #2871 ) ) ;
#1890 = ORIENTED_EDGE ( 'NONE', *, *, #1911, .T. ) ;
#1891 = DIRECTION ( 'NONE',  ( 0.000000000000000000, 1.000000000000000000, 0.000000000000000000 ) ) ;
#1892 = CARTESIAN_POINT ( 'NONE',  ( -0.7722949844963613586, -14.13792614823373128, 10.13792614823373661 ) ) ;
#1893 = ADVANCED_FACE ( 'NONE', ( #1057 ), #2035, .F. ) ;
#1894 = ADVANCED_FACE ( 'NONE', ( #2245 ), #1564, .T. ) ;
#1895 = ORIENTED_EDGE ( 'NONE', *, *, #2624, .T. ) ;
#1896 = DIRECTION ( 'NONE',  ( -0.9987523388778446476, -3.465118257876281507E-17, 0.04993761694389221156 ) ) ;
#1897 = ADVANCED_FACE ( 'NONE', ( #651 ), #1987, .F. ) ;
#1898 = EDGE_CURVE ( 'NONE', #2552, #1695, #424, .T. ) ;
#1899 = ORIENTED_EDGE ( 'NONE', *, *, #1211, .T. ) ;
#1900 = CARTESIAN_POINT ( 'NONE',  ( -200.0011000000000081, 15.00000000000000711, -16.60000000000000497 ) ) ;
#1901 = AXIS2_PLACEMENT_3D ( 'NONE', #605, #2484, #2908 ) ;
#1902 = FACE_OUTER_BOUND ( 'NONE', #1337, .T. ) ;
#1903 = CARTESIAN_POINT ( 'NONE',  ( -181.5012499960937760, 5.510910596163079695E-16, 8.953753124990234014 ) ) ;
#1904 = AXIS2_PLACEMENT_3D ( 'NONE', #1190, #2879, #2609 ) ;
#1905 = CARTESIAN_POINT ( 'NONE',  ( -192.7175144212721989, -6.717514421272190894, 11.99999999999999822 ) ) ;
#1906 = EDGE_LOOP ( 'NONE', ( #1600, #2629 ) ) ;
#1907 = VERTEX_POINT ( 'NONE', #1330 ) ;
#1908 = ORIENTED_EDGE ( 'NONE', *, *, #1075, .F. ) ;
#1909 = DIRECTION ( 'NONE',  ( 0.7071067811865485719, -9.199760500100226340E-17, -0.7071067811865465735 ) ) ;
#1910 =( LENGTH_UNIT ( ) NAMED_UNIT ( * ) SI_UNIT ( .MILLI., .METRE. ) );
#1911 = EDGE_CURVE ( 'NONE', #1002, #1463, #39, .T. ) ;
#1912 = EDGE_CURVE ( 'NONE', #811, #2387, #382, .T. ) ;
#1913 = ORIENTED_EDGE ( 'NONE', *, *, #2386, .F. ) ;
#1914 = EDGE_CURVE ( 'NONE', #2831, #2011, #2188, .T. ) ;
#1915 = CARTESIAN_POINT ( 'NONE',  ( -200.0000000000000000, -13.00000000000000178, 11.00000000000000000 ) ) ;
#1916 = DIRECTION ( 'NONE',  ( -0.000000000000000000, -1.000000000000000000, -0.000000000000000000 ) ) ;
#1917 = FACE_OUTER_BOUND ( 'NONE', #2894, .T. ) ;
#1918 = DIRECTION ( 'NONE',  ( 0.000000000000000000, 1.734723475976807341E-16, 1.000000000000000000 ) ) ;
#1919 = ORIENTED_EDGE ( 'NONE', *, *, #243, .T. ) ;
#1920 = EDGE_LOOP ( 'NONE', ( #576, #1988, #2006, #2193 ) ) ;
#1921 = EDGE_LOOP ( 'NONE', ( #363, #1817, #2627, #145 ) ) ;
#1922 = CARTESIAN_POINT ( 'NONE',  ( -191.1175144212722046, -3.517514421272208480, 8.977793786053174685 ) ) ;
#1923 = ORIENTED_EDGE ( 'NONE', *, *, #2110, .T. ) ;
#1924 = CARTESIAN_POINT ( 'NONE',  ( -0.7722949844963251653, 14.13792614823391958, 10.13792614823355898 ) ) ;
#1925 = CARTESIAN_POINT ( 'NONE',  ( -200.0000000000000000, -13.00000000000000178, 9.999999999999994671 ) ) ;
#1926 = CARTESIAN_POINT ( 'NONE',  ( -191.6568542494923975, 5.656854249492393016, 11.99999999999999822 ) ) ;
#1927 = CARTESIAN_POINT ( 'NONE',  ( -1.500000000000000000, 13.00000000000000533, 8.999999999999998224 ) ) ;
#1928 = FACE_BOUND ( 'NONE', #1436, .T. ) ;
#1929 = CIRCLE ( 'NONE', #2313, 0.9999999999999988898 ) ;
#1930 = ADVANCED_FACE ( 'NONE', ( #2453 ), #1074, .F. ) ;
#1931 = ORIENTED_EDGE ( 'NONE', *, *, #2117, .T. ) ;
#1932 = ORIENTED_EDGE ( 'NONE', *, *, #2756, .F. ) ;
#1933 = EDGE_CURVE ( 'NONE', #2734, #2133, #2376, .T. ) ;
#1934 = ORIENTED_EDGE ( 'NONE', *, *, #1822, .T. ) ;
#1935 = DIRECTION ( 'NONE',  ( 1.156482317317871331E-15, 1.000000000000000000, -5.493291007259886256E-17 ) ) ;
#1936 = AXIS2_PLACEMENT_3D ( 'NONE', #1038, #1969, #2889 ) ;
#1937 = ORIENTED_EDGE ( 'NONE', *, *, #2846, .T. ) ;
#1938 = DIRECTION ( 'NONE',  ( 1.000000000000000000, -0.000000000000000000, -0.000000000000000000 ) ) ;
#1939 = CARTESIAN_POINT ( 'NONE',  ( -1.406205009941199124, 13.99313475627160841, -9.920008585859166672 ) ) ;
#1940 = CARTESIAN_POINT ( 'NONE',  ( -170.7071067811865248, 13.00000000000000000, 11.70710678118653902 ) ) ;
#1941 = EDGE_CURVE ( 'NONE', #1947, #2171, #1185, .T. ) ;
#1942 = EDGE_CURVE ( 'NONE', #2552, #1028, #2092, .T. ) ;
#1943 = CARTESIAN_POINT ( 'NONE',  ( -183.9865471534249366, 3.495732767946554631, 8.959966367883275495 ) ) ;
#1944 = CARTESIAN_POINT ( 'NONE',  ( -189.9999999999999716, -0.5235287580021038556, 8.974999999998971134 ) ) ;
#1945 = CARTESIAN_POINT ( 'NONE',  ( 0.000000000000000000, 14.00000000000000533, -11.42687382958756359 ) ) ;
#1946 = AXIS2_PLACEMENT_3D ( 'NONE', #801, #1260, #1276 ) ;
#1947 = VERTEX_POINT ( 'NONE', #1867 ) ;
#1948 = CYLINDRICAL_SURFACE ( 'NONE', #1410, 0.9999999999999991118 ) ;
#1949 = AXIS2_PLACEMENT_3D ( 'NONE', #655, #1583, #1333 ) ;
#1950 = ORIENTED_EDGE ( 'NONE', *, *, #618, .T. ) ;
#1951 = CARTESIAN_POINT ( 'NONE',  ( -1.500000000000000000, -0.000000000000000000, 9.999999999999998224 ) ) ;
#1952 = AXIS2_PLACEMENT_3D ( 'NONE', #1132, #1117, #1102 ) ;
#1953 = EDGE_LOOP ( 'NONE', ( #1450, #432, #2520, #1684 ) ) ;
#1954 = ORIENTED_EDGE ( 'NONE', *, *, #834, .F. ) ;
#1955 = CARTESIAN_POINT ( 'NONE',  ( -200.0000000000000000, -13.99999999999999822, 0.9512492197250310699 ) ) ;
#1956 = CARTESIAN_POINT ( 'NONE',  ( -0.7880722173787985119, 13.29382571889720843, -10.10316926092590251 ) ) ;
#1957 = DIRECTION ( 'NONE',  ( 0.000000000000000000, 0.000000000000000000, -1.000000000000000000 ) ) ;
#1958 = CARTESIAN_POINT ( 'NONE',  ( -1.496250011718695205, -12.50374062502930528, 7.003745312507325238 ) ) ;
#1959 = DIRECTION ( 'NONE',  ( 0.9999968750146484009, -0.002499992187536597289, 0.000000000000000000 ) ) ;
#1960 = EDGE_CURVE ( 'NONE', #847, #2200, #2498, .T. ) ;
#1961 = EDGE_LOOP ( 'NONE', ( #385, #1489, #687, #1743, #1264, #1557 ) ) ;
#1962 = ORIENTED_EDGE ( 'NONE', *, *, #799, .F. ) ;
#1963 = DIRECTION ( 'NONE',  ( 0.9988706659777674135, 0.002497176664944394074, -0.04744635663394392022 ) ) ;
#1964 = VERTEX_POINT ( 'NONE', #508 ) ;
#1965 = EDGE_LOOP ( 'NONE', ( #471, #2638, #1679, #36 ) ) ;
#1966 = FACE_OUTER_BOUND ( 'NONE', #1953, .T. ) ;
#1967 = CARTESIAN_POINT ( 'NONE',  ( -0.4786915061271735938, 14.39729246252625749, -9.589027933797892089 ) ) ;
#1968 = EDGE_CURVE ( 'NONE', #614, #2810, #2524, .T. ) ;
#1969 = DIRECTION ( 'NONE',  ( -0.9987523388778448696, 0.000000000000000000, 0.04993761694389215605 ) ) ;
#1970 = DIRECTION ( 'NONE',  ( 0.000000000000000000, 0.000000000000000000, 1.000000000000000000 ) ) ;
#1971 = CARTESIAN_POINT ( 'NONE',  ( -193.2568542494923634, 5.656854249492393016, 11.99999999999999822 ) ) ;
#1972 = AXIS2_PLACEMENT_3D ( 'NONE', #132, #777, #1036 ) ;
#1973 = VERTEX_POINT ( 'NONE', #723 ) ;
#1974 = ORIENTED_EDGE ( 'NONE', *, *, #1742, .T. ) ;
#1975 = EDGE_LOOP ( 'NONE', ( #1558, #2811, #1076, #2356 ) ) ;
#1976 = SPHERICAL_SURFACE ( 'NONE', #1592, 1.500000000000000000 ) ;
#1977 = CARTESIAN_POINT ( 'NONE',  ( -190.0000000000000000, 4.898587196589389163E-16, 11.49999999999999645 ) ) ;
#1978 = CIRCLE ( 'NONE', #2848, 1.000000000000000888 ) ;
#1979 = ADVANCED_FACE ( 'NONE', ( #25 ), #1409, .T. ) ;
#1980 = ORIENTED_EDGE ( 'NONE', *, *, #645, .T. ) ;
#1981 = VECTOR ( 'NONE', #2898, 1000.000000000000000 ) ;
#1982 = CARTESIAN_POINT ( 'NONE',  ( -190.0568542494924031, 5.656854249492393016, 11.99999999999999822 ) ) ;
#1983 = MANIFOLD_SOLID_BREP ( 'Fillet5', #2717 ) ;
#1984 = CARTESIAN_POINT ( 'NONE',  ( -1.549937616943892094, -12.99999999999999289, -9.922503119152809248 ) ) ;
#1985 = CIRCLE ( 'NONE', #493, 1.599999999999990319 ) ;
#1986 = CARTESIAN_POINT ( 'NONE',  ( -187.0469915414178388, 3.895890705024389167, 9.467946226207772042 ) ) ;
#1987 = CYLINDRICAL_SURFACE ( 'NONE', #1901, 1.499999999999999556 ) ;
#1988 = ORIENTED_EDGE ( 'NONE', *, *, #1351, .T. ) ;
#1989 = EDGE_LOOP ( 'NONE', ( #2826, #1934, #1417, #2477 ) ) ;
#1990 = FACE_OUTER_BOUND ( 'NONE', #1819, .T. ) ;
#1991 = DIRECTION ( 'NONE',  ( 1.000000000000000000, 0.000000000000000000, 0.000000000000000000 ) ) ;
#1992 = DIRECTION ( 'NONE',  ( 0.9999937500585932559, -0.002499984375146459270, -0.002499984375146459270 ) ) ;
#1993 = CIRCLE ( 'NONE', #2770, 0.9999999999999991118 ) ;
#1994 = ORIENTED_EDGE ( 'NONE', *, *, #1898, .F. ) ;
#1995 = VERTEX_POINT ( 'NONE', #477 ) ;
#1996 = DIRECTION ( 'NONE',  ( -1.000000000000000000, -4.336808689942018352E-17, 0.000000000000000000 ) ) ;
#1997 = AXIS2_PLACEMENT_3D ( 'NONE', #1390, #2541, #476 ) ;
#1998 = CIRCLE ( 'NONE', #2145, 1.599999999999990319 ) ;
#1999 = CARTESIAN_POINT ( 'NONE',  ( 2.000000000000000000, -14.99999999999999289, -13.40000000000001457 ) ) ;
#2000 = EDGE_CURVE ( 'NONE', #993, #2652, #2774, .T. ) ;
#2001 = ADVANCED_FACE ( 'NONE', ( #2741 ), #1611, .T. ) ;
#2002 = DIRECTION ( 'NONE',  ( 0.000000000000000000, 0.000000000000000000, 1.000000000000000000 ) ) ;
#2003 =( BOUNDED_CURVE ( )  B_SPLINE_CURVE ( 3, ( #1032, #1551, #1740, #637 ),
 .UNSPECIFIED., .F., .F. ) 
 B_SPLINE_CURVE_WITH_KNOTS ( ( 4, 4 ),
 ( 0.000000000000000000, 3.141592653589793116 ),
 .UNSPECIFIED. ) 
 CURVE ( )  GEOMETRIC_REPRESENTATION_ITEM ( )  RATIONAL_B_SPLINE_CURVE ( ( 1.000000000000000000, 0.3333333333333333703, 0.3333333333333333703, 1.000000000000000000 ) ) 
 REPRESENTATION_ITEM ( '' )  );
#2004 = CARTESIAN_POINT ( 'NONE',  ( -182.0000000000000284, 0.5238567684722459372, 8.955000000001025029 ) ) ;
#2005 = PLANE ( 'NONE',  #324 ) ;
#2006 = ORIENTED_EDGE ( 'NONE', *, *, #276, .T. ) ;
#2007 = ORIENTED_EDGE ( 'NONE', *, *, #2876, .T. ) ;
#2008 = DIRECTION ( 'NONE',  ( 1.000000000000000000, -0.000000000000000000, -0.000000000000000000 ) ) ;
#2009 = FACE_BOUND ( 'NONE', #2637, .T. ) ;
#2010 = CARTESIAN_POINT ( 'NONE',  ( -199.0000000000000000, 13.99999999999999467, -2.428612866367529143E-15 ) ) ;
#2011 = VERTEX_POINT ( 'NONE', #454 ) ;
#2012 = ORIENTED_EDGE ( 'NONE', *, *, #1171, .F. ) ;
#2013 = CARTESIAN_POINT ( 'NONE',  ( -0.8352731925577373540, -14.15175055847695695, 9.252917597461514987 ) ) ;
#2014 = CARTESIAN_POINT ( 'NONE',  ( 0.000000000000000000, 15.00000000000000711, -13.40000000000000036 ) ) ;
#2015 = CARTESIAN_POINT ( 'NONE',  ( -182.8018358241594399, 2.458853390159079666, 8.957004589560154884 ) ) ;
#2016 = DIRECTION ( 'NONE',  ( -0.002499992187536596855, 0.9999968750146484009, 0.000000000000000000 ) ) ;
#2017 = CARTESIAN_POINT ( 'NONE',  ( -168.5857864376268935, -13.00000000000000178, 9.999999999999994671 ) ) ;
#2018 = PLANE ( 'NONE',  #917 ) ;
#2019 = DIRECTION ( 'NONE',  ( 0.000000000000000000, 0.000000000000000000, -1.000000000000000000 ) ) ;
#2020 = EDGE_CURVE ( 'NONE', #287, #787, #2719, .T. ) ;
#2021 = ADVANCED_FACE ( 'NONE', ( #231 ), #1133, .F. ) ;
#2022 = FACE_OUTER_BOUND ( 'NONE', #579, .T. ) ;
#2023 = AXIS2_PLACEMENT_3D ( 'NONE', #103, #2588, #2803 ) ;
#2024 = ADVANCED_FACE ( 'NONE', ( #1854 ), #708, .T. ) ;
#2025 = VERTEX_POINT ( 'NONE', #2591 ) ;
#2026 = DIRECTION ( 'NONE',  ( -1.000000000000000000, 0.000000000000000000, 0.000000000000000000 ) ) ;
#2027 = ORIENTED_EDGE ( 'NONE', *, *, #2834, .F. ) ;
#2028 = CARTESIAN_POINT ( 'NONE',  ( 0.000000000000000000, 15.00000000000000000, 13.40000000000000746 ) ) ;
#2029 = DIRECTION ( 'NONE',  ( 0.000000000000000000, -0.000000000000000000, 1.000000000000000000 ) ) ;
#2030 = VECTOR ( 'NONE', #1471, 1000.000000000000000 ) ;
#2031 = CIRCLE ( 'NONE', #602, 0.9999999999999998890 ) ;
#2032 = AXIS2_PLACEMENT_3D ( 'NONE', #714, #480, #1395 ) ;
#2033 = CARTESIAN_POINT ( 'NONE',  ( 0.000000000000000000, 15.50000000000000178, -11.42687382958756359 ) ) ;
#2034 = LINE ( 'NONE', #2300, #652 ) ;
#2035 = CYLINDRICAL_SURFACE ( 'NONE', #503, 1.599999999999990319 ) ;
#2036 = EDGE_CURVE ( 'NONE', #97, #167, #2124, .T. ) ;
#2037 = EDGE_CURVE ( 'NONE', #789, #967, #1673, .T. ) ;
#2038 = EDGE_CURVE ( 'NONE', #1193, #2796, #75, .T. ) ;
#2039 = DIRECTION ( 'NONE',  ( -1.000000000000000000, 0.000000000000000000, 0.000000000000000000 ) ) ;
#2040 = LINE ( 'NONE', #2938, #2361 ) ;
#2041 = DIRECTION ( 'NONE',  ( 1.000000000000000000, 0.000000000000000000, 0.000000000000000000 ) ) ;
#2042 = FACE_OUTER_BOUND ( 'NONE', #1231, .T. ) ;
#2043 = ORIENTED_EDGE ( 'NONE', *, *, #2847, .F. ) ;
#2044 = DIRECTION ( 'NONE',  ( 0.000000000000000000, 0.000000000000000000, 1.000000000000000000 ) ) ;
#2045 = ORIENTED_EDGE ( 'NONE', *, *, #2784, .F. ) ;
#2046 = CARTESIAN_POINT ( 'NONE',  ( -199.0000000000000000, 0.000000000000000000, 11.00000000000000000 ) ) ;
#2047 = CARTESIAN_POINT ( 'NONE',  ( -199.0000000000000000, 12.99999999999999822, 11.00000000000000000 ) ) ;
#2048 = VECTOR ( 'NONE', #2487, 1000.000000000000000 ) ;
#2049 = CARTESIAN_POINT ( 'NONE',  ( 0.000000000000000000, -14.99999999999999289, -15.00000000000001599 ) ) ;
#2050 = DIRECTION ( 'NONE',  ( 1.000000000000000000, 0.000000000000000000, 0.000000000000000000 ) ) ;
#2051 =( NAMED_UNIT ( * ) SI_UNIT ( $, .STERADIAN. ) SOLID_ANGLE_UNIT ( ) );
#2052 = FACE_OUTER_BOUND ( 'NONE', #1664, .T. ) ;
#2053 = DIRECTION ( 'NONE',  ( 0.000000000000000000, -1.734723475976807094E-15, -1.000000000000000000 ) ) ;
#2054 = DIRECTION ( 'NONE',  ( 0.000000000000000000, 0.000000000000000000, -1.000000000000000000 ) ) ;
#2055 = EDGE_CURVE ( 'NONE', #2537, #763, #416, .T. ) ;
#2056 = FACE_OUTER_BOUND ( 'NONE', #1287, .T. ) ;
#2057 = ORIENTED_EDGE ( 'NONE', *, *, #2467, .F. ) ;
#2058 = DIRECTION ( 'NONE',  ( 0.9988706659777674135, -0.002497176664944394508, -0.04744635663394392022 ) ) ;
#2059 = VERTEX_POINT ( 'NONE', #183 ) ;
#2060 = CARTESIAN_POINT ( 'NONE',  ( 0.000000000000000000, -15.49999999999999112, -11.42687382958756359 ) ) ;
#2061 = CARTESIAN_POINT ( 'NONE',  ( 0.000000000000000000, -14.99999999999999289, -15.00000000000001599 ) ) ;
#2062 = CARTESIAN_POINT ( 'NONE',  ( -193.2568542494923634, 5.656854249492393016, 8.983142135623726432 ) ) ;
#2063 = EDGE_CURVE ( 'NONE', #2059, #2460, #1815, .T. ) ;
#2064 = CARTESIAN_POINT ( 'NONE',  ( 2.000000000000000000, -14.99999999999999289, -15.00000000000001599 ) ) ;
#2065 = CARTESIAN_POINT ( 'NONE',  ( -200.0011000000000081, 0.000000000000000000, 0.000000000000000000 ) ) ;
#2066 = CARTESIAN_POINT ( 'NONE',  ( -190.5012499960937760, 0.000000000000000000, 8.976253124990231314 ) ) ;
#2067 = DIRECTION ( 'NONE',  ( 0.000000000000000000, 0.000000000000000000, -1.000000000000000000 ) ) ;
#2068 = CARTESIAN_POINT ( 'NONE',  ( 2.000000000000000000, 19.00000000000000000, -18.99999999999999645 ) ) ;
#2069 = CARTESIAN_POINT ( 'NONE',  ( 0.000000000000000000, -15.49999999999999467, 11.49999999999999822 ) ) ;
#2070 = ORIENTED_EDGE ( 'NONE', *, *, #548, .F. ) ;
#2071 = CARTESIAN_POINT ( 'NONE',  ( -190.0000000000000000, 7.105427357600991604E-15, 9.476251562497555625 ) ) ;
#2072 = ORIENTED_EDGE ( 'NONE', *, *, #207, .T. ) ;
#2073 = CARTESIAN_POINT ( 'NONE',  ( -0.4634676607848377539, -14.35548061463020808, -10.28235444421810918 ) ) ;
#2074 = CARTESIAN_POINT ( 'NONE',  ( -1.425093574584161527, 14.00187149168323408, -8.929992982392953138 ) ) ;
#2075 = AXIS2_PLACEMENT_3D ( 'NONE', #527, #726, #2809 ) ;
#2076 = CARTESIAN_POINT ( 'NONE',  ( -1.016676510346997464, 14.07661084398918128, 9.127684739982043993 ) ) ;
#2077 = CIRCLE ( 'NONE', #447, 1.000000000000000888 ) ;
#2078 = DIRECTION ( 'NONE',  ( 1.000000000000000000, -0.000000000000000000, -0.000000000000000000 ) ) ;
#2079 = DIRECTION ( 'NONE',  ( 0.000000000000000000, 0.000000000000000000, 1.000000000000000000 ) ) ;
#2080 = CARTESIAN_POINT ( 'NONE',  ( -1.500000000000000000, 11.00374531250733057, 7.003745312507326126 ) ) ;
#2081 = PLANE ( 'NONE',  #1448 ) ;
#2082 = DIRECTION ( 'NONE',  ( -1.000000000000000000, 0.000000000000000000, 0.000000000000000000 ) ) ;
#2083 = ORIENTED_EDGE ( 'NONE', *, *, #680, .F. ) ;
#2084 = CARTESIAN_POINT ( 'NONE',  ( -193.2568542494923634, 8.856854249492373654, 8.983142135623724656 ) ) ;
#2085 = CIRCLE ( 'NONE', #2181, 1.599999999999990319 ) ;
#2086 = ORIENTED_EDGE ( 'NONE', *, *, #873, .F. ) ;
#2087 = CARTESIAN_POINT ( 'NONE',  ( -0.9608576055658013537, -13.16169551497515400, -10.02389113857264746 ) ) ;
#2088 = ORIENTED_EDGE ( 'NONE', *, *, #680, .T. ) ;
#2089 = DIRECTION ( 'NONE',  ( -0.000000000000000000, -1.734723475976807094E-16, 1.000000000000000000 ) ) ;
#2090 = ADVANCED_FACE ( 'NONE', ( #1567, #2009, #2715, #2261, #195, #1553 ), #1770, .F. ) ;
#2091 = EDGE_CURVE ( 'NONE', #1878, #787, #1993, .T. ) ;
#2092 = CIRCLE ( 'NONE', #2818, 1.000000000000000888 ) ;
#2093 = CYLINDRICAL_SURFACE ( 'NONE', #2378, 1.499999999999999334 ) ;
#2094 = AXIS2_PLACEMENT_3D ( 'NONE', #1876, #2782, #2799 ) ;
#2095 = AXIS2_PLACEMENT_3D ( 'NONE', #1599, #1367, #1630 ) ;
#2096 = DIRECTION ( 'NONE',  ( -0.000000000000000000, -1.000000000000000000, -0.000000000000000000 ) ) ;
#2097 = CARTESIAN_POINT ( 'NONE',  ( -181.9999999999999716, -0.5238567684722704731, 8.955000000001025029 ) ) ;
#2098 = DIRECTION ( 'NONE',  ( 1.000000000000000000, -0.000000000000000000, -0.000000000000000000 ) ) ;
#2099 = CARTESIAN_POINT ( 'NONE',  ( -0.5818858772131262347, -13.07338646091963241, -9.970905706139348013 ) ) ;
#2100 = ORIENTED_EDGE ( 'NONE', *, *, #739, .T. ) ;
#2101 = ORIENTED_EDGE ( 'NONE', *, *, #2037, .T. ) ;
#2102 = ORIENTED_EDGE ( 'NONE', *, *, #2573, .F. ) ;
#2103 = CARTESIAN_POINT ( 'NONE',  ( -0.7054604883064433674, -14.22417010649076019, -9.300490673738908143 ) ) ;
#2104 = CARTESIAN_POINT ( 'NONE',  ( -180.8824855787277954, 6.717514421272187342, 11.99999999999999822 ) ) ;
#2105 = VERTEX_POINT ( 'NONE', #2731 ) ;
#2106 = DIRECTION ( 'NONE',  ( 1.301042606982604335E-15, -2.168404344971006649E-16, 1.000000000000000000 ) ) ;
#2107 = DIRECTION ( 'NONE',  ( 1.000000000000000000, -0.000000000000000000, -0.000000000000000000 ) ) ;
#2108 = DIRECTION ( 'NONE',  ( 1.000000000000000000, 0.000000000000000000, 0.000000000000000000 ) ) ;
#2109 = CARTESIAN_POINT ( 'NONE',  ( -178.7431457505076082, -8.856854249492368325, 8.946857864376267955 ) ) ;
#2110 = EDGE_CURVE ( 'NONE', #2448, #1280, #1660, .T. ) ;
#2111 = CARTESIAN_POINT ( 'NONE',  ( -168.5857864376268935, 13.00000000000000000, 8.999999999999994671 ) ) ;
#2112 = CYLINDRICAL_SURFACE ( 'NONE', #794, 0.9999999999999964473 ) ;
#2113 = EDGE_LOOP ( 'NONE', ( #1700, #1954, #2798, #1994 ) ) ;
#2114 = ORIENTED_EDGE ( 'NONE', *, *, #1387, .F. ) ;
#2115 = ORIENTED_EDGE ( 'NONE', *, *, #2117, .F. ) ;
#2116 = CARTESIAN_POINT ( 'NONE',  ( 2.000000000000000000, 15.00000000000000000, 15.00000000000001066 ) ) ;
#2117 = EDGE_CURVE ( 'NONE', #2796, #763, #2234, .T. ) ;
#2118 =( BOUNDED_CURVE ( )  B_SPLINE_CURVE ( 3, ( #2250, #1829, #2475, #1816 ),
 .UNSPECIFIED., .F., .F. ) 
 B_SPLINE_CURVE_WITH_KNOTS ( ( 4, 4 ),
 ( 3.141592653589793116, 6.283185307179586232 ),
 .UNSPECIFIED. ) 
 CURVE ( )  GEOMETRIC_REPRESENTATION_ITEM ( )  RATIONAL_B_SPLINE_CURVE ( ( 1.000000000000000000, 0.3333333333333333703, 0.3333333333333333703, 1.000000000000000000 ) ) 
 REPRESENTATION_ITEM ( '' )  );
#2119 = CARTESIAN_POINT ( 'NONE',  ( -1.054433676718750101, -14.02212604279604946, 10.02212604279605657 ) ) ;
#2120 = ADVANCED_FACE ( 'NONE', ( #1079, #2473, #844, #1092, #2673, #1525 ), #2684, .F. ) ;
#2121 = ORIENTED_EDGE ( 'NONE', *, *, #603, .T. ) ;
#2122 = DIRECTION ( 'NONE',  ( -1.000000000000000000, 0.000000000000000000, 0.000000000000000000 ) ) ;
#2123 = VECTOR ( 'NONE', #2089, 1000.000000000000000 ) ;
#2124 = LINE ( 'NONE', #757, #1266 ) ;
#2125 = AXIS2_PLACEMENT_3D ( 'NONE', #2276, #2543, #2486 ) ;
#2126 = CARTESIAN_POINT ( 'NONE',  ( -182.8013326334543081, -2.458186882946675311, 9.456005310529103980 ) ) ;
#2127 = AXIS2_PLACEMENT_3D ( 'NONE', #2721, #894, #2321 ) ;
#2128 = VECTOR ( 'NONE', #1849, 1000.000000000000000 ) ;
#2129 = DIRECTION ( 'NONE',  ( 4.336808689942017736E-17, -1.000000000000000000, 1.734723475976807341E-16 ) ) ;
#2130 = ADVANCED_FACE ( 'NONE', ( #625 ), #668, .F. ) ;
#2131 = ADVANCED_FACE ( 'NONE', ( #1783 ), #388, .T. ) ;
#2132 = ORIENTED_EDGE ( 'NONE', *, *, #1590, .F. ) ;
#2133 = VERTEX_POINT ( 'NONE', #401 ) ;
#2134 = ORIENTED_EDGE ( 'NONE', *, *, #2000, .T. ) ;
#2135 = DIRECTION ( 'NONE',  ( 1.000000000000000000, 0.000000000000000000, 0.000000000000000000 ) ) ;
#2136 = DIRECTION ( 'NONE',  ( 1.000000000000000000, 0.000000000000000000, 0.000000000000000000 ) ) ;
#2137 = AXIS2_PLACEMENT_3D ( 'NONE', #1376, #2973, #681 ) ;
#2138 = EDGE_LOOP ( 'NONE', ( #762, #107 ) ) ;
#2139 = LINE ( 'NONE', #1161, #2358 ) ;
#2140 =( GEOMETRIC_REPRESENTATION_CONTEXT ( 3 ) GLOBAL_UNCERTAINTY_ASSIGNED_CONTEXT ( ( #1710 ) ) GLOBAL_UNIT_ASSIGNED_CONTEXT ( ( #1910, #1208, #1403 ) ) REPRESENTATION_CONTEXT ( 'NONE', 'WORKASPACE' ) );
#2141 = MECHANICAL_DESIGN_GEOMETRIC_PRESENTATION_REPRESENTATION (  '', ( #982 ), #2575 ) ;
#2142 = DIRECTION ( 'NONE',  ( -1.000000000000000000, 0.000000000000000000, 0.000000000000000000 ) ) ;
#2143 = CIRCLE ( 'NONE', #1120, 1.500000000000000000 ) ;
#2144 = CARTESIAN_POINT ( 'NONE',  ( -186.5235987712876806, -3.999999999999993339, 9.466474184041480555 ) ) ;
#2145 = AXIS2_PLACEMENT_3D ( 'NONE', #979, #1154, #2082 ) ;
#2146 = CARTESIAN_POINT ( 'NONE',  ( -200.0011000000000081, -15.00000000000000000, 15.00000000000001066 ) ) ;
#2147 = VERTEX_POINT ( 'NONE', #1539 ) ;
#2148 = ORIENTED_EDGE ( 'NONE', *, *, #1941, .T. ) ;
#2149 = ORIENTED_EDGE ( 'NONE', *, *, #276, .F. ) ;
#2150 = CARTESIAN_POINT ( 'NONE',  ( -5.637851296924626015E-16, 13.00000000000000711, 11.99999999999999822 ) ) ;
#2151 = ORIENTED_EDGE ( 'NONE', *, *, #1672, .T. ) ;
#2152 = DIRECTION ( 'NONE',  ( 0.000000000000000000, 0.000000000000000000, 1.000000000000000000 ) ) ;
#2153 = DIRECTION ( 'NONE',  ( 0.000000000000000000, 0.000000000000000000, 1.000000000000000000 ) ) ;
#2154 = EDGE_CURVE ( 'NONE', #2177, #2697, #2502, .T. ) ;
#2155 = EDGE_CURVE ( 'NONE', #1280, #949, #1477, .T. ) ;
#2156 = CARTESIAN_POINT ( 'NONE',  ( -182.1041889990085281, -1.047347200836164616, 8.955260472497318602 ) ) ;
#2157 = DIRECTION ( 'NONE',  ( -0.000000000000000000, -0.000000000000000000, 1.000000000000000000 ) ) ;
#2158 = ORIENTED_EDGE ( 'NONE', *, *, #2436, .T. ) ;
#2159 = VERTEX_POINT ( 'NONE', #2956 ) ;
#2160 = EDGE_LOOP ( 'NONE', ( #358, #1368, #2852, #1220 ) ) ;
#2161 = DIRECTION ( 'NONE',  ( 0.000000000000000000, -1.000000000000000000, 1.734723475976809313E-16 ) ) ;
#2162 = VERTEX_POINT ( 'NONE', #1977 ) ;
#2163 = CARTESIAN_POINT ( 'NONE',  ( -0.8352731925577373540, 14.15175055847696761, 9.252917597461514987 ) ) ;
#2164 = CARTESIAN_POINT ( 'NONE',  ( -1.051027521660610420, 14.06561557927734007, -9.036233128383063473 ) ) ;
#2165 = EDGE_CURVE ( 'NONE', #545, #721, #1349, .T. ) ;
#2166 = DIRECTION ( 'NONE',  ( -1.000000000000000000, 0.000000000000000000, 0.000000000000000000 ) ) ;
#2167 = CARTESIAN_POINT ( 'NONE',  ( -183.5426432766070945, 3.199334171863233323, 8.958856608191721804 ) ) ;
#2168 = CARTESIAN_POINT ( 'NONE',  ( -189.8959708111077020, -1.046634135043970959, 8.974739927027842512 ) ) ;
#2169 = DIRECTION ( 'NONE',  ( 1.000000000000000000, -0.000000000000000000, -0.000000000000000000 ) ) ;
#2170 = AXIS2_PLACEMENT_3D ( 'NONE', #1492, #1509, #2672 ) ;
#2171 = VERTEX_POINT ( 'NONE', #829 ) ;
#2172 = ORIENTED_EDGE ( 'NONE', *, *, #1941, .F. ) ;
#2173 = ORIENTED_EDGE ( 'NONE', *, *, #2479, .F. ) ;
#2174 = AXIS2_PLACEMENT_3D ( 'NONE', #860, #1, #2927 ) ;
#2175 = CARTESIAN_POINT ( 'NONE',  ( -200.0000000000000000, 12.99999999999999645, 0.9512492197250310699 ) ) ;
#2176 = VECTOR ( 'NONE', #61, 1000.000000000000000 ) ;
#2177 = VERTEX_POINT ( 'NONE', #744 ) ;
#2178 = VERTEX_POINT ( 'NONE', #1414 ) ;
#2179 = CARTESIAN_POINT ( 'NONE',  ( -1.285018795535725733, 13.98775700118207155, 9.987757001182062666 ) ) ;
#2180 = CARTESIAN_POINT ( 'NONE',  ( -1.051027521660610198, 13.10935929879550343, -9.992489408864900113 ) ) ;
#2181 = AXIS2_PLACEMENT_3D ( 'NONE', #1926, #2363, #2823 ) ;
#2182 = EDGE_CURVE ( 'NONE', #2252, #2171, #308, .T. ) ;
#2183 = DIRECTION ( 'NONE',  ( -0.000000000000000000, -0.000000000000000000, -1.000000000000000000 ) ) ;
#2184 = CARTESIAN_POINT ( 'NONE',  ( -189.1991726012165884, 2.457517715418952253, 8.972997931503444491 ) ) ;
#2185 = CYLINDRICAL_SURFACE ( 'NONE', #1316, 1.499999999999999556 ) ;
#2186 = ORIENTED_EDGE ( 'NONE', *, *, #243, .F. ) ;
#2187 = FACE_OUTER_BOUND ( 'NONE', #17, .T. ) ;
#2188 = CIRCLE ( 'NONE', #1313, 4.000000000000000000 ) ;
#2189 = ORIENTED_EDGE ( 'NONE', *, *, #423, .T. ) ;
#2190 = DIRECTION ( 'NONE',  ( 0.04744650456979698783, 0.000000000000000000, 0.9988737804167793222 ) ) ;
#2191 = AXIS2_PLACEMENT_3D ( 'NONE', #2206, #2706, #864 ) ;
#2192 = EDGE_CURVE ( 'NONE', #2734, #1973, #1189, .T. ) ;
#2193 = ORIENTED_EDGE ( 'NONE', *, *, #2243, .F. ) ;
#2194 = ORIENTED_EDGE ( 'NONE', *, *, #512, .F. ) ;
#2195 = CARTESIAN_POINT ( 'NONE',  ( -0.6213203435596424962, -13.99999999999999467, 8.999999999999998224 ) ) ;
#2196 = CARTESIAN_POINT ( 'NONE',  ( -1.235680618073219383, 13.03402587590407968, -9.947289355129971256 ) ) ;
#2197 = DIRECTION ( 'NONE',  ( 1.444447458290429580E-28, 5.204170427930434694E-15, 1.000000000000000000 ) ) ;
#2198 = PLANE ( 'NONE',  #691 ) ;
#2199 = CARTESIAN_POINT ( 'NONE',  ( -200.0000000000000000, -11.49981738811519172, 0.9999999999999947820 ) ) ;
#2200 = VERTEX_POINT ( 'NONE', #1598 ) ;
#2201 = CARTESIAN_POINT ( 'NONE',  ( -1.500000000000005551, -13.99999999999999112, -8.923750780274964711 ) ) ;
#2202 = ORIENTED_EDGE ( 'NONE', *, *, #524, .T. ) ;
#2203 = CARTESIAN_POINT ( 'NONE',  ( 0.000000000000000000, -11.00374531250733234, 7.003745312507325238 ) ) ;
#2204 = ORIENTED_EDGE ( 'NONE', *, *, #1261, .F. ) ;
#2205 = ADVANCED_FACE ( 'NONE', ( #2517 ), #2559, .T. ) ;
#2206 = CARTESIAN_POINT ( 'NONE',  ( -1.500000000000000000, 11.00374531250733057, -6.927058765924231309 ) ) ;
#2207 = DIRECTION ( 'NONE',  ( 0.000000000000000000, 0.000000000000000000, -1.000000000000000000 ) ) ;
#2208 = ADVANCED_FACE ( 'NONE', ( #961 ), #1469, .F. ) ;
#2209 = DIRECTION ( 'NONE',  ( -0.000000000000000000, -0.000000000000000000, 1.000000000000000000 ) ) ;
#2210 = CARTESIAN_POINT ( 'NONE',  ( -188.2675354032846542, 3.932038749449473514, 8.970668838508208509 ) ) ;
#2211 = DIRECTION ( 'NONE',  ( -0.000000000000000000, -0.000000000000000000, 1.000000000000000000 ) ) ;
#2212 = ORIENTED_EDGE ( 'NONE', *, *, #314, .T. ) ;
#2213 = CARTESIAN_POINT ( 'NONE',  ( -1.425093574584167078, -13.00311915280537889, -9.928745321270795898 ) ) ;
#2214 = ORIENTED_EDGE ( 'NONE', *, *, #2716, .F. ) ;
#2215 = DIRECTION ( 'NONE',  ( -1.000000000000000000, 0.000000000000000000, -0.000000000000000000 ) ) ;
#2216 = DIRECTION ( 'NONE',  ( -1.000000000000000000, 0.000000000000000000, 0.000000000000000000 ) ) ;
#2217 = EDGE_CURVE ( 'NONE', #721, #1767, #2816, .T. ) ;
#2218 = CARTESIAN_POINT ( 'NONE',  ( -200.0000000000000000, 12.99999999999999822, 9.999999999999994671 ) ) ;
#2219 = EDGE_CURVE ( 'NONE', #967, #2147, #513, .T. ) ;
#2220 = CIRCLE ( 'NONE', #778, 1.599999999999990319 ) ;
#2221 = ORIENTED_EDGE ( 'NONE', *, *, #1144, .F. ) ;
#2222 = CIRCLE ( 'NONE', #1252, 1.000000000000000000 ) ;
#2223 = VERTEX_POINT ( 'NONE', #1137 ) ;
#2224 = CARTESIAN_POINT ( 'NONE',  ( -1.630368230603218986E-16, -14.62132034355963661, 10.03553390593273598 ) ) ;
#2225 = CARTESIAN_POINT ( 'NONE',  ( -1.330160249622564850, 13.01103026322127931, -9.933491987518877409 ) ) ;
#2226 = DIRECTION ( 'NONE',  ( 0.000000000000000000, 0.000000000000000000, -1.000000000000000000 ) ) ;
#2227 = CARTESIAN_POINT ( 'NONE',  ( -0.6213203435596429403, -12.99999999999999467, 9.999999999999998224 ) ) ;
#2228 = ORIENTED_EDGE ( 'NONE', *, *, #646, .F. ) ;
#2229 = EDGE_LOOP ( 'NONE', ( #1081, #2886, #2186 ) ) ;
#2230 = DIRECTION ( 'NONE',  ( 0.000000000000000000, 0.000000000000000000, -1.000000000000000000 ) ) ;
#2231 = CARTESIAN_POINT ( 'NONE',  ( -1.425093574584161527, -14.00187149168322520, -8.929992982392953138 ) ) ;
#2232 = CIRCLE ( 'NONE', #2474, 1.500000000000000000 ) ;
#2233 = LINE ( 'NONE', #2701, #2558 ) ;
#2234 = CIRCLE ( 'NONE', #1514, 1.600000000000002531 ) ;
#2235 = EDGE_LOOP ( 'NONE', ( #2696, #1430, #591 ) ) ;
#2236 = VERTEX_POINT ( 'NONE', #458 ) ;
#2237 = DIRECTION ( 'NONE',  ( 0.000000000000000000, 0.000000000000000000, 1.000000000000000000 ) ) ;
#2238 = VECTOR ( 'NONE', #1938, 1000.000000000000000 ) ;
#2239 = VECTOR ( 'NONE', #139, 1000.000000000000000 ) ;
#2240 = CARTESIAN_POINT ( 'NONE',  ( -1.111076149709845806, -13.07995837746526568, 10.04797502647914342 ) ) ;
#2241 = CARTESIAN_POINT ( 'NONE',  ( -199.0000000000000000, 13.99999999999999645, 11.00000000000000000 ) ) ;
#2242 = DIRECTION ( 'NONE',  ( 0.000000000000000000, 0.000000000000000000, -1.000000000000000000 ) ) ;
#2243 = EDGE_CURVE ( 'NONE', #2159, #197, #727, .T. ) ;
#2244 = ADVANCED_FACE ( 'NONE', ( #1366 ), #1153, .T. ) ;
#2245 = FACE_OUTER_BOUND ( 'NONE', #2455, .T. ) ;
#2246 = EDGE_CURVE ( 'NONE', #462, #545, #2222, .T. ) ;
#2247 = CARTESIAN_POINT ( 'NONE',  ( -172.0000000000000000, 14.00000000000000355, 13.00000000000001599 ) ) ;
#2248 = LINE ( 'NONE', #594, #968 ) ;
#2249 = CARTESIAN_POINT ( 'NONE',  ( 0.000000000000000000, 0.000000000000000000, 11.99999999999999822 ) ) ;
#2250 = CARTESIAN_POINT ( 'NONE',  ( -178.7431457505076082, -5.656854249492385911, 8.946857864376267955 ) ) ;
#2251 = ORIENTED_EDGE ( 'NONE', *, *, #122, .T. ) ;
#2252 = VERTEX_POINT ( 'NONE', #1644 ) ;
#2253 = CYLINDRICAL_SURFACE ( 'NONE', #1853, 0.9999999999999991118 ) ;
#2254 = DIRECTION ( 'NONE',  ( -0.9999968750146484009, 0.002499992187536547849, 0.000000000000000000 ) ) ;
#2255 = DIRECTION ( 'NONE',  ( 0.7071067811865275887, -0.000000000000000000, -0.7071067811865675568 ) ) ;
#2256 = EDGE_CURVE ( 'NONE', #2654, #1995, #872, .T. ) ;
#2257 = FACE_OUTER_BOUND ( 'NONE', #55, .T. ) ;
#2258 = DIRECTION ( 'NONE',  ( 0.000000000000000000, -0.000000000000000000, 1.000000000000000000 ) ) ;
#2259 = DIRECTION ( 'NONE',  ( 1.000000000000000000, -0.000000000000000000, -0.000000000000000000 ) ) ;
#2260 = DIRECTION ( 'NONE',  ( 0.7071067811865457964, -3.469446951953618133E-15, 0.7071067811865492381 ) ) ;
#2261 = FACE_BOUND ( 'NONE', #2640, .T. ) ;
#2262 = LINE ( 'NONE', #669, #586 ) ;
#2263 = VECTOR ( 'NONE', #909, 1000.000000000000000 ) ;
#2264 = EDGE_LOOP ( 'NONE', ( #610, #2202, #1461, #1382 ) ) ;
#2265 = DIRECTION ( 'NONE',  ( 0.9987523388778446476, 3.465118257876281507E-17, -0.04993761694389221156 ) ) ;
#2266 = ORIENTED_EDGE ( 'NONE', *, *, #1516, .T. ) ;
#2267 = CARTESIAN_POINT ( 'NONE',  ( -0.2923772296840896345, -14.54449681430826402, -10.47137064389584005 ) ) ;
#2268 = CARTESIAN_POINT ( 'NONE',  ( -1.500000000000000222, -12.99999999999999467, 9.999999999999998224 ) ) ;
#2269 = TOROIDAL_SURFACE ( 'NONE', #114, 4.500000000000000888, 0.5000000000000000000 ) ;
#2270 = AXIS2_PLACEMENT_3D ( 'NONE', #2544, #2776, #282 ) ;
#2271 = CARTESIAN_POINT ( 'NONE',  ( 0.000000000000000000, -19.00000000000000000, 19.00000000000000355 ) ) ;
#2272 = ADVANCED_FACE ( 'NONE', ( #2563 ), #2081, .F. ) ;
#2273 = DIRECTION ( 'NONE',  ( 1.000000000000000000, 0.000000000000000000, 0.000000000000000000 ) ) ;
#2274 = CARTESIAN_POINT ( 'NONE',  ( 0.000000000000000000, -15.49999999999999467, 11.49999999999999822 ) ) ;
#2275 = CARTESIAN_POINT ( 'NONE',  ( -200.0000000000000000, 13.00000000000000178, 2.501869358519124287 ) ) ;
#2276 = CARTESIAN_POINT ( 'NONE',  ( -1.734723475976806601E-16, 0.000000000000000000, 9.999999999999998224 ) ) ;
#2277 = CARTESIAN_POINT ( 'NONE',  ( -200.0000000000000000, -13.00000000000000178, 9.999999999999994671 ) ) ;
#2278 = DIRECTION ( 'NONE',  ( 1.000000000000000000, -0.000000000000000000, -0.000000000000000000 ) ) ;
#2279 = VERTEX_POINT ( 'NONE', #2792 ) ;
#2280 = FACE_OUTER_BOUND ( 'NONE', #86, .T. ) ;
#2281 = ORIENTED_EDGE ( 'NONE', *, *, #2476, .T. ) ;
#2282 = CARTESIAN_POINT ( 'NONE',  ( -0.1776703495548044576, -14.27799787778074858, -10.69367255625582303 ) ) ;
#2283 = EDGE_CURVE ( 'NONE', #2552, #1802, #2077, .T. ) ;
#2284 = CARTESIAN_POINT ( 'NONE',  ( -1.500000000000000000, -11.00374531250733234, -6.927058765924231309 ) ) ;
#2285 = VECTOR ( 'NONE', #665, 1000.000000000000114 ) ;
#2286 = AXIS2_PLACEMENT_3D ( 'NONE', #1735, #542, #1959 ) ;
#2287 = DIRECTION ( 'NONE',  ( 0.002499992187536548716, 0.000000000000000000, 0.9999968750146482899 ) ) ;
#2288 = CARTESIAN_POINT ( 'NONE',  ( -182.4027492087294888, 2.765460243315284394, 8.956006873021820525 ) ) ;
#2289 =( BOUNDED_CURVE ( )  B_SPLINE_CURVE ( 3, ( #783, #1705, #560, #1241 ),
 .UNSPECIFIED., .F., .F. ) 
 B_SPLINE_CURVE_WITH_KNOTS ( ( 4, 4 ),
 ( 2.356197615172812121, 3.926987692006772779 ),
 .UNSPECIFIED. ) 
 CURVE ( )  GEOMETRIC_REPRESENTATION_ITEM ( )  RATIONAL_B_SPLINE_CURVE ( ( 1.000000000000000000, 0.8047393272519831608, 0.8047393272519831608, 1.000000000000000000 ) ) 
 REPRESENTATION_ITEM ( '' )  );
#2290 = CARTESIAN_POINT ( 'NONE',  ( -1.500000000000000000, -11.00374531250733234, 7.003745312507325238 ) ) ;
#2291 = SPHERICAL_SURFACE ( 'NONE', #2651, 1.500000000000000000 ) ;
#2292 = CARTESIAN_POINT ( 'NONE',  ( 0.000000000000000000, 11.00374531250733057, -8.499999999999998224 ) ) ;
#2293 = DIRECTION ( 'NONE',  ( 1.000000000000000000, 0.000000000000000000, 0.000000000000000000 ) ) ;
#2294 = ORIENTED_EDGE ( 'NONE', *, *, #1624, .F. ) ;
#2295 = DIRECTION ( 'NONE',  ( -0.000000000000000000, -0.000000000000000000, 1.000000000000000000 ) ) ;
#2296 = ORIENTED_EDGE ( 'NONE', *, *, #258, .T. ) ;
#2297 = FACE_OUTER_BOUND ( 'NONE', #980, .T. ) ;
#2298 = LINE ( 'NONE', #850, #2263 ) ;
#2299 = DIRECTION ( 'NONE',  ( 0.000000000000000000, -1.000000000000000000, 0.000000000000000000 ) ) ;
#2300 = CARTESIAN_POINT ( 'NONE',  ( -1.500000000000000000, -13.99999999999999467, 9.999999999999998224 ) ) ;
#2301 = DIRECTION ( 'NONE',  ( -0.9987523388778447586, 0.000000000000000000, 0.04993761694389221156 ) ) ;
#2302 = DIRECTION ( 'NONE',  ( 0.7071067811865492381, 1.226634733346695169E-15, -0.7071067811865457964 ) ) ;
#2303 = DIRECTION ( 'NONE',  ( 0.000000000000000000, 0.000000000000000000, 1.000000000000000000 ) ) ;
#2304 = CARTESIAN_POINT ( 'NONE',  ( -0.4987531172069821772, -12.99999999999999289, -9.975062344139656645 ) ) ;
#2305 = ORIENTED_EDGE ( 'NONE', *, *, #301, .F. ) ;
#2306 = LINE ( 'NONE', #446, #1499 ) ;
#2307 = ORIENTED_EDGE ( 'NONE', *, *, #1165, .T. ) ;
#2308 = EDGE_CURVE ( 'NONE', #1258, #445, #2600, .T. ) ;
#2309 = LINE ( 'NONE', #2492, #1070 ) ;
#2310 = ADVANCED_FACE ( 'NONE', ( #2745 ), #1857, .F. ) ;
#2311 = VERTEX_POINT ( 'NONE', #2319 ) ;
#2312 = FACE_OUTER_BOUND ( 'NONE', #2433, .T. ) ;
#2313 = AXIS2_PLACEMENT_3D ( 'NONE', #1332, #1814, #2260 ) ;
#2314 = VECTOR ( 'NONE', #2058, 1000.000000000000227 ) ;
#2315 = CARTESIAN_POINT ( 'NONE',  ( -1.303652884241772059, 13.01611522051857861, 10.00966913231115640 ) ) ;
#2316 = CIRCLE ( 'NONE', #165, 1.499999999999999334 ) ;
#2317 = CARTESIAN_POINT ( 'NONE',  ( -190.0000000000000000, -7.999999999999981348, 9.476251562497555625 ) ) ;
#2318 = CARTESIAN_POINT ( 'NONE',  ( -200.0011000000000081, -15.00000000000000000, 15.00000000000001066 ) ) ;
#2319 = CARTESIAN_POINT ( 'NONE',  ( 2.000000000000000000, -15.00000000000000000, 16.60000000000001208 ) ) ;
#2320 = ORIENTED_EDGE ( 'NONE', *, *, #189, .T. ) ;
#2321 = DIRECTION ( 'NONE',  ( 0.000000000000000000, -1.000000000000000000, -1.734723475976810053E-16 ) ) ;
#2322 = CIRCLE ( 'NONE', #2903, 4.000000000000000000 ) ;
#2323 = VERTEX_POINT ( 'NONE', #617 ) ;
#2324 = CARTESIAN_POINT ( 'NONE',  ( -1.214614116998477734E-12, -15.24650870893999333, -11.17338253852756758 ) ) ;
#2325 = CARTESIAN_POINT ( 'NONE',  ( -0.5087598728947482218, -14.36991978354560295, 9.616532972576086635 ) ) ;
#2326 = CIRCLE ( 'NONE', #1753, 1.000000000000000222 ) ;
#2327 = ORIENTED_EDGE ( 'NONE', *, *, #739, .F. ) ;
#2328 = FACE_OUTER_BOUND ( 'NONE', #773, .T. ) ;
#2329 = AXIS2_PLACEMENT_3D ( 'NONE', #2560, #2331, #913 ) ;
#2330 = AXIS2_PLACEMENT_3D ( 'NONE', #1762, #2918, #1572 ) ;
#2331 = DIRECTION ( 'NONE',  ( 1.000000000000000000, 0.000000000000000000, 0.000000000000000000 ) ) ;
#2332 = EDGE_CURVE ( 'NONE', #2869, #34, #2412, .T. ) ;
#2333 = CARTESIAN_POINT ( 'NONE',  ( 2.000000000000000000, -15.00000000000000000, 13.40000000000000746 ) ) ;
#2334 = CARTESIAN_POINT ( 'NONE',  ( -186.5249348639119091, -3.999836349122291690, 8.966312337159697776 ) ) ;
#2335 = EDGE_CURVE ( 'NONE', #2505, #2366, #2861, .T. ) ;
#2336 = DIRECTION ( 'NONE',  ( 0.000000000000000000, 1.000000000000000000, -0.000000000000000000 ) ) ;
#2337 = DIRECTION ( 'NONE',  ( 2.602085213965210950E-17, -1.000000000000000000, -1.734723475976807094E-16 ) ) ;
#2338 = ORIENTED_EDGE ( 'NONE', *, *, #1617, .F. ) ;
#2339 = ORIENTED_EDGE ( 'NONE', *, *, #780, .F. ) ;
#2340 = ORIENTED_EDGE ( 'NONE', *, *, #2038, .T. ) ;
#2341 = UNCERTAINTY_MEASURE_WITH_UNIT (LENGTH_MEASURE( 1.000000000000000082E-05 ), #292, 'distance_accuracy_value', 'NONE');
#2342 = DIRECTION ( 'NONE',  ( 1.000000000000000000, -0.000000000000000000, -0.000000000000000000 ) ) ;
#2343 = CARTESIAN_POINT ( 'NONE',  ( -170.7071067811865248, -13.00000000000000000, 11.70710678118653725 ) ) ;
#2344 = VERTEX_POINT ( 'NONE', #115 ) ;
#2345 = CARTESIAN_POINT ( 'NONE',  ( -1.466677953031035431, -13.00103993388303358, -9.926666102348452370 ) ) ;
#2346 = EDGE_CURVE ( 'NONE', #949, #622, #1147, .T. ) ;
#2347 = EDGE_CURVE ( 'NONE', #2252, #384, #684, .T. ) ;
#2348 = DIRECTION ( 'NONE',  ( 0.000000000000000000, 1.000000000000000000, -0.000000000000000000 ) ) ;
#2349 = CARTESIAN_POINT ( 'NONE',  ( -188.0155015807443135, -3.494556905862683305, 8.970038753951772748 ) ) ;
#2350 = CARTESIAN_POINT ( 'NONE',  ( 0.000000000000000000, -19.00000000000000000, -18.99999999999999645 ) ) ;
#2351 = ORIENTED_EDGE ( 'NONE', *, *, #2476, .F. ) ;
#2352 = ORIENTED_EDGE ( 'NONE', *, *, #218, .T. ) ;
#2353 = EDGE_LOOP ( 'NONE', ( #484, #1385, #377, #2027 ) ) ;
#2354 = DIRECTION ( 'NONE',  ( 2.602085213965210950E-17, -1.000000000000000000, -1.734723475976807094E-16 ) ) ;
#2355 = CARTESIAN_POINT ( 'NONE',  ( -200.0000000000000000, 13.00000000000000355, 8.378682735421024930 ) ) ;
#2356 = ORIENTED_EDGE ( 'NONE', *, *, #1820, .T. ) ;
#2357 = CARTESIAN_POINT ( 'NONE',  ( -199.9500623830560926, 13.99999999999999467, 0.9987523388778356548 ) ) ;
#2358 = VECTOR ( 'NONE', #322, 1000.000000000000000 ) ;
#2359 = ORIENTED_EDGE ( 'NONE', *, *, #2643, .F. ) ;
#2360 = DIRECTION ( 'NONE',  ( 2.602085213965215572E-17, -1.000000000000000000, 0.000000000000000000 ) ) ;
#2361 = VECTOR ( 'NONE', #2955, 1000.000000000000000 ) ;
#2362 = AXIS2_PLACEMENT_3D ( 'NONE', #1300, #1284, #2417 ) ;
#2363 = DIRECTION ( 'NONE',  ( 0.000000000000000000, 0.000000000000000000, 1.000000000000000000 ) ) ;
#2364 = CARTESIAN_POINT ( 'NONE',  ( -182.0000000000000000, 4.898587196589404940E-16, 9.453751562497556549 ) ) ;
#2365 = CARTESIAN_POINT ( 'NONE',  ( -7.199102425303752400E-16, 13.00000000000000711, 8.999999999999998224 ) ) ;
#2366 = VERTEX_POINT ( 'NONE', #851 ) ;
#2367 = ORIENTED_EDGE ( 'NONE', *, *, #202, .F. ) ;
#2368 = ORIENTED_EDGE ( 'NONE', *, *, #2063, .F. ) ;
#2369 = LINE ( 'NONE', #565, #2576 ) ;
#2370 = CARTESIAN_POINT ( 'NONE',  ( -0.5087598728947482218, -13.61653297257608308, 10.36991978354560651 ) ) ;
#2371 = VECTOR ( 'NONE', #1168, 1000.000000000000000 ) ;
#2372 = ORIENTED_EDGE ( 'NONE', *, *, #509, .F. ) ;
#2373 = ADVANCED_FACE ( 'NONE', ( #133 ), #1069, .T. ) ;
#2374 = CARTESIAN_POINT ( 'NONE',  ( -0.8701104785366823302, 14.08968580632218881, 10.08968580632202361 ) ) ;
#2375 = CARTESIAN_POINT ( 'NONE',  ( -1.425093574584161527, -13.00311915280538066, -9.928745321270797675 ) ) ;
#2376 = CIRCLE ( 'NONE', #887, 1.500000000000000444 ) ;
#2377 = CARTESIAN_POINT ( 'NONE',  ( 0.000000000000000000, -19.00000000000000000, 19.00000000000000355 ) ) ;
#2378 = AXIS2_PLACEMENT_3D ( 'NONE', #767, #1685, #1451 ) ;
#2379 = CARTESIAN_POINT ( 'NONE',  ( -188.7667102394083827, -3.598500787363639652, 8.971916775598517191 ) ) ;
#2380 = VECTOR ( 'NONE', #284, 1000.000000000000000 ) ;
#2381 = DIRECTION ( 'NONE',  ( 0.000000000000000000, 1.000000000000000000, 1.734723475976806601E-16 ) ) ;
#2382 = ORIENTED_EDGE ( 'NONE', *, *, #1428, .T. ) ;
#2383 = EDGE_LOOP ( 'NONE', ( #1139, #2148, #2151, #1980 ) ) ;
#2384 = EDGE_LOOP ( 'NONE', ( #2873, #546, #2072, #249 ) ) ;
#2385 = DIRECTION ( 'NONE',  ( 0.000000000000000000, 0.000000000000000000, 1.000000000000000000 ) ) ;
#2386 = EDGE_CURVE ( 'NONE', #167, #152, #2435, .T. ) ;
#2387 = VERTEX_POINT ( 'NONE', #148 ) ;
#2388 = CARTESIAN_POINT ( 'NONE',  ( -1.467511154201611490, 13.99999999995590549, 9.999999999955756280 ) ) ;
#2389 = DIRECTION ( 'NONE',  ( -0.7071067811865485719, 9.199760500100226340E-17, 0.7071067811865465735 ) ) ;
#2390 = DIRECTION ( 'NONE',  ( 1.000000000000000000, -1.156482317317871331E-15, 0.000000000000000000 ) ) ;
#2391 = CARTESIAN_POINT ( 'NONE',  ( -183.7349645889028977, 3.932038749449217718, 8.959337411472256818 ) ) ;
#2392 = CARTESIAN_POINT ( 'NONE',  ( 0.000000000000000000, 15.00000000000000711, -16.60000000000000497 ) ) ;
#2393 = CARTESIAN_POINT ( 'NONE',  ( 0.000000000000000000, 19.00000000000000000, -18.99999999999999645 ) ) ;
#2394 = EDGE_LOOP ( 'NONE', ( #1919, #863, #499, #1445 ) ) ;
#2395 = VERTEX_POINT ( 'NONE', #1011 ) ;
#2396 = ORIENTED_EDGE ( 'NONE', *, *, #818, .F. ) ;
#2397 = CARTESIAN_POINT ( 'NONE',  ( 2.000000000000000000, 15.00000000000000711, -13.40000000000000036 ) ) ;
#2398 = CARTESIAN_POINT ( 'NONE',  ( 0.000000000000000000, 0.000000000000000000, 0.000000000000000000 ) ) ;
#2399 = EDGE_CURVE ( 'NONE', #418, #2612, #2945, .T. ) ;
#2400 = ORIENTED_EDGE ( 'NONE', *, *, #1484, .F. ) ;
#2401 = CARTESIAN_POINT ( 'NONE',  ( -1.434581645652376780, 13.99607645274357814, 9.996076452743425378 ) ) ;
#2402 = FACE_OUTER_BOUND ( 'NONE', #1495, .T. ) ;
#2403 = DIRECTION ( 'NONE',  ( 0.000000000000000000, 0.000000000000000000, 1.000000000000000000 ) ) ;
#2404 = TOROIDAL_SURFACE ( 'NONE', #16, 4.499999999999992006, 0.5000000000000000000 ) ;
#2405 = CARTESIAN_POINT ( 'NONE',  ( -189.4954575486235058, -2.013886691020017494, 8.973738643871470799 ) ) ;
#2406 = CARTESIAN_POINT ( 'NONE',  ( -191.1175144212722046, -6.717514421272190894, 8.977793786053174685 ) ) ;
#2407 = VECTOR ( 'NONE', #878, 1000.000000000000000 ) ;
#2408 = ORIENTED_EDGE ( 'NONE', *, *, #2785, .F. ) ;
#2409 = ORIENTED_EDGE ( 'NONE', *, *, #2437, .F. ) ;
#2410 = VERTEX_POINT ( 'NONE', #1940 ) ;
#2411 = CARTESIAN_POINT ( 'NONE',  ( -199.0000000000000000, -13.00000000000000178, 11.99999999999999822 ) ) ;
#2412 = CIRCLE ( 'NONE', #2461, 0.5000000000000004441 ) ;
#2413 = ORIENTED_EDGE ( 'NONE', *, *, #2962, .T. ) ;
#2414 = ORIENTED_EDGE ( 'NONE', *, *, #2335, .F. ) ;
#2415 = CARTESIAN_POINT ( 'NONE',  ( -0.03904098607848156821, 14.84563028475220037, 11.10737817085142076 ) ) ;
#2416 = CARTESIAN_POINT ( 'NONE',  ( -0.8270227859270680160, 14.11040745905783389, -10.03728128864508484 ) ) ;
#2417 = DIRECTION ( 'NONE',  ( 0.000000000000000000, 0.000000000000000000, -1.000000000000000000 ) ) ;
#2418 =( BOUNDED_SURFACE ( )  B_SPLINE_SURFACE ( 3, 2, ( 
 ( #833, #349, #2617 ),
 ( #1237, #392, #2225 ),
 ( #379, #1939, #2196 ),
 ( #2164, #2450, #2180 ),
 ( #334, #599, #568 ),
 ( #1530, #113, #1956 ),
 ( #616, #1498, #2888 ),
 ( #1296, #2416, #2902 ),
 ( #1967, #1052, #2677 ),
 ( #2860, #792, #364 ),
 ( #172, #1718, #1007 ),
 ( #815, #2631, #1066 ),
 ( #1267, #147, #1250 ),
 ( #1481, #1745, #2844 ) ),
 .UNSPECIFIED., .F., .F., .F. ) 
 B_SPLINE_SURFACE_WITH_KNOTS ( ( 4, 2, 2, 2, 2, 2, 4 ),
 ( 3, 3 ),
 ( 6.333143702901528727, 6.523248444285647984, 6.713353185669767242, 6.903457927053886500, 7.093562668438005758, 7.473772151206244274, 7.853981633974482790 ),
 ( 0.000000000000000000, 1.000000000000000000 ),
 .UNSPECIFIED. ) 
 GEOMETRIC_REPRESENTATION_ITEM ( )  RATIONAL_B_SPLINE_SURFACE ( (
 ( 1.000000000000000000, 0.7079879114737882562, 1.000000000000000000),
 ( 1.000000000000000000, 0.7101919960077001104, 1.000000000000000000),
 ( 1.000000000000000000, 0.7167514144809897791, 1.000000000000000000),
 ( 1.000000000000000000, 0.7368865717775464619, 1.000000000000000000),
 ( 1.000000000000000000, 0.7504541651229255095, 1.000000000000000000),
 ( 1.000000000000000000, 0.7818046314049997836, 1.000000000000000000),
 ( 1.000000000000000000, 0.7995584086860672013, 1.000000000000000000),
 ( 1.000000000000000000, 0.8362042400024642941, 1.000000000000000000),
 ( 1.000000000000000000, 0.8550837045372819967, 1.000000000000000000),
 ( 1.000000000000000000, 0.9094431799488763568, 1.000000000000000000),
 ( 1.000000000000000000, 0.9423237179852154144, 1.000000000000000000),
 ( 1.000000000000000000, 0.9875849101084840376, 1.000000000000000000),
 ( 1.000000000000000000, 1.000139159571916014, 1.000000000000000000),
 ( 1.000000000000000000, 1.000000000000000000, 1.000000000000000000) ) ) 
 REPRESENTATION_ITEM ( '' )  SURFACE ( )  );
#2419 = EDGE_CURVE ( 'NONE', #2159, #179, #348, .T. ) ;
#2420 = EDGE_CURVE ( 'NONE', #608, #95, #587, .T. ) ;
#2421 = CARTESIAN_POINT ( 'NONE',  ( -189.5997507834584894, 2.765460243315254196, 8.973999376958644802 ) ) ;
#2422 = CARTESIAN_POINT ( 'NONE',  ( -199.0000000000000000, 12.99999999999999467, 0.9512492197250314030 ) ) ;
#2423 = ADVANCED_FACE ( 'NONE', ( #353, #1253 ), #819, .T. ) ;
#2424 = ORIENTED_EDGE ( 'NONE', *, *, #2308, .T. ) ;
#2425 = EDGE_LOOP ( 'NONE', ( #2396, #1181 ) ) ;
#2426 = COLOUR_RGB ( '',0.7921568627450980005, 0.8196078431372548767, 0.9333333333333333481 ) ;
#2427 = EDGE_CURVE ( 'NONE', #516, #399, #1346, .T. ) ;
#2428 = ORIENTED_EDGE ( 'NONE', *, *, #1868, .F. ) ;
#2429 = DIRECTION ( 'NONE',  ( 0.000000000000000000, 1.000000000000000000, 1.224646799147353207E-16 ) ) ;
#2430 = AXIS2_PLACEMENT_3D ( 'NONE', #849, #1282, #186 ) ;
#2431 = SHAPE_DEFINITION_REPRESENTATION ( #1135, #283 ) ;
#2432 = ORIENTED_EDGE ( 'NONE', *, *, #2742, .T. ) ;
#2433 = EDGE_LOOP ( 'NONE', ( #332, #126, #1665, #225 ) ) ;
#2434 = CARTESIAN_POINT ( 'NONE',  ( -199.0000000000000000, 0.000000000000000000, 0.9512492197250310699 ) ) ;
#2435 = LINE ( 'NONE', #2632, #1639 ) ;
#2436 = EDGE_CURVE ( 'NONE', #445, #2961, #2877, .T. ) ;
#2437 = EDGE_CURVE ( 'NONE', #731, #2612, #2316, .T. ) ;
#2438 = CARTESIAN_POINT ( 'NONE',  ( -190.0000000000000000, 0.000000000000000000, 9.476251562497555625 ) ) ;
#2439 = EDGE_CURVE ( 'NONE', #2200, #1666, #2849, .T. ) ;
#2440 = FACE_BOUND ( 'NONE', #1706, .T. ) ;
#2441 = VERTEX_POINT ( 'NONE', #601 ) ;
#2442 = ORIENTED_EDGE ( 'NONE', *, *, #1742, .F. ) ;
#2443 =( BOUNDED_CURVE ( )  B_SPLINE_CURVE ( 3, ( #2676, #2224, #2195, #1096 ),
 .UNSPECIFIED., .F., .F. ) 
 B_SPLINE_CURVE_WITH_KNOTS ( ( 4, 4 ),
 ( 1.570796326794896558, 3.141592653589793116 ),
 .UNSPECIFIED. ) 
 CURVE ( )  GEOMETRIC_REPRESENTATION_ITEM ( )  RATIONAL_B_SPLINE_CURVE ( ( 1.000000000000000000, 0.8047378541243649375, 0.8047378541243649375, 1.000000000000000000 ) ) 
 REPRESENTATION_ITEM ( '' )  );
#2444 = ORIENTED_EDGE ( 'NONE', *, *, #2399, .F. ) ;
#2445 = CARTESIAN_POINT ( 'NONE',  ( -1.499999999999999778, 13.00000000000000355, -9.925000000000004263 ) ) ;
#2446 = CARTESIAN_POINT ( 'NONE',  ( -192.7175144212721989, -6.717514421272190894, -19.00099999999999767 ) ) ;
#2447 = DIRECTION ( 'NONE',  ( 1.000000000000000000, 0.000000000000000000, 0.000000000000000000 ) ) ;
#2448 = VERTEX_POINT ( 'NONE', #1984 ) ;
#2449 = FACE_OUTER_BOUND ( 'NONE', #1989, .T. ) ;
#2450 = CARTESIAN_POINT ( 'NONE',  ( -1.306523763834397389, 13.98900861108427129, -9.915882440671831333 ) ) ;
#2451 = DIRECTION ( 'NONE',  ( 1.000000000000000000, -2.775557561562888827E-14, 0.000000000000000000 ) ) ;
#2452 = CARTESIAN_POINT ( 'NONE',  ( -188.0155015807443135, 3.494556905862681084, 8.970038753951772748 ) ) ;
#2453 = FACE_OUTER_BOUND ( 'NONE', #156, .T. ) ;
#2454 = ORIENTED_EDGE ( 'NONE', *, *, #304, .F. ) ;
#2455 = EDGE_LOOP ( 'NONE', ( #226, #81, #273, #1401 ) ) ;
#2456 = CYLINDRICAL_SURFACE ( 'NONE', #2605, 1.600000000000000755 ) ;
#2457 = CARTESIAN_POINT ( 'NONE',  ( -200.0000000000000000, -13.00000000000000178, 11.99999999999999822 ) ) ;
#2458 = CARTESIAN_POINT ( 'NONE',  ( -169.2928932188134468, 14.00000000000000000, 10.29289321881344854 ) ) ;
#2459 = AXIS2_PLACEMENT_3D ( 'NONE', #1381, #2044, #35 ) ;
#2460 = VERTEX_POINT ( 'NONE', #1517 ) ;
#2461 = AXIS2_PLACEMENT_3D ( 'NONE', #1503, #337, #366 ) ;
#2462 = ORIENTED_EDGE ( 'NONE', *, *, #26, .F. ) ;
#2463 = SPHERICAL_SURFACE ( 'NONE', #2430, 1.000000000000000000 ) ;
#2464 = CARTESIAN_POINT ( 'NONE',  ( -1.500000000000000000, 11.00374531250733057, -6.927058765924231309 ) ) ;
#2465 = ADVANCED_FACE ( 'NONE', ( #160 ), #2678, .F. ) ;
#2466 = EDGE_CURVE ( 'NONE', #672, #847, #277, .T. ) ;
#2467 = EDGE_CURVE ( 'NONE', #34, #2441, #976, .T. ) ;
#2468 = AXIS2_PLACEMENT_3D ( 'NONE', #869, #2758, #453 ) ;
#2469 = FACE_OUTER_BOUND ( 'NONE', #1752, .T. ) ;
#2470 = CARTESIAN_POINT ( 'NONE',  ( -3.782512688074378021E-16, -14.03553390593273242, 10.62132034355964016 ) ) ;
#2471 = DIRECTION ( 'NONE',  ( -1.000000000000000000, 0.000000000000000000, 0.000000000000000000 ) ) ;
#2472 = LINE ( 'NONE', #2925, #1545 ) ;
#2473 = FACE_BOUND ( 'NONE', #938, .T. ) ;
#2474 = AXIS2_PLACEMENT_3D ( 'NONE', #2290, #1565, #666 ) ;
#2475 = CARTESIAN_POINT ( 'NONE',  ( -181.9431457505075969, -2.456854249492403941, 8.954857864376267074 ) ) ;
#2476 = EDGE_CURVE ( 'NONE', #2105, #2505, #23, .T. ) ;
#2477 = ORIENTED_EDGE ( 'NONE', *, *, #1554, .F. ) ;
#2478 = ORIENTED_EDGE ( 'NONE', *, *, #2437, .T. ) ;
#2479 = EDGE_CURVE ( 'NONE', #2910, #1760, #924, .T. ) ;
#2480 = CARTESIAN_POINT ( 'NONE',  ( -1.425093574584161971, -14.00187149168322520, -8.929992982392953138 ) ) ;
#2481 = CYLINDRICAL_SURFACE ( 'NONE', #1259, 0.9999999999999964473 ) ;
#2482 = CARTESIAN_POINT ( 'NONE',  ( -182.0000000000000000, 0.000000000000000000, 9.453751562497554772 ) ) ;
#2483 = DIRECTION ( 'NONE',  ( -0.9999937500585930339, -0.002499984375146458836, 0.002499984375146458403 ) ) ;
#2484 = DIRECTION ( 'NONE',  ( 0.000000000000000000, 1.000000000000000000, 0.000000000000000000 ) ) ;
#2485 = CARTESIAN_POINT ( 'NONE',  ( -1.524927291558333176, 13.99916874447366588, -9.923753635422039920 ) ) ;
#2486 = DIRECTION ( 'NONE',  ( -1.000000000000000000, 0.000000000000000000, -1.734723475976807094E-17 ) ) ;
#2487 = DIRECTION ( 'NONE',  ( 1.000000000000000000, -0.000000000000000000, -0.000000000000000000 ) ) ;
#2488 = DIRECTION ( 'NONE',  ( -0.000000000000000000, 1.000000000000000000, -0.000000000000000000 ) ) ;
#2489 = ORIENTED_EDGE ( 'NONE', *, *, #1350, .T. ) ;
#2490 = LINE ( 'NONE', #431, #444 ) ;
#2491 = ORIENTED_EDGE ( 'NONE', *, *, #2182, .T. ) ;
#2492 = CARTESIAN_POINT ( 'NONE',  ( -168.9999999999999716, -13.99999999999999822, 8.999999999999994671 ) ) ;
#2493 = CARTESIAN_POINT ( 'NONE',  ( -1.467511154201606827, -13.99999999995589484, 9.999999999956177277 ) ) ;
#2494 = EDGE_CURVE ( 'NONE', #2582, #1830, #573, .T. ) ;
#2495 = DIRECTION ( 'NONE',  ( 1.000000000000000000, -0.000000000000000000, -0.000000000000000000 ) ) ;
#2496 = CARTESIAN_POINT ( 'NONE',  ( -169.9999999999999716, 13.99999999999999822, 9.585786437626902412 ) ) ;
#2497 = DIRECTION ( 'NONE',  ( -1.000000000000000000, 0.000000000000000000, 0.000000000000000000 ) ) ;
#2498 =( BOUNDED_CURVE ( )  B_SPLINE_CURVE ( 3, ( #1375, #1424, #1391, #957 ),
 .UNSPECIFIED., .F., .F. ) 
 B_SPLINE_CURVE_WITH_KNOTS ( ( 4, 4 ),
 ( 4.662430584662743627, 4.712388980384686121 ),
 .UNSPECIFIED. ) 
 CURVE ( )  GEOMETRIC_REPRESENTATION_ITEM ( )  RATIONAL_B_SPLINE_CURVE ( ( 1.000000000000000000, 0.9997920240391404700, 0.9997920240391404700, 1.000000000000000000 ) ) 
 REPRESENTATION_ITEM ( '' )  );
#2499 = EDGE_CURVE ( 'NONE', #789, #2366, #229, .T. ) ;
#2500 = CARTESIAN_POINT ( 'NONE',  ( -1.475020797405427242, 14.00000000000000178, -8.925832380491200979 ) ) ;
#2501 = CARTESIAN_POINT ( 'NONE',  ( 2.000000000000000000, 19.00000000000000000, -18.99999999999999645 ) ) ;
#2502 = LINE ( 'NONE', #2457, #1170 ) ;
#2503 = FACE_OUTER_BOUND ( 'NONE', #772, .T. ) ;
#2504 = VECTOR ( 'NONE', #942, 1000.000000000000000 ) ;
#2505 = VERTEX_POINT ( 'NONE', #2271 ) ;
#2506 = CARTESIAN_POINT ( 'NONE',  ( -171.4142135623730780, 12.99999999999999822, 11.00000000000000000 ) ) ;
#2507 = ORIENTED_EDGE ( 'NONE', *, *, #1114, .F. ) ;
#2508 = CARTESIAN_POINT ( 'NONE',  ( -0.2821540801882505556, -14.00650379698514669, -10.53077610777887863 ) ) ;
#2509 = CARTESIAN_POINT ( 'NONE',  ( -1.500000000000000222, -13.99999999999999645, 9.999999999999996447 ) ) ;
#2510 = VECTOR ( 'NONE', #1307, 1000.000000000000000 ) ;
#2511 = DIRECTION ( 'NONE',  ( -0.9999937500585933670, 0.002499984375146411131, 0.002499984375146411131 ) ) ;
#2512 = CARTESIAN_POINT ( 'NONE',  ( -181.6183729529397226, 1.177865484095835802, 8.954045932382348028 ) ) ;
#2513 = DIRECTION ( 'NONE',  ( -0.04993761694389221156, 0.000000000000000000, -0.9987523388778447586 ) ) ;
#2514 = AXIS2_PLACEMENT_3D ( 'NONE', #1563, #10, #2242 ) ;
#2515 = CARTESIAN_POINT ( 'NONE',  ( -199.0000000000000000, -14.00000000000000000, 11.00000000000000000 ) ) ;
#2516 = LINE ( 'NONE', #1827, #252 ) ;
#2517 = FACE_OUTER_BOUND ( 'NONE', #1399, .T. ) ;
#2518 = CARTESIAN_POINT ( 'NONE',  ( -0.003749941407037312834, -12.50000937485352637, 7.000014062331546327 ) ) ;
#2519 = ORIENTED_EDGE ( 'NONE', *, *, #2685, .T. ) ;
#2520 = ORIENTED_EDGE ( 'NONE', *, *, #188, .F. ) ;
#2521 = DIRECTION ( 'NONE',  ( -0.002499992187536598590, 0.000000000000000000, -0.9999968750146482899 ) ) ;
#2522 = AXIS2_PLACEMENT_3D ( 'NONE', #343, #359, #1042 ) ;
#2523 = CARTESIAN_POINT ( 'NONE',  ( -1.500000000000000000, -13.99999999999999467, 8.999999999999998224 ) ) ;
#2524 = CIRCLE ( 'NONE', #750, 1.600000000000000755 ) ;
#2525 = AXIS2_PLACEMENT_3D ( 'NONE', #1476, #1464, #532 ) ;
#2526 = AXIS2_PLACEMENT_3D ( 'NONE', #2365, #369, #1228 ) ;
#2527 = CARTESIAN_POINT ( 'NONE',  ( -1.571169756854695621, 11.00374531250733234, -8.425369436549400959 ) ) ;
#2528 = LINE ( 'NONE', #216, #1162 ) ;
#2529 = DIRECTION ( 'NONE',  ( 0.000000000000000000, 1.000000000000000000, 0.000000000000000000 ) ) ;
#2530 = EDGE_CURVE ( 'NONE', #2929, #842, #2657, .T. ) ;
#2531 = EDGE_CURVE ( 'NONE', #418, #1512, #2772, .T. ) ;
#2532 = FACE_OUTER_BOUND ( 'NONE', #2669, .T. ) ;
#2533 = DIRECTION ( 'NONE',  ( 0.04744650456979700170, 0.000000000000000000, 0.9988737804167793222 ) ) ;
#2534 = DIRECTION ( 'NONE',  ( -0.9987523388778446476, -3.465118257876282123E-17, 0.04993761694389221156 ) ) ;
#2535 = ORIENTED_EDGE ( 'NONE', *, *, #189, .F. ) ;
#2536 = CARTESIAN_POINT ( 'NONE',  ( -168.5857864376268935, -13.00000000000000178, 10.99999999999999645 ) ) ;
#2537 = VERTEX_POINT ( 'NONE', #2014 ) ;
#2538 = CARTESIAN_POINT ( 'NONE',  ( -0.4786915061271735938, -14.39729246252624684, -9.589027933797892089 ) ) ;
#2539 = CARTESIAN_POINT ( 'NONE',  ( 2.725388528415544833E-16, -15.17269176637138628, 11.30361505982387804 ) ) ;
#2540 = CYLINDRICAL_SURFACE ( 'NONE', #2023, 0.9999999999999991118 ) ;
#2541 = DIRECTION ( 'NONE',  ( -0.9999937500585932559, -0.002499984375146410698, 0.002499984375146406361 ) ) ;
#2542 = CARTESIAN_POINT ( 'NONE',  ( 2.000000000000000000, -19.00000000000000000, 19.00000000000000355 ) ) ;
#2543 = DIRECTION ( 'NONE',  ( 1.734723475976807094E-17, 0.000000000000000000, -1.000000000000000000 ) ) ;
#2544 = CARTESIAN_POINT ( 'NONE',  ( 0.5000000000000004441, 0.000000000000000000, 0.000000000000000000 ) ) ;
#2545 = LINE ( 'NONE', #481, #2380 ) ;
#2546 = VERTEX_POINT ( 'NONE', #1314 ) ;
#2547 = DIRECTION ( 'NONE',  ( 0.000000000000000000, 0.000000000000000000, -1.000000000000000000 ) ) ;
#2548 = ORIENTED_EDGE ( 'NONE', *, *, #2595, .F. ) ;
#2549 = CARTESIAN_POINT ( 'NONE',  ( -0.06455422971280629085, -14.98808609138921355, -10.91495992097678958 ) ) ;
#2550 = AXIS2_PLACEMENT_3D ( 'NONE', #2708, #2255, #1116 ) ;
#2551 = CARTESIAN_POINT ( 'NONE',  ( -0.8352731925577829841, -13.25291759746166242, 10.15175055847694097 ) ) ;
#2552 = VERTEX_POINT ( 'NONE', #2241 ) ;
#2553 = CARTESIAN_POINT ( 'NONE',  ( -178.7431457505076082, -5.656854249492385911, 8.946857864376267955 ) ) ;
#2554 = CIRCLE ( 'NONE', #396, 1.500000000000000000 ) ;
#2555 = EDGE_CURVE ( 'NONE', #1058, #1262, #1546, .T. ) ;
#2556 = EDGE_CURVE ( 'NONE', #2928, #2223, #1397, .T. ) ;
#2557 = EDGE_CURVE ( 'NONE', #2133, #2344, #1835, .T. ) ;
#2558 = VECTOR ( 'NONE', #1555, 1000.000000000000000 ) ;
#2559 = TOROIDAL_SURFACE ( 'NONE', #2270, 4.500000000000000888, 0.5000000000000000000 ) ;
#2560 = CARTESIAN_POINT ( 'NONE',  ( -199.0000000000000000, -13.00000000000000178, 11.00000000000000000 ) ) ;
#2561 = FACE_BOUND ( 'NONE', #50, .T. ) ;
#2562 = CARTESIAN_POINT ( 'NONE',  ( -182.0000000000000000, -0.5236931760419613058, 9.453751562498068139 ) ) ;
#2563 = FACE_OUTER_BOUND ( 'NONE', #2839, .T. ) ;
#2564 = DIRECTION ( 'NONE',  ( -0.000000000000000000, -0.000000000000000000, 1.000000000000000000 ) ) ;
#2565 = EDGE_LOOP ( 'NONE', ( #398, #1494, #771, #1001, #1950, #1714, #286, #1418 ) ) ;
#2566 = ORIENTED_EDGE ( 'NONE', *, *, #2499, .T. ) ;
#2567 = CIRCLE ( 'NONE', #1256, 1.000000000000000888 ) ;
#2568 = EDGE_LOOP ( 'NONE', ( #1737, #1289, #1932, #2736 ) ) ;
#2569 = CARTESIAN_POINT ( 'NONE',  ( -0.1893204163876598956, -14.24095255342234445, 10.74457153205330151 ) ) ;
#2570 = EDGE_CURVE ( 'NONE', #2059, #1724, #370, .T. ) ;
#2571 = EDGE_CURVE ( 'NONE', #2582, #1755, #1358, .T. ) ;
#2572 = ORIENTED_EDGE ( 'NONE', *, *, #2154, .F. ) ;
#2573 = EDGE_CURVE ( 'NONE', #936, #97, #2606, .T. ) ;
#2574 = FACE_OUTER_BOUND ( 'NONE', #144, .T. ) ;
#2575 =( GEOMETRIC_REPRESENTATION_CONTEXT ( 3 ) GLOBAL_UNCERTAINTY_ASSIGNED_CONTEXT ( ( #2341 ) ) GLOBAL_UNIT_ASSIGNED_CONTEXT ( ( #292, #1149, #2051 ) ) REPRESENTATION_CONTEXT ( 'NONE', 'WORKASPACE' ) );
#2576 = VECTOR ( 'NONE', #2342, 1000.000000000000000 ) ;
#2577 = CARTESIAN_POINT ( 'NONE',  ( -7.372574772901433109E-16, 13.00000000000000711, 9.999999999999998224 ) ) ;
#2578 = CARTESIAN_POINT ( 'NONE',  ( -1.549937616943892094, 13.00000000000000355, -9.922503119152809248 ) ) ;
#2579 = CARTESIAN_POINT ( 'NONE',  ( -185.4122013783930925, -4.499999999999992895, 8.963530503445980457 ) ) ;
#2580 = DIRECTION ( 'NONE',  ( 1.000000000000000000, 0.000000000000000000, 0.000000000000000000 ) ) ;
#2581 = CARTESIAN_POINT ( 'NONE',  ( -2.685365140658391572E-16, 14.09289825156850817, -10.58261278052866672 ) ) ;
#2582 = VERTEX_POINT ( 'NONE', #690 ) ;
#2583 = ORIENTED_EDGE ( 'NONE', *, *, #2182, .F. ) ;
#2584 = ORIENTED_EDGE ( 'NONE', *, *, #2571, .F. ) ;
#2585 = DIRECTION ( 'NONE',  ( -0.000000000000000000, 1.000000000000000000, -0.000000000000000000 ) ) ;
#2586 = CYLINDRICAL_SURFACE ( 'NONE', #884, 4.000000000000003553 ) ;
#2587 = ORIENTED_EDGE ( 'NONE', *, *, #2036, .F. ) ;
#2588 = DIRECTION ( 'NONE',  ( -0.000000000000000000, -1.734723475976807094E-16, 1.000000000000000000 ) ) ;
#2589 = EDGE_CURVE ( 'NONE', #2133, #319, #1698, .T. ) ;
#2590 = ORIENTED_EDGE ( 'NONE', *, *, #2000, .F. ) ;
#2591 = CARTESIAN_POINT ( 'NONE',  ( -181.5012499960937760, 5.510910596163063918E-16, 8.953753124990234014 ) ) ;
#2592 = DIRECTION ( 'NONE',  ( 0.000000000000000000, 0.000000000000000000, 1.000000000000000000 ) ) ;
#2593 = CARTESIAN_POINT ( 'NONE',  ( -183.9865471534249366, -3.495732767946807318, 8.959966367883275495 ) ) ;
#2594 = CYLINDRICAL_SURFACE ( 'NONE', #600, 1.599999999999990319 ) ;
#2595 = EDGE_CURVE ( 'NONE', #2697, #97, #117, .T. ) ;
#2596 = ORIENTED_EDGE ( 'NONE', *, *, #2020, .T. ) ;
#2597 = VERTEX_POINT ( 'NONE', #2755 ) ;
#2598 = ORIENTED_EDGE ( 'NONE', *, *, #1165, .F. ) ;
#2599 = LINE ( 'NONE', #2150, #1836 ) ;
#2600 =( BOUNDED_CURVE ( )  B_SPLINE_CURVE ( 3, ( #265, #1152, #904, #932 ),
 .UNSPECIFIED., .F., .F. ) 
 B_SPLINE_CURVE_WITH_KNOTS ( ( 4, 4 ),
 ( 3.141592653589793116, 6.283185307179586232 ),
 .UNSPECIFIED. ) 
 CURVE ( )  GEOMETRIC_REPRESENTATION_ITEM ( )  RATIONAL_B_SPLINE_CURVE ( ( 1.000000000000000000, 0.3333333333333333703, 0.3333333333333333703, 1.000000000000000000 ) ) 
 REPRESENTATION_ITEM ( '' )  );
#2601 = ORIENTED_EDGE ( 'NONE', *, *, #564, .T. ) ;
#2602 = CARTESIAN_POINT ( 'NONE',  ( -1.401824117758418531, 14.00000000000000533, 9.000000000002552625 ) ) ;
#2603 = CARTESIAN_POINT ( 'NONE',  ( -1.549937616943892094, -12.99999999999999289, -9.922503119152809248 ) ) ;
#2604 = AXIS2_PLACEMENT_3D ( 'NONE', #475, #1212, #521 ) ;
#2605 = AXIS2_PLACEMENT_3D ( 'NONE', #400, #2008, #2230 ) ;
#2606 = CIRCLE ( 'NONE', #1299, 1.000000000000000888 ) ;
#2607 = LINE ( 'NONE', #2542, #1797 ) ;
#2608 = CARTESIAN_POINT ( 'NONE',  ( -181.9431457505075969, -8.856854249492368325, 8.954857864376267074 ) ) ;
#2609 = DIRECTION ( 'NONE',  ( 0.000000000000000000, 0.000000000000000000, -1.000000000000000000 ) ) ;
#2610 = ORIENTED_EDGE ( 'NONE', *, *, #464, .F. ) ;
#2611 = EDGE_LOOP ( 'NONE', ( #1584, #2114, #2827, #549 ) ) ;
#2612 = VERTEX_POINT ( 'NONE', #2527 ) ;
#2613 = CARTESIAN_POINT ( 'NONE',  ( 0.5000000000000004441, 0.000000000000000000, 4.500000000000000888 ) ) ;
#2614 = AXIS2_PLACEMENT_3D ( 'NONE', #632, #2710, #2273 ) ;
#2615 = VERTEX_POINT ( 'NONE', #1373 ) ;
#2616 = CARTESIAN_POINT ( 'NONE',  ( -1.303652884241744303, 14.00966913231116706, 9.016115220518571505 ) ) ;
#2617 = CARTESIAN_POINT ( 'NONE',  ( -1.425093574584161971, 13.00311915280538955, -9.928745321270797675 ) ) ;
#2618 = AXIS2_PLACEMENT_3D ( 'NONE', #2446, #2926, #2041 ) ;
#2619 = CARTESIAN_POINT ( 'NONE',  ( -187.0482481571490325, 3.895533953759471313, 8.967620620392949604 ) ) ;
#2620 = VECTOR ( 'NONE', #2874, 1000.000000000000000 ) ;
#2621 = CARTESIAN_POINT ( 'NONE',  ( -182.0000000000000284, 4.900114182850864917E-16, 8.955000000000003624 ) ) ;
#2622 = DIRECTION ( 'NONE',  ( 0.000000000000000000, 1.734723475976807094E-16, -1.000000000000000000 ) ) ;
#2623 = ADVANCED_FACE ( 'NONE', ( #2312 ), #1009, .T. ) ;
#2624 = EDGE_CURVE ( 'NONE', #2200, #1878, #974, .T. ) ;
#2625 = ORIENTED_EDGE ( 'NONE', *, *, #1351, .F. ) ;
#2626 = EDGE_LOOP ( 'NONE', ( #2681, #1618, #268 ) ) ;
#2627 = ORIENTED_EDGE ( 'NONE', *, *, #2256, .F. ) ;
#2628 = CARTESIAN_POINT ( 'NONE',  ( -194.3175144212721932, -6.717514421272190894, 8.985793786053175580 ) ) ;
#2629 = ORIENTED_EDGE ( 'NONE', *, *, #1535, .F. ) ;
#2630 = CARTESIAN_POINT ( 'NONE',  ( -0.5850153138310628664, 13.51223093419377719, 10.30733856051624109 ) ) ;
#2631 = CARTESIAN_POINT ( 'NONE',  ( -0.06455422971280574962, 14.98808609138922421, -10.91495992097678958 ) ) ;
#2632 = CARTESIAN_POINT ( 'NONE',  ( -199.0000000000000000, -13.99999999999999822, -5.204170427930422072E-15 ) ) ;
#2633 = CARTESIAN_POINT ( 'NONE',  ( 0.000000000000000000, 0.000000000000000000, 0.000000000000000000 ) ) ;
#2634 = CARTESIAN_POINT ( 'NONE',  ( -189.5997507834580347, -2.765460243315296829, 8.973999376958643026 ) ) ;
#2635 = DIRECTION ( 'NONE',  ( 0.000000000000000000, 0.000000000000000000, -1.000000000000000000 ) ) ;
#2636 = EDGE_LOOP ( 'NONE', ( #981, #2786, #2946, #2779 ) ) ;
#2637 = EDGE_LOOP ( 'NONE', ( #1962, #1888 ) ) ;
#2638 = ORIENTED_EDGE ( 'NONE', *, *, #1852, .F. ) ;
#2639 = CARTESIAN_POINT ( 'NONE',  ( -1.500000000000000000, 14.00000000000000533, 8.999999999999998224 ) ) ;
#2640 = EDGE_LOOP ( 'NONE', ( #2454, #2149 ) ) ;
#2641 = EDGE_LOOP ( 'NONE', ( #2007, #1475 ) ) ;
#2642 = CARTESIAN_POINT ( 'NONE',  ( -0.5087598728947482218, 13.61653297257609374, 10.36991978354560651 ) ) ;
#2643 = EDGE_CURVE ( 'NONE', #1293, #2448, #883, .T. ) ;
#2644 = FACE_OUTER_BOUND ( 'NONE', #1223, .T. ) ;
#2645 = EDGE_CURVE ( 'NONE', #2223, #2928, #912, .T. ) ;
#2646 = CARTESIAN_POINT ( 'NONE',  ( -1.500000000000000000, 11.00374531250733057, -6.927058765924231309 ) ) ;
#2647 = AXIS2_PLACEMENT_3D ( 'NONE', #897, #1823, #228 ) ;
#2648 = EDGE_CURVE ( 'NONE', #2810, #614, #814, .T. ) ;
#2649 = CARTESIAN_POINT ( 'NONE',  ( -190.0000000000000000, 0.5236931760419584192, 9.476251562497044034 ) ) ;
#2650 = CYLINDRICAL_SURFACE ( 'NONE', #1175, 1.600000000000000755 ) ;
#2651 = AXIS2_PLACEMENT_3D ( 'NONE', #232, #1136, #2067 ) ;
#2652 = VERTEX_POINT ( 'NONE', #1670 ) ;
#2653 = CARTESIAN_POINT ( 'NONE',  ( -1.475020797405431017, -13.99999999999999112, -8.925832380491200979 ) ) ;
#2654 = VERTEX_POINT ( 'NONE', #1686 ) ;
#2655 = CIRCLE ( 'NONE', #634, 4.000000000000003553 ) ;
#2656 = DIRECTION ( 'NONE',  ( 0.000000000000000000, 0.000000000000000000, 1.000000000000000000 ) ) ;
#2657 = CIRCLE ( 'NONE', #2550, 1.000000000000003775 ) ;
#2658 = ORIENTED_EDGE ( 'NONE', *, *, #555, .T. ) ;
#2659 = ORIENTED_EDGE ( 'NONE', *, *, #1166, .T. ) ;
#2660 = FACE_OUTER_BOUND ( 'NONE', #2113, .T. ) ;
#2661 = CARTESIAN_POINT ( 'NONE',  ( -200.0000000000000000, 11.49981738811519172, 0.9999999999999947820 ) ) ;
#2662 = EDGE_CURVE ( 'NONE', #2441, #2323, #2139, .T. ) ;
#2663 = ADVANCED_FACE ( 'NONE', ( #536 ), #2540, .T. ) ;
#2664 = CARTESIAN_POINT ( 'NONE',  ( -180.8824855787277954, 6.717514421272187342, -19.00099999999999767 ) ) ;
#2665 = AXIS2_PLACEMENT_3D ( 'NONE', #519, #1877, #254 ) ;
#2666 = CARTESIAN_POINT ( 'NONE',  ( -190.3841270392478009, 1.177865484095829807, 8.975960317598117300 ) ) ;
#2667 = CARTESIAN_POINT ( 'NONE',  ( -178.7431457505076082, -5.656854249492385911, 11.99999999999999822 ) ) ;
#2668 = VERTEX_POINT ( 'NONE', #1406 ) ;
#2669 = EDGE_LOOP ( 'NONE', ( #1974, #2596, #623 ) ) ;
#2670 = VECTOR ( 'NONE', #798, 1000.000000000000000 ) ;
#2671 = EDGE_LOOP ( 'NONE', ( #504, #1875, #2916, #2566 ) ) ;
#2672 = DIRECTION ( 'NONE',  ( -1.000000000000000000, 0.000000000000000000, 0.000000000000000000 ) ) ;
#2673 = FACE_BOUND ( 'NONE', #2138, .T. ) ;
#2674 = PRODUCT_CONTEXT ( 'NONE', #694, 'mechanical' ) ;
#2675 = ORIENTED_EDGE ( 'NONE', *, *, #1166, .F. ) ;
#2676 = CARTESIAN_POINT ( 'NONE',  ( 0.000000000000000000, -15.49999999999999467, 11.49999999999999822 ) ) ;
#2677 = CARTESIAN_POINT ( 'NONE',  ( -0.4786915061272381533, 13.66215410421049725, -10.32416629211375181 ) ) ;
#2678 = CYLINDRICAL_SURFACE ( 'NONE', #1105, 1.600000000000000755 ) ;
#2679 = CARTESIAN_POINT ( 'NONE',  ( -184.9542633737563904, 3.896247015506830280, 8.962385658434675051 ) ) ;
#2680 = CARTESIAN_POINT ( 'NONE',  ( 0.03124980468872041312, -12.49992187548828682, 0.000000000000000000 ) ) ;
#2681 = ORIENTED_EDGE ( 'NONE', *, *, #1526, .F. ) ;
#2682 = EDGE_LOOP ( 'NONE', ( #2896, #1124, #2194, #473 ) ) ;
#2683 = CYLINDRICAL_SURFACE ( 'NONE', #2170, 1.500000000000000000 ) ;
#2684 = PLANE ( 'NONE',  #553 ) ;
#2685 = EDGE_CURVE ( 'NONE', #1421, #2177, #997, .T. ) ;
#2686 = CARTESIAN_POINT ( 'NONE',  ( 0.04499941406986033426, 10.99988281397215673, 6.999882813972150508 ) ) ;
#2687 = ADVANCED_FACE ( 'NONE', ( #706 ), #986, .F. ) ;
#2688 = ORIENTED_EDGE ( 'NONE', *, *, #91, .F. ) ;
#2689 = ORIENTED_EDGE ( 'NONE', *, *, #1171, .T. ) ;
#2690 = FACE_OUTER_BOUND ( 'NONE', #129, .T. ) ;
#2691 = CARTESIAN_POINT ( 'NONE',  ( 0.000000000000000000, -11.00374531250733234, 8.499999999999998224 ) ) ;
#2692 = CARTESIAN_POINT ( 'NONE',  ( -0.5818858772131262347, -14.04403187655177732, -9.000260290507206662 ) ) ;
#2693 = CARTESIAN_POINT ( 'NONE',  ( -181.5012499961019614, 0.5891548230467427150, 8.953753124990253554 ) ) ;
#2694 = DIRECTION ( 'NONE',  ( 0.000000000000000000, -1.000000000000000000, 0.000000000000000000 ) ) ;
#2695 = EDGE_CURVE ( 'NONE', #34, #2162, #1435, .T. ) ;
#2696 = ORIENTED_EDGE ( 'NONE', *, *, #740, .F. ) ;
#2697 = VERTEX_POINT ( 'NONE', #1915 ) ;
#2698 = FACE_OUTER_BOUND ( 'NONE', #1975, .T. ) ;
#2699 = DIRECTION ( 'NONE',  ( -0.9987523388778448696, 0.000000000000000000, 0.04993761694389215605 ) ) ;
#2700 = VECTOR ( 'NONE', #2585, 1000.000000000000000 ) ;
#2701 = CARTESIAN_POINT ( 'NONE',  ( 2.000000000000000000, 19.00000000000000000, 19.00000000000000355 ) ) ;
#2702 = AXIS2_PLACEMENT_3D ( 'NONE', #2506, #1570, #250 ) ;
#2703 = ORIENTED_EDGE ( 'NONE', *, *, #1776, .F. ) ;
#2704 = AXIS2_PLACEMENT_3D ( 'NONE', #569, #631, #2390 ) ;
#2705 = ORIENTED_EDGE ( 'NONE', *, *, #464, .T. ) ;
#2706 = DIRECTION ( 'NONE',  ( 0.000000000000000000, 0.000000000000000000, 1.000000000000000000 ) ) ;
#2707 = CARTESIAN_POINT ( 'NONE',  ( -1.500000000000000222, -13.99999999999999467, 8.999999999999998224 ) ) ;
#2708 = CARTESIAN_POINT ( 'NONE',  ( -171.4142135623731065, -13.00000000000000178, 11.00000000000000533 ) ) ;
#2709 = AXIS2_PLACEMENT_3D ( 'NONE', #2835, #712, #2592 ) ;
#2710 = DIRECTION ( 'NONE',  ( -0.000000000000000000, -0.000000000000000000, 1.000000000000000000 ) ) ;
#2711 = VECTOR ( 'NONE', #1145, 1000.000000000000000 ) ;
#2712 = LINE ( 'NONE', #1318, #1806 ) ;
#2713 = DIRECTION ( 'NONE',  ( 0.000000000000000000, 0.000000000000000000, -1.000000000000000000 ) ) ;
#2714 = DIRECTION ( 'NONE',  ( 1.000000000000000000, -0.000000000000000000, -0.000000000000000000 ) ) ;
#2715 = FACE_BOUND ( 'NONE', #259, .T. ) ;
#2716 = EDGE_CURVE ( 'NONE', #1907, #1293, #260, .T. ) ;
#2717 = CLOSED_SHELL ( 'NONE', ( #1930, #2205, #2623, #350, #2757, #2465, #1688, #1101, #2740, #383, #2933, #2208, #425, #375, #1893, #927, #1048, #2272, #313, #2310, #858, #770, #1257, #2090, #2001, #1651, #1622, #2423, #1894, #954, #1807, #1689, #2120, #2130, #1457, #1778, #1423, #351, #2021, #1030, #1687, #987, #660, #1728, #1897, #1142, #820, #2244, #1199, #1034, #125, #44, #620, #28, #2783, #2778, #1037, #99, #2663, #2793, #1404, #1310, #121, #1979, #751, #2024, #662, #7, #2906, #2373, #2795, #336, #2884, #2131, #550, #1273, #578, #1501, #1580, #242, #1750, #469, #675, #1482, #816, #963, #1130, #606, #523, #2687, #891, #566, #2872, #609 ) ) ;
#2718 = CARTESIAN_POINT ( 'NONE',  ( -1.500000000000000000, -11.00374531250733234, -8.427058765924231309 ) ) ;
#2719 = CIRCLE ( 'NONE', #457, 1.000000000000000000 ) ;
#2720 = EDGE_LOOP ( 'NONE', ( #2086, #2158, #1191, #1405 ) ) ;
#2721 = CARTESIAN_POINT ( 'NONE',  ( -199.0000000000000000, -13.00000000000000000, -2.255140518769848434E-15 ) ) ;
#2722 = VERTEX_POINT ( 'NONE', #2553 ) ;
#2723 = SPHERICAL_SURFACE ( 'NONE', #2909, 1.500000000000000000 ) ;
#2724 = VECTOR ( 'NONE', #2887, 1000.000000000000000 ) ;
#2725 = CARTESIAN_POINT ( 'NONE',  ( 0.000000000000000000, 15.00000000000000000, 16.60000000000001208 ) ) ;
#2726 = CARTESIAN_POINT ( 'NONE',  ( -1.496250011718695205, -12.50000000000001243, 8.503740625029298172 ) ) ;
#2727 = LINE ( 'NONE', #664, #793 ) ;
#2728 = LINE ( 'NONE', #1794, #2285 ) ;
#2729 = CARTESIAN_POINT ( 'NONE',  ( -168.5857864376268935, -14.00000000000000000, 10.99999999999999645 ) ) ;
#2730 = DIRECTION ( 'NONE',  ( 1.000000000000000000, -0.000000000000000000, -0.000000000000000000 ) ) ;
#2731 = CARTESIAN_POINT ( 'NONE',  ( 2.000000000000000000, -19.00000000000000000, 19.00000000000000355 ) ) ;
#2732 = LINE ( 'NONE', #2958, #1104 ) ;
#2733 =( BOUNDED_SURFACE ( )  B_SPLINE_SURFACE ( 3, 2, ( 
 ( #2707, #2509, #2268 ),
 ( #1573, #2493, #214 ),
 ( #1833, #407, #434 ),
 ( #1312, #1115, #2240 ),
 ( #1588, #187, #1084 ),
 ( #2013, #1097, #2551 ),
 ( #1863, #2119, #1449 ),
 ( #1683, #1653, #1623 ),
 ( #2325, #1892, #2370 ),
 ( #84, #765, #2815 ),
 ( #502, #734, #2569 ),
 ( #271, #1180, #1433 ),
 ( #38, #940, #2539 ),
 ( #488, #533, #1420 ) ),
 .UNSPECIFIED., .F., .F., .F. ) 
 B_SPLINE_SURFACE_WITH_KNOTS ( ( 4, 2, 2, 2, 2, 2, 4 ),
 ( 3, 3 ),
 ( 3.141592653589793116, 3.337942194439155408, 3.534291735288517255, 3.730641276137879103, 3.926990816987241395, 4.319689898685965090, 4.712388980384689674 ),
 ( 0.000000000000000000, 1.000000000000000000 ),
 .UNSPECIFIED. ) 
 GEOMETRIC_REPRESENTATION_ITEM ( )  RATIONAL_B_SPLINE_SURFACE ( (
 ( 1.000000000000000000, 0.7071067811865482389, 1.000000000000000000),
 ( 1.000000000000000000, 0.7070717273041681183, 1.000000000000000000),
 ( 1.000000000000000000, 0.7117460039580565390, 1.000000000000000000),
 ( 1.000000000000000000, 0.7291288925852588143, 1.000000000000000000),
 ( 1.000000000000000000, 0.7418334198132081614, 1.000000000000000000),
 ( 1.000000000000000000, 0.7723968198839954447, 1.000000000000000000),
 ( 1.000000000000000000, 0.7902180103235642017, 1.000000000000000000),
 ( 1.000000000000000000, 0.8275942679197767493, 1.000000000000000000),
 ( 1.000000000000000000, 0.8471316616385978771, 1.000000000000000000),
 ( 1.000000000000000000, 0.9038128880761203687, 1.000000000000000000),
 ( 1.000000000000000000, 0.9386556518432053187, 1.000000000000000000),
 ( 1.000000000000000000, 0.9867291879191069093, 1.000000000000000000),
 ( 1.000000000000000000, 1.000158581772869093, 1.000000000000000000),
 ( 1.000000000000000000, 1.000000000000000000, 1.000000000000000000) ) ) 
 REPRESENTATION_ITEM ( '' )  SURFACE ( )  );
#2734 = VERTEX_POINT ( 'NONE', #1638 ) ;
#2735 = LINE ( 'NONE', #671, #208 ) ;
#2736 = ORIENTED_EDGE ( 'NONE', *, *, #365, .F. ) ;
#2737 = CARTESIAN_POINT ( 'NONE',  ( -200.0011000000000081, -14.99999999999999289, -15.00000000000001599 ) ) ;
#2738 = CARTESIAN_POINT ( 'NONE',  ( 2.000000000000000000, 19.00000000000000000, 19.00000000000000355 ) ) ;
#2739 = CARTESIAN_POINT ( 'NONE',  ( -1.500000000000000000, 11.00374531250733057, 7.003745312507326126 ) ) ;
#2740 = ADVANCED_FACE ( 'NONE', ( #2328 ), #2832, .F. ) ;
#2741 = FACE_OUTER_BOUND ( 'NONE', #1961, .T. ) ;
#2742 = EDGE_CURVE ( 'NONE', #545, #152, #725, .T. ) ;
#2743 = DIRECTION ( 'NONE',  ( 1.000000000000000000, -0.000000000000000000, -0.000000000000000000 ) ) ;
#2744 = PLANE ( 'NONE',  #2125 ) ;
#2745 = FACE_OUTER_BOUND ( 'NONE', #1669, .T. ) ;
#2746 = DIRECTION ( 'NONE',  ( -0.04993761694389226014, 0.000000000000000000, -0.9987523388778447586 ) ) ;
#2747 = AXIS2_PLACEMENT_3D ( 'NONE', #2047, #643, #450 ) ;
#2748 = ORIENTED_EDGE ( 'NONE', *, *, #1114, .T. ) ;
#2749 = CARTESIAN_POINT ( 'NONE',  ( 0.07117775485928957979, 12.49982205561285831, -7.001511584836685564 ) ) ;
#2750 = EDGE_LOOP ( 'NONE', ( #65, #2917, #1277, #685 ) ) ;
#2751 = CARTESIAN_POINT ( 'NONE',  ( 0.04499941406986034120, -10.99988281397216028, 6.999882813972150508 ) ) ;
#2752 = DIRECTION ( 'NONE',  ( 0.000000000000000000, -1.000000000000000000, -0.000000000000000000 ) ) ;
#2753 = AXIS2_PLACEMENT_3D ( 'NONE', #1246, #318, #518 ) ;
#2754 = AXIS2_PLACEMENT_3D ( 'NONE', #174, #2166, #1238 ) ;
#2755 = CARTESIAN_POINT ( 'NONE',  ( 0.000000000000000000, 19.00000000000000000, 19.00000000000000355 ) ) ;
#2756 = EDGE_CURVE ( 'NONE', #2910, #842, #67, .T. ) ;
#2757 = ADVANCED_FACE ( 'NONE', ( #1879 ), #2404, .T. ) ;
#2758 = DIRECTION ( 'NONE',  ( 0.7071067811865484609, 0.000000000000000000, -0.7071067811865467956 ) ) ;
#2759 = DIRECTION ( 'NONE',  ( 0.000000000000000000, -1.000000000000000000, 0.000000000000000000 ) ) ;
#2760 = CARTESIAN_POINT ( 'NONE',  ( -181.5012499960937760, 5.510910596163063918E-16, 8.953753124990234014 ) ) ;
#2761 = DIRECTION ( 'NONE',  ( -1.000000000000000000, 0.000000000000000000, 0.000000000000000000 ) ) ;
#2762 = DIRECTION ( 'NONE',  ( 1.000000000000000000, -0.000000000000000000, -0.000000000000000000 ) ) ;
#2763 = DIRECTION ( 'NONE',  ( 0.000000000000000000, -1.000000000000000000, -0.000000000000000000 ) ) ;
#2764 = ORIENTED_EDGE ( 'NONE', *, *, #799, .T. ) ;
#2765 = CARTESIAN_POINT ( 'NONE',  ( -1.500000000000000000, -13.99999999999999112, -8.923750780274966488 ) ) ;
#2766 = ORIENTED_EDGE ( 'NONE', *, *, #1438, .F. ) ;
#2767 = CARTESIAN_POINT ( 'NONE',  ( -0.2821540801883796745, -14.60390227819116937, -9.933377626573058450 ) ) ;
#2768 = CIRCLE ( 'NONE', #2907, 2.000000000000000000 ) ;
#2769 = LINE ( 'NONE', #1195, #2711 ) ;
#2770 = AXIS2_PLACEMENT_3D ( 'NONE', #890, #1798, #169 ) ;
#2771 = AXIS2_PLACEMENT_3D ( 'NONE', #2825, #2337, #1844 ) ;
#2772 = LINE ( 'NONE', #1607, #779 ) ;
#2773 = DIRECTION ( 'NONE',  ( 1.000000000000000000, -0.000000000000000000, -0.000000000000000000 ) ) ;
#2774 = LINE ( 'NONE', #1825, #87 ) ;
#2775 = CARTESIAN_POINT ( 'NONE',  ( -199.0000000000000000, 13.99999999999999645, 9.999999999999994671 ) ) ;
#2776 = DIRECTION ( 'NONE',  ( -1.000000000000000000, 0.000000000000000000, 0.000000000000000000 ) ) ;
#2777 = CARTESIAN_POINT ( 'NONE',  ( -80.20710678118629744, 12.99999999999998757, -80.20710678118653902 ) ) ;
#2778 = ADVANCED_FACE ( 'NONE', ( #2574 ), #2418, .T. ) ;
#2779 = ORIENTED_EDGE ( 'NONE', *, *, #1459, .T. ) ;
#2780 = LINE ( 'NONE', #717, #2407 ) ;
#2781 = EDGE_LOOP ( 'NONE', ( #1768, #920, #802, #2101 ) ) ;
#2782 = DIRECTION ( 'NONE',  ( 1.000000000000000000, 0.000000000000000000, 0.000000000000000000 ) ) ;
#2783 = ADVANCED_FACE ( 'NONE', ( #2402 ), #2875, .T. ) ;
#2784 = EDGE_CURVE ( 'NONE', #1177, #64, #1810, .T. ) ;
#2785 = EDGE_CURVE ( 'NONE', #992, #2410, #1468, .T. ) ;
#2786 = ORIENTED_EDGE ( 'NONE', *, *, #2479, .T. ) ;
#2787 = CARTESIAN_POINT ( 'NONE',  ( -199.0000000000000000, -12.99999999999999822, 0.9512492197250297377 ) ) ;
#2788 = CARTESIAN_POINT ( 'NONE',  ( -0.3004997388710375916, 13.96363319594872721, 10.57817991756931697 ) ) ;
#2789 = CARTESIAN_POINT ( 'NONE',  ( 0.000000000000000000, 15.00000000000000000, 15.00000000000001066 ) ) ;
#2790 = DIRECTION ( 'NONE',  ( 0.000000000000000000, 0.000000000000000000, 1.000000000000000000 ) ) ;
#2791 = CARTESIAN_POINT ( 'NONE',  ( -183.7349645889028977, -3.932038749449469961, 8.959337411472256818 ) ) ;
#2792 = CARTESIAN_POINT ( 'NONE',  ( 0.000000000000000000, 15.50000000000000533, 11.49999999999999822 ) ) ;
#2793 = ADVANCED_FACE ( 'NONE', ( #2644 ), #583, .T. ) ;
#2794 = CARTESIAN_POINT ( 'NONE',  ( -177.6824855787278068, 6.717514421272187342, -19.00099999999999767 ) ) ;
#2795 = ADVANCED_FACE ( 'NONE', ( #158 ), #1326, .T. ) ;
#2796 = VERTEX_POINT ( 'NONE', #1764 ) ;
#2797 = VERTEX_POINT ( 'NONE', #1999 ) ;
#2798 = ORIENTED_EDGE ( 'NONE', *, *, #1350, .F. ) ;
#2799 = DIRECTION ( 'NONE',  ( 0.000000000000000000, 0.000000000000000000, 1.000000000000000000 ) ) ;
#2800 = VECTOR ( 'NONE', #1357, 1000.000000000000000 ) ;
#2801 = APPLICATION_PROTOCOL_DEFINITION ( 'draft international standard', 'automotive_design', 1998, #694 ) ;
#2802 = ORIENTED_EDGE ( 'NONE', *, *, #1046, .F. ) ;
#2803 = DIRECTION ( 'NONE',  ( 0.000000000000000000, -1.000000000000000000, -1.734723475976810053E-16 ) ) ;
#2804 = VECTOR ( 'NONE', #921, 1000.000000000000000 ) ;
#2805 = VECTOR ( 'NONE', #639, 1000.000000000000000 ) ;
#2806 = VECTOR ( 'NONE', #1828, 1000.000000000000000 ) ;
#2807 = CARTESIAN_POINT ( 'NONE',  ( -1.500000000000000000, 11.00374531250733057, 7.003745312507325238 ) ) ;
#2808 = CARTESIAN_POINT ( 'NONE',  ( -171.4142135623730780, 13.00000000000000000, 11.00000000000000000 ) ) ;
#2809 = DIRECTION ( 'NONE',  ( 0.000000000000000000, 0.000000000000000000, 1.000000000000000000 ) ) ;
#2810 = VERTEX_POINT ( 'NONE', #2725 ) ;
#2811 = ORIENTED_EDGE ( 'NONE', *, *, #926, .T. ) ;
#2812 = ORIENTED_EDGE ( 'NONE', *, *, #2110, .F. ) ;
#2813 = EDGE_CURVE ( 'NONE', #462, #287, #1339, .T. ) ;
#2814 = DIRECTION ( 'NONE',  ( 0.000000000000000000, 0.000000000000000000, -1.000000000000000000 ) ) ;
#2815 = CARTESIAN_POINT ( 'NONE',  ( -0.3004997388710375916, -13.96363319594871655, 10.57817991756931697 ) ) ;
#2816 =( BOUNDED_CURVE ( )  B_SPLINE_CURVE ( 3, ( #1629, #1843, #1172, #233 ),
 .UNSPECIFIED., .F., .F. ) 
 B_SPLINE_CURVE_WITH_KNOTS ( ( 4, 4 ),
 ( 4.659746577505199383, 6.230661520191125291 ),
 .UNSPECIFIED. ) 
 CURVE ( )  GEOMETRIC_REPRESENTATION_ITEM ( )  RATIONAL_B_SPLINE_CURVE ( ( 1.000000000000000000, 0.8047098952616802414, 0.8047098952616802414, 1.000000000000000000 ) ) 
 REPRESENTATION_ITEM ( '' )  );
#2817 = ORIENTED_EDGE ( 'NONE', *, *, #2555, .F. ) ;
#2818 = AXIS2_PLACEMENT_3D ( 'NONE', #57, #492, #741 ) ;
#2819 = DIRECTION ( 'NONE',  ( -1.000000000000000000, 0.000000000000000000, 0.000000000000000000 ) ) ;
#2820 = PRESENTATION_LAYER_ASSIGNMENT (  '', '', ( #982 ) ) ;
#2821 = EDGE_CURVE ( 'NONE', #1512, #1709, #1488, .T. ) ;
#2822 = DIRECTION ( 'NONE',  ( -1.000000000000000000, -2.602085213965210950E-17, 0.000000000000000000 ) ) ;
#2823 = DIRECTION ( 'NONE',  ( -1.000000000000000000, 0.000000000000000000, 0.000000000000000000 ) ) ;
#2824 = CARTESIAN_POINT ( 'NONE',  ( -181.6183729529397226, -1.177865484095823811, 8.954045932382348028 ) ) ;
#2825 = CARTESIAN_POINT ( 'NONE',  ( 3.642919299551293912E-16, -13.99999999999999289, -2.428612866367528749E-15 ) ) ;
#2826 = ORIENTED_EDGE ( 'NONE', *, *, #2256, .T. ) ;
#2827 = ORIENTED_EDGE ( 'NONE', *, *, #1776, .T. ) ;
#2828 = VERTEX_POINT ( 'NONE', #2523 ) ;
#2829 = DIRECTION ( 'NONE',  ( 0.000000000000000000, 1.734723475976807341E-16, 1.000000000000000000 ) ) ;
#2830 = CARTESIAN_POINT ( 'NONE',  ( -200.0000000000000000, 11.50000468747803062, 8.999999999999994671 ) ) ;
#2831 = VERTEX_POINT ( 'NONE', #465 ) ;
#2832 = CYLINDRICAL_SURFACE ( 'NONE', #1098, 1.600000000000002531 ) ;
#2833 = EDGE_CURVE ( 'NONE', #1709, #941, #2948, .T. ) ;
#2834 = EDGE_CURVE ( 'NONE', #1724, #804, #2967, .T. ) ;
#2835 = CARTESIAN_POINT ( 'NONE',  ( 2.000000000000000000, 0.000000000000000000, 0.000000000000000000 ) ) ;
#2836 = CARTESIAN_POINT ( 'NONE',  ( -182.8018358241594399, -2.458853390159084107, 8.957004589560154884 ) ) ;
#2837 = CARTESIAN_POINT ( 'NONE',  ( -180.3431457505076025, -5.656854249492385911, -19.00099999999999767 ) ) ;
#2838 = ORIENTED_EDGE ( 'NONE', *, *, #1327, .F. ) ;
#2839 = EDGE_LOOP ( 'NONE', ( #730, #1730, #1443, #2590, #1126, #2519, #1541, #1899 ) ) ;
#2840 = ORIENTED_EDGE ( 'NONE', *, *, #1129, .F. ) ;
#2841 = DIRECTION ( 'NONE',  ( -1.000000000000000000, -4.336808689942018352E-17, 0.000000000000000000 ) ) ;
#2842 = ORIENTED_EDGE ( 'NONE', *, *, #138, .T. ) ;
#2843 = CARTESIAN_POINT ( 'NONE',  ( -1.304712087842033523E-12, 15.23817804323237191, 11.23817804323236480 ) ) ;
#2844 = CARTESIAN_POINT ( 'NONE',  ( 0.000000000000000000, 15.50000000000000178, -11.42687382958756359 ) ) ;
#2845 = PRODUCT_RELATED_PRODUCT_CATEGORY ( 'part', '', ( #1605 ) ) ;
#2846 = EDGE_CURVE ( 'NONE', #2831, #1964, #2298, .T. ) ;
#2847 = EDGE_CURVE ( 'NONE', #736, #2831, #959, .T. ) ;
#2848 = AXIS2_PLACEMENT_3D ( 'NONE', #1927, #1188, #999 ) ;
#2849 = CIRCLE ( 'NONE', #1936, 0.9999999999999997780 ) ;
#2850 = CARTESIAN_POINT ( 'NONE',  ( -1.630368230603218986E-16, 14.03553390593274131, 10.62132034355964016 ) ) ;
#2851 = FACE_OUTER_BOUND ( 'NONE', #2611, .T. ) ;
#2852 = ORIENTED_EDGE ( 'NONE', *, *, #2439, .F. ) ;
#2853 = ORIENTED_EDGE ( 'NONE', *, *, #692, .T. ) ;
#2854 = ORIENTED_EDGE ( 'NONE', *, *, #2570, .T. ) ;
#2855 = DIRECTION ( 'NONE',  ( 1.000000000000000000, -1.156482317317871331E-15, 0.000000000000000000 ) ) ;
#2856 = CIRCLE ( 'NONE', #262, 0.5000000000000004441 ) ;
#2857 = ORIENTED_EDGE ( 'NONE', *, *, #2165, .T. ) ;
#2858 = CARTESIAN_POINT ( 'NONE',  ( -0.06915938529790303935, 14.97101005840664456, 10.97101005840701582 ) ) ;
#2859 = PRODUCT_DEFINITION_FORMATION_WITH_SPECIFIED_SOURCE ( 'ANY', '', #1605, .NOT_KNOWN. ) ;
#2860 = CARTESIAN_POINT ( 'NONE',  ( -0.2821540801883796745, 14.60390227819118003, -9.933377626573058450 ) ) ;
#2861 = LINE ( 'NONE', #1269, #1500 ) ;
#2862 = CIRCLE ( 'NONE', #1510, 1.000000000000000888 ) ;
#2863 = CARTESIAN_POINT ( 'NONE',  ( 1.500000000000001332, 0.000000000000000000, 0.000000000000000000 ) ) ;
#2864 = AXIS2_PLACEMENT_3D ( 'NONE', #1006, #2773, #2152 ) ;
#2865 = CARTESIAN_POINT ( 'NONE',  ( -189.8958907050242715, -1.046991541418138105, 9.475958755105581943 ) ) ;
#2866 = CARTESIAN_POINT ( 'NONE',  ( -190.5000000000000000, 0.000000000000000000, 11.49999999999999645 ) ) ;
#2867 = ORIENTED_EDGE ( 'NONE', *, *, #1073, .T. ) ;
#2868 = DIRECTION ( 'NONE',  ( 0.000000000000000000, -1.734723475976807341E-16, -1.000000000000000000 ) ) ;
#2869 = VERTEX_POINT ( 'NONE', #881 ) ;
#2870 = DIRECTION ( 'NONE',  ( 1.000000000000000000, 0.000000000000000000, 0.000000000000000000 ) ) ;
#2871 = ORIENTED_EDGE ( 'NONE', *, *, #5, .F. ) ;
#2872 = ADVANCED_FACE ( 'NONE', ( #1804 ), #865, .F. ) ;
#2873 = ORIENTED_EDGE ( 'NONE', *, *, #2494, .F. ) ;
#2874 = DIRECTION ( 'NONE',  ( -0.000000000000000000, -1.000000000000000000, 0.000000000000000000 ) ) ;
#2875 = CYLINDRICAL_SURFACE ( 'NONE', #1972, 0.9999999999999997780 ) ;
#2876 = EDGE_CURVE ( 'NONE', #1262, #1058, #1440, .T. ) ;
#2877 = LINE ( 'NONE', #2664, #1747 ) ;
#2878 = CARTESIAN_POINT ( 'NONE',  ( -184.9530084585821896, 3.895890705024406930, 9.462056898787340131 ) ) ;
#2879 = DIRECTION ( 'NONE',  ( 4.336808689942018352E-17, -1.000000000000000000, 1.734723475976807341E-16 ) ) ;
#2880 = ORIENTED_EDGE ( 'NONE', *, *, #2885, .T. ) ;
#2881 = CARTESIAN_POINT ( 'NONE',  ( -1.549937616943901197, -12.99999999999999112, -9.922503119152809248 ) ) ;
#2882 = VERTEX_POINT ( 'NONE', #2738 ) ;
#2883 = DIRECTION ( 'NONE',  ( 0.000000000000000000, 0.000000000000000000, -1.000000000000000000 ) ) ;
#2884 = ADVANCED_FACE ( 'NONE', ( #1128 ), #2481, .T. ) ;
#2885 = EDGE_CURVE ( 'NONE', #462, #152, #2326, .T. ) ;
#2886 = ORIENTED_EDGE ( 'NONE', *, *, #1840, .F. ) ;
#2887 = DIRECTION ( 'NONE',  ( 0.7071067811865485719, 1.410629943348702728E-16, -0.7071067811865465735 ) ) ;
#2888 = CARTESIAN_POINT ( 'NONE',  ( -0.7054604883063879672, 13.37361684415118823, -10.15104393607837174 ) ) ;
#2889 = DIRECTION ( 'NONE',  ( 0.04993761694389214911, 0.000000000000000000, 0.9987523388778447586 ) ) ;
#2890 = AXIS2_PLACEMENT_3D ( 'NONE', #306, #491, #2819 ) ;
#2891 = CARTESIAN_POINT ( 'NONE',  ( -199.0000000000000000, -13.00000000000000178, 9.999999999999994671 ) ) ;
#2892 = DIRECTION ( 'NONE',  ( -0.000000000000000000, -0.000000000000000000, 1.000000000000000000 ) ) ;
#2893 = CIRCLE ( 'NONE', #2753, 1.500000000000000000 ) ;
#2894 = EDGE_LOOP ( 'NONE', ( #1479, #1537, #2, #124 ) ) ;
#2895 = ORIENTED_EDGE ( 'NONE', *, *, #219, .T. ) ;
#2896 = ORIENTED_EDGE ( 'NONE', *, *, #1805, .F. ) ;
#2897 = CARTESIAN_POINT ( 'NONE',  ( -171.4142135623731065, -14.00000000000000000, 11.00000000000000000 ) ) ;
#2898 = DIRECTION ( 'NONE',  ( -0.000000000000000000, -1.734723475976807094E-16, 1.000000000000000000 ) ) ;
#2899 = EDGE_LOOP ( 'NONE', ( #593, #2659 ) ) ;
#2900 = ORIENTED_EDGE ( 'NONE', *, *, #873, .T. ) ;
#2901 = FACE_OUTER_BOUND ( 'NONE', #1029, .T. ) ;
#2902 = CARTESIAN_POINT ( 'NONE',  ( -0.5507684565374815211, 13.55778303241034521, -10.26154364903367444 ) ) ;
#2903 = AXIS2_PLACEMENT_3D ( 'NONE', #2863, #1532, #1970 ) ;
#2904 = DIRECTION ( 'NONE',  ( 1.000000000000000000, -0.000000000000000000, -0.000000000000000000 ) ) ;
#2905 = CARTESIAN_POINT ( 'NONE',  ( -185.4122013783930925, 4.499999999999992895, 8.963530503445980457 ) ) ;
#2906 = ADVANCED_FACE ( 'NONE', ( #1543 ), #2733, .T. ) ;
#2907 = AXIS2_PLACEMENT_3D ( 'NONE', #2729, #902, #2713 ) ;
#2908 = DIRECTION ( 'NONE',  ( 0.000000000000000000, 0.000000000000000000, 1.000000000000000000 ) ) ;
#2909 = AXIS2_PLACEMENT_3D ( 'NONE', #406, #1065, #391 ) ;
#2910 = VERTEX_POINT ( 'NONE', #1668 ) ;
#2911 = CIRCLE ( 'NONE', #1904, 1.000000000000000888 ) ;
#2912 = ORIENTED_EDGE ( 'NONE', *, *, #314, .F. ) ;
#2913 = DIRECTION ( 'NONE',  ( 0.9988737804167792111, 0.000000000000000000, -0.04744650456979698089 ) ) ;
#2914 = CARTESIAN_POINT ( 'NONE',  ( -194.3175144212721932, -6.717514421272190894, -19.00099999999999767 ) ) ;
#2915 = DIRECTION ( 'NONE',  ( 1.000000000000000000, -0.000000000000000000, -0.000000000000000000 ) ) ;
#2916 = ORIENTED_EDGE ( 'NONE', *, *, #2037, .F. ) ;
#2917 = ORIENTED_EDGE ( 'NONE', *, *, #2467, .T. ) ;
#2918 = DIRECTION ( 'NONE',  ( 0.000000000000000000, 0.000000000000000000, 1.000000000000000000 ) ) ;
#2919 = CARTESIAN_POINT ( 'NONE',  ( -199.0499376169439074, 13.99999999999999822, -0.04750311915281474340 ) ) ;
#2920 = CARTESIAN_POINT ( 'NONE',  ( 0.000000000000000000, -15.49999999999999112, -11.42687382958756359 ) ) ;
#2921 = CARTESIAN_POINT ( 'NONE',  ( -182.0000000000000000, 4.898587196589404940E-16, 9.453751562497556549 ) ) ;
#2922 = CARTESIAN_POINT ( 'NONE',  ( -1.500000000000000000, 0.000000000000000000, -6.927058765924231309 ) ) ;
#2923 = EDGE_LOOP ( 'NONE', ( #841, #826 ) ) ;
#2924 = ORIENTED_EDGE ( 'NONE', *, *, #1715, .T. ) ;
#2925 = CARTESIAN_POINT ( 'NONE',  ( -200.0000000000000000, -13.00000000000000178, 0.9999999999999947820 ) ) ;
#2926 = DIRECTION ( 'NONE',  ( -0.000000000000000000, -0.000000000000000000, 1.000000000000000000 ) ) ;
#2927 = DIRECTION ( 'NONE',  ( 0.000000000000000000, 0.000000000000000000, -1.000000000000000000 ) ) ;
#2928 = VERTEX_POINT ( 'NONE', #1384 ) ;
#2929 = VERTEX_POINT ( 'NONE', #2343 ) ;
#2930 = LINE ( 'NONE', #1325, #1222 ) ;
#2931 = DIRECTION ( 'NONE',  ( 0.000000000000000000, 0.000000000000000000, 1.000000000000000000 ) ) ;
#2932 = DIRECTION ( 'NONE',  ( 0.000000000000000000, 0.000000000000000000, -1.000000000000000000 ) ) ;
#2933 = ADVANCED_FACE ( 'NONE', ( #289 ), #2586, .F. ) ;
#2934 = CARTESIAN_POINT ( 'NONE',  ( -182.1041889990085281, 1.047347200836153291, 8.955260472497318602 ) ) ;
#2935 = AXIS2_PLACEMENT_3D ( 'NONE', #1615, #48, #2533 ) ;
#2936 = DIRECTION ( 'NONE',  ( -0.000000000000000000, -0.000000000000000000, 1.000000000000000000 ) ) ;
#2937 = DIRECTION ( 'NONE',  ( 0.000000000000000000, -1.000000000000000000, 0.000000000000000000 ) ) ;
#2938 = CARTESIAN_POINT ( 'NONE',  ( -1.496250011718695205, 12.50374062502930350, 8.499999999999998224 ) ) ;
#2939 = DIRECTION ( 'NONE',  ( -1.000000000000000000, 0.000000000000000000, -0.000000000000000000 ) ) ;
#2940 = VECTOR ( 'NONE', #221, 1000.000000000000000 ) ;
#2941 = DIRECTION ( 'NONE',  ( 0.000000000000000000, -1.000000000000000000, 0.000000000000000000 ) ) ;
#2942 = AXIS2_PLACEMENT_3D ( 'NONE', #1905, #497, #2293 ) ;
#2943 = EDGE_LOOP ( 'NONE', ( #1178, #2251 ) ) ;
#2944 = CARTESIAN_POINT ( 'NONE',  ( -1.425093574584161527, -13.00311915280538066, -9.928745321270797675 ) ) ;
#2945 = CIRCLE ( 'NONE', #2704, 1.500000000000000000 ) ;
#2946 = ORIENTED_EDGE ( 'NONE', *, *, #834, .T. ) ;
#2947 = CARTESIAN_POINT ( 'NONE',  ( -1.330160249622575508, -14.00661815793130316, -8.937904092808979684 ) ) ;
#2948 = LINE ( 'NONE', #2691, #582 ) ;
#2949 =( BOUNDED_CURVE ( )  B_SPLINE_CURVE ( 3, ( #2760, #1596, #1134, #2066 ),
 .UNSPECIFIED., .F., .F. ) 
 B_SPLINE_CURVE_WITH_KNOTS ( ( 4, 4 ),
 ( 3.141592653589793116, 6.283185307179586232 ),
 .UNSPECIFIED. ) 
 CURVE ( )  GEOMETRIC_REPRESENTATION_ITEM ( )  RATIONAL_B_SPLINE_CURVE ( ( 1.000000000000000000, 0.3333333333333333703, 0.3333333333333333703, 1.000000000000000000 ) ) 
 REPRESENTATION_ITEM ( '' )  );
#2950 = CARTESIAN_POINT ( 'NONE',  ( -6.175219579088629750E-17, 14.65573895094110490, -10.01977208115606999 ) ) ;
#2951 = AXIS2_PLACEMENT_3D ( 'NONE', #280, #2108, #988 ) ;
#2952 = CARTESIAN_POINT ( 'NONE',  ( -199.0499376169439074, -13.00000000000000000, -0.04750311915281444503 ) ) ;
#2953 = CARTESIAN_POINT ( 'NONE',  ( -199.0000000000000000, 12.99999999999999822, 9.999999999999994671 ) ) ;
#2954 = DIRECTION ( 'NONE',  ( 0.7071067811865464625, 0.000000000000000000, 0.7071067811865485719 ) ) ;
#2955 = DIRECTION ( 'NONE',  ( 0.000000000000000000, 0.000000000000000000, 1.000000000000000000 ) ) ;
#2956 = CARTESIAN_POINT ( 'NONE',  ( 0.000000000000000000, -15.00000000000000000, 13.40000000000000746 ) ) ;
#2957 = CIRCLE ( 'NONE', #1946, 1.600000000000002531 ) ;
#2958 = CARTESIAN_POINT ( 'NONE',  ( -200.0011000000000081, 4.898587196589411843E-16, 4.000000000000000000 ) ) ;
#2959 = EDGE_CURVE ( 'NONE', #1293, #949, #1016, .T. ) ;
#2960 = CIRCLE ( 'NONE', #1413, 1.500000000000000000 ) ;
#2961 = VERTEX_POINT ( 'NONE', #2104 ) ;
#2962 = EDGE_CURVE ( 'NONE', #941, #2734, #2769, .T. ) ;
#2963 = LINE ( 'NONE', #483, #1100 ) ;
#2964 = VERTEX_POINT ( 'NONE', #54 ) ;
#2965 = CARTESIAN_POINT ( 'NONE',  ( -1.094495076305631143, -14.01364140086657706, -9.940515230454149531 ) ) ;
#2966 = CIRCLE ( 'NONE', #368, 1.000000000000000888 ) ;
#2967 = LINE ( 'NONE', #1788, #161 ) ;
#2968 = EDGE_CURVE ( 'NONE', #2279, #1536, #970, .T. ) ;
#2969 =( BOUNDED_SURFACE ( )  B_SPLINE_SURFACE ( 3, 2, ( 
 ( #2881, #810, #2201 ),
 ( #153, #1738, #2653 ),
 ( #1507, #825, #1288 ),
 ( #2213, #467, #1364 ) ),
 .UNSPECIFIED., .F., .F., .F. ) 
 B_SPLINE_SURFACE_WITH_KNOTS ( ( 4, 4 ),
 ( 3, 3 ),
 ( 4.712388980384689674, 4.762347376106635721 ),
 ( 0.000000000000000000, 1.000000000000000000 ),
 .UNSPECIFIED. ) 
 GEOMETRIC_REPRESENTATION_ITEM ( )  RATIONAL_B_SPLINE_SURFACE ( (
 ( 1.000000000000000000, 0.7071067811865474617, 1.000000000000000000),
 ( 1.000000000000000000, 0.7074007966060481545, 1.000000000000000000),
 ( 1.000000000000000000, 0.7076946284290269729, 1.000000000000000000),
 ( 1.000000000000000000, 0.7079879114737888113, 1.000000000000000000) ) ) 
 REPRESENTATION_ITEM ( '' )  SURFACE ( )  );
#2970 = EDGE_CURVE ( 'NONE', #2178, #2652, #676, .T. ) ;
#2971 = CARTESIAN_POINT ( 'NONE',  ( -186.0000000000000000, 0.000000000000000000, 11.99999999999999822 ) ) ;
#2972 = FACE_OUTER_BOUND ( 'NONE', #2750, .T. ) ;
#2973 = DIRECTION ( 'NONE',  ( 1.000000000000000000, 0.000000000000000000, -0.000000000000000000 ) ) ;
#2974 = DIRECTION ( 'NONE',  ( 0.000000000000000000, -0.000000000000000000, 1.000000000000000000 ) ) ;
ENDSEC;
END-ISO-10303-21;
