solid AutoCAD
   facet normal -6.7057771e-01 7.4183929e-01 0.0000000e+00
      outer loop
         vertex 8.7332730e+01 8.7754736e+02 1.0000000e-06
         vertex 7.8036071e+01 8.6914374e+02 1.0000000e-06
         vertex 8.7332730e+01 8.7754736e+02 5.0000010e+00
      endloop
   endfacet
   facet normal -6.7057771e-01 7.4183929e-01 0.0000000e+00
      outer loop
         vertex 8.7332730e+01 8.7754736e+02 5.0000010e+00
         vertex 7.8036071e+01 8.6914374e+02 1.0000000e-06
         vertex 7.8036071e+01 8.6914374e+02 5.0000010e+00
      endloop
   endfacet
   facet normal 7.2664688e-01 6.8701114e-01 -7.2436524e-13
      outer loop
         vertex 9.6633195e+01 8.7066760e+02 1.0000000e-06
         vertex 9.0128699e+01 8.7754736e+02 1.0000000e-06
         vertex 9.6633195e+01 8.7066760e+02 5.0000010e+00
      endloop
   endfacet
   facet normal 7.2664688e-01 6.8701114e-01 -0.0000000e+00
      outer loop
         vertex 9.6633195e+01 8.7066760e+02 5.0000010e+00
         vertex 9.0128699e+01 8.7754736e+02 1.0000000e-06
         vertex 9.0128699e+01 8.7754736e+02 5.0000010e+00
      endloop
   endfacet
   facet normal -7.4183929e-01 -6.7057771e-01 0.0000000e+00
      outer loop
         vertex 8.8869180e+01 8.7619028e+02 1.0000000e-06
         vertex 9.4044900e+01 8.7046455e+02 1.0000000e-06
         vertex 8.8869180e+01 8.7619028e+02 5.0000010e+00
      endloop
   endfacet
   facet normal -7.4183929e-01 -6.7057771e-01 8.2002496e-13
      outer loop
         vertex 8.8869180e+01 8.7619028e+02 5.0000010e+00
         vertex 9.4044900e+01 8.7046455e+02 1.0000000e-06
         vertex 9.4044900e+01 8.7046455e+02 5.0000010e+00
      endloop
   endfacet
   facet normal 6.7057771e-01 -7.4183929e-01 1.7974545e-13
      outer loop
         vertex 8.1426425e+01 8.6946248e+02 1.0000000e-06
         vertex 8.8869180e+01 8.7619028e+02 1.0000000e-06
         vertex 8.1426425e+01 8.6946248e+02 5.0000010e+00
      endloop
   endfacet
   facet normal 6.7057771e-01 -7.4183929e-01 0.0000000e+00
      outer loop
         vertex 8.1426425e+01 8.6946248e+02 5.0000010e+00
         vertex 8.8869180e+01 8.7619028e+02 1.0000000e-06
         vertex 8.8869180e+01 8.7619028e+02 5.0000010e+00
      endloop
   endfacet
   facet normal 0.0000000e+00 0.0000000e+00 1.0000000e+00
      outer loop
         vertex 7.8036071e+01 8.6914374e+02 5.0000010e+00
         vertex 7.9163088e+01 8.6928141e+02 5.0000010e+00
         vertex 8.7332730e+01 8.7754736e+02 5.0000010e+00
      endloop
   endfacet
   facet normal -0.0000000e+00 0.0000000e+00 1.0000000e+00
      outer loop
         vertex 8.7332730e+01 8.7754736e+02 5.0000010e+00
         vertex 7.9163088e+01 8.6928141e+02 5.0000010e+00
         vertex 8.0293498e+01 8.6938768e+02 5.0000010e+00
      endloop
   endfacet
   facet normal -0.0000000e+00 0.0000000e+00 1.0000000e+00
      outer loop
         vertex 8.7332730e+01 8.7754736e+02 5.0000010e+00
         vertex 8.0293498e+01 8.6938768e+02 5.0000010e+00
         vertex 8.8869180e+01 8.7619028e+02 5.0000010e+00
      endloop
   endfacet
   facet normal -0.0000000e+00 0.0000000e+00 1.0000000e+00
      outer loop
         vertex 8.8869180e+01 8.7619028e+02 5.0000010e+00
         vertex 8.0293498e+01 8.6938768e+02 5.0000010e+00
         vertex 8.1426425e+01 8.6946248e+02 5.0000010e+00
      endloop
   endfacet
   facet normal 0.0000000e+00 -0.0000000e+00 1.0000000e+00
      outer loop
         vertex 9.4044900e+01 8.7046455e+02 5.0000010e+00
         vertex 9.4906602e+01 8.7054536e+02 5.0000010e+00
         vertex 8.8869180e+01 8.7619028e+02 5.0000010e+00
      endloop
   endfacet
   facet normal -0.0000000e+00 0.0000000e+00 1.0000000e+00
      outer loop
         vertex 8.8869180e+01 8.7619028e+02 5.0000010e+00
         vertex 9.4906602e+01 8.7054536e+02 5.0000010e+00
         vertex 9.5769434e+01 8.7061305e+02 5.0000010e+00
      endloop
   endfacet
   facet normal -0.0000000e+00 0.0000000e+00 1.0000000e+00
      outer loop
         vertex 8.8869180e+01 8.7619028e+02 5.0000010e+00
         vertex 9.5769434e+01 8.7061305e+02 5.0000010e+00
         vertex 9.6633195e+01 8.7066760e+02 5.0000010e+00
      endloop
   endfacet
   facet normal 0.0000000e+00 0.0000000e+00 1.0000000e+00
      outer loop
         vertex 9.6633195e+01 8.7066760e+02 5.0000010e+00
         vertex 9.0128699e+01 8.7754736e+02 5.0000010e+00
         vertex 8.8869180e+01 8.7619028e+02 5.0000010e+00
      endloop
   endfacet
   facet normal 0.0000000e+00 -0.0000000e+00 1.0000000e+00
      outer loop
         vertex 8.8869180e+01 8.7619028e+02 5.0000010e+00
         vertex 9.0128699e+01 8.7754736e+02 5.0000010e+00
         vertex 8.7332730e+01 8.7754736e+02 5.0000010e+00
      endloop
   endfacet
   facet normal -6.3032630e-02 9.9801147e-01 3.1196990e-14
      outer loop
         vertex 9.6633195e+01 8.7066760e+02 6.4930010e+00
         vertex 9.6633195e+01 8.7066760e+02 5.0000010e+00
         vertex 9.5769434e+01 8.7061305e+02 6.4930010e+00
      endloop
   endfacet
   facet normal -6.3032630e-02 9.9801147e-01 -4.9597047e-14
      outer loop
         vertex 9.5769434e+01 8.7061305e+02 6.4930010e+00
         vertex 9.6633195e+01 8.7066760e+02 5.0000010e+00
         vertex 9.5769434e+01 8.7061305e+02 5.0000010e+00
      endloop
   endfacet
   facet normal -7.8210565e-02 9.9693686e-01 -9.8302945e-14
      outer loop
         vertex 9.5769434e+01 8.7061305e+02 6.4930010e+00
         vertex 9.5769434e+01 8.7061305e+02 5.0000010e+00
         vertex 9.4906602e+01 8.7054536e+02 6.4930010e+00
      endloop
   endfacet
   facet normal -7.8210565e-02 9.9693686e-01 4.1611901e-14
      outer loop
         vertex 9.4906602e+01 8.7054536e+02 6.4930010e+00
         vertex 9.5769434e+01 8.7061305e+02 5.0000010e+00
         vertex 9.4906602e+01 8.7054536e+02 5.0000010e+00
      endloop
   endfacet
   facet normal -9.3370392e-02 9.9563144e-01 -9.5770659e-15
      outer loop
         vertex 9.4906602e+01 8.7054536e+02 6.4930010e+00
         vertex 9.4906602e+01 8.7054536e+02 5.0000010e+00
         vertex 9.4044900e+01 8.7046455e+02 6.4930010e+00
      endloop
   endfacet
   facet normal -9.3370392e-02 9.9563144e-01 -1.6689868e-14
      outer loop
         vertex 9.4044900e+01 8.7046455e+02 6.4930010e+00
         vertex 9.4906602e+01 8.7054536e+02 5.0000010e+00
         vertex 9.4044900e+01 8.7046455e+02 5.0000010e+00
      endloop
   endfacet
   facet normal -7.4183929e-01 6.7057771e-01 -8.8911060e-13
      outer loop
         vertex 9.4044900e+01 8.8896899e+02 1.0000000e-06
         vertex 8.8869180e+01 8.8324325e+02 1.0000000e-06
         vertex 9.4044900e+01 8.8896899e+02 5.0000010e+00
      endloop
   endfacet
   facet normal -7.4183929e-01 6.7057771e-01 0.0000000e+00
      outer loop
         vertex 9.4044900e+01 8.8896899e+02 5.0000010e+00
         vertex 8.8869180e+01 8.8324325e+02 1.0000000e-06
         vertex 8.8869180e+01 8.8324325e+02 5.0000010e+00
      endloop
   endfacet
   facet normal 7.2664688e-01 -6.8701114e-01 0.0000000e+00
      outer loop
         vertex 9.0128699e+01 8.8188618e+02 1.0000000e-06
         vertex 9.6633195e+01 8.8876594e+02 1.0000000e-06
         vertex 9.0128699e+01 8.8188618e+02 5.0000010e+00
      endloop
   endfacet
   facet normal 7.2664688e-01 -6.8701114e-01 1.4687189e-11
      outer loop
         vertex 9.0128699e+01 8.8188618e+02 5.0000010e+00
         vertex 9.6633195e+01 8.8876594e+02 1.0000000e-06
         vertex 9.6633195e+01 8.8876594e+02 5.0000010e+00
      endloop
   endfacet
   facet normal -6.7057771e-01 -7.4183929e-01 0.0000000e+00
      outer loop
         vertex 7.8036071e+01 8.9028979e+02 1.0000000e-06
         vertex 8.7332730e+01 8.8188618e+02 1.0000000e-06
         vertex 7.8036071e+01 8.9028979e+02 5.0000010e+00
      endloop
   endfacet
   facet normal -6.7057771e-01 -7.4183929e-01 0.0000000e+00
      outer loop
         vertex 7.8036071e+01 8.9028979e+02 5.0000010e+00
         vertex 8.7332730e+01 8.8188618e+02 1.0000000e-06
         vertex 8.7332730e+01 8.8188618e+02 5.0000010e+00
      endloop
   endfacet
   facet normal 6.7057771e-01 7.4183929e-01 0.0000000e+00
      outer loop
         vertex 8.8869180e+01 8.8324325e+02 1.0000000e-06
         vertex 8.1426425e+01 8.8997105e+02 1.0000000e-06
         vertex 8.8869180e+01 8.8324325e+02 5.0000010e+00
      endloop
   endfacet
   facet normal 6.7057771e-01 7.4183929e-01 -2.5187326e-12
      outer loop
         vertex 8.8869180e+01 8.8324325e+02 5.0000010e+00
         vertex 8.1426425e+01 8.8997105e+02 1.0000000e-06
         vertex 8.1426425e+01 8.8997105e+02 5.0000010e+00
      endloop
   endfacet
   facet normal 0.0000000e+00 0.0000000e+00 1.0000000e+00
      outer loop
         vertex 8.1426425e+01 8.8997105e+02 5.0000010e+00
         vertex 8.0295370e+01 8.9006717e+02 5.0000010e+00
         vertex 8.8869180e+01 8.8324325e+02 5.0000010e+00
      endloop
   endfacet
   facet normal 0.0000000e+00 0.0000000e+00 1.0000000e+00
      outer loop
         vertex 8.8869180e+01 8.8324325e+02 5.0000010e+00
         vertex 8.0295370e+01 8.9006717e+02 5.0000010e+00
         vertex 8.7332730e+01 8.8188618e+02 5.0000010e+00
      endloop
   endfacet
   facet normal -0.0000000e+00 0.0000000e+00 1.0000000e+00
      outer loop
         vertex 8.8869180e+01 8.8324325e+02 5.0000010e+00
         vertex 8.7332730e+01 8.8188618e+02 5.0000010e+00
         vertex 9.0128699e+01 8.8188618e+02 5.0000010e+00
      endloop
   endfacet
   facet normal 0.0000000e+00 0.0000000e+00 1.0000000e+00
      outer loop
         vertex 8.0295370e+01 8.9006717e+02 5.0000010e+00
         vertex 7.9165222e+01 8.9017342e+02 5.0000010e+00
         vertex 8.7332730e+01 8.8188618e+02 5.0000010e+00
      endloop
   endfacet
   facet normal 0.0000000e+00 0.0000000e+00 1.0000000e+00
      outer loop
         vertex 8.7332730e+01 8.8188618e+02 5.0000010e+00
         vertex 7.9165222e+01 8.9017342e+02 5.0000010e+00
         vertex 7.8036071e+01 8.9028979e+02 5.0000010e+00
      endloop
   endfacet
   facet normal 0.0000000e+00 -0.0000000e+00 1.0000000e+00
      outer loop
         vertex 9.0128699e+01 8.8188618e+02 5.0000010e+00
         vertex 9.6633195e+01 8.8876594e+02 5.0000010e+00
         vertex 8.8869180e+01 8.8324325e+02 5.0000010e+00
      endloop
   endfacet
   facet normal 0.0000000e+00 -0.0000000e+00 1.0000000e+00
      outer loop
         vertex 8.8869180e+01 8.8324325e+02 5.0000010e+00
         vertex 9.6633195e+01 8.8876594e+02 5.0000010e+00
         vertex 9.5769913e+01 8.8882692e+02 5.0000010e+00
      endloop
   endfacet
   facet normal 0.0000000e+00 -0.0000000e+00 1.0000000e+00
      outer loop
         vertex 8.8869180e+01 8.8324325e+02 5.0000010e+00
         vertex 9.5769913e+01 8.8882692e+02 5.0000010e+00
         vertex 9.4907131e+01 8.8889461e+02 5.0000010e+00
      endloop
   endfacet
   facet normal 0.0000000e+00 0.0000000e+00 1.0000000e+00
      outer loop
         vertex 9.4907131e+01 8.8889461e+02 5.0000010e+00
         vertex 9.4044900e+01 8.8896899e+02 5.0000010e+00
         vertex 8.8869180e+01 8.8324325e+02 5.0000010e+00
      endloop
   endfacet
   facet normal -8.5946164e-02 -9.9629978e-01 9.9630853e-14
      outer loop
         vertex 9.4044900e+01 8.8896899e+02 6.4930010e+00
         vertex 9.4044900e+01 8.8896899e+02 5.0000010e+00
         vertex 9.4907131e+01 8.8889461e+02 6.4930010e+00
      endloop
   endfacet
   facet normal -8.5946164e-02 -9.9629978e-01 7.5946458e-14
      outer loop
         vertex 9.4907131e+01 8.8889461e+02 6.4930010e+00
         vertex 9.4044900e+01 8.8896899e+02 5.0000010e+00
         vertex 9.4907131e+01 8.8889461e+02 5.0000010e+00
      endloop
   endfacet
   facet normal -7.8210565e-02 -9.9693686e-01 -1.0968546e-13
      outer loop
         vertex 9.4907131e+01 8.8889461e+02 6.4930010e+00
         vertex 9.4907131e+01 8.8889461e+02 5.0000010e+00
         vertex 9.5769913e+01 8.8882692e+02 6.4930010e+00
      endloop
   endfacet
   facet normal -7.8210565e-02 -9.9693686e-01 1.5416454e-13
      outer loop
         vertex 9.5769913e+01 8.8882692e+02 6.4930010e+00
         vertex 9.4907131e+01 8.8889461e+02 5.0000010e+00
         vertex 9.5769913e+01 8.8882692e+02 5.0000010e+00
      endloop
   endfacet
   facet normal -7.0470254e-02 -9.9751388e-01 -1.8603911e-13
      outer loop
         vertex 9.5769913e+01 8.8882692e+02 6.4930010e+00
         vertex 9.5769913e+01 8.8882692e+02 5.0000010e+00
         vertex 9.6633195e+01 8.8876594e+02 6.4930010e+00
      endloop
   endfacet
   facet normal -7.0470254e-02 -9.9751388e-01 2.3243096e-13
      outer loop
         vertex 9.6633195e+01 8.8876594e+02 6.4930010e+00
         vertex 9.5769913e+01 8.8882692e+02 5.0000010e+00
         vertex 9.6633195e+01 8.8876594e+02 5.0000010e+00
      endloop
   endfacet
   facet normal -1.0251977e-01 -9.9473097e-01 7.6371876e-14
      outer loop
         vertex 7.8036071e+01 8.9028979e+02 6.4930010e+00
         vertex 7.8036071e+01 8.9028979e+02 5.0000010e+00
         vertex 7.9165222e+01 8.9017342e+02 6.4930010e+00
      endloop
   endfacet
   facet normal -1.0251977e-01 -9.9473097e-01 2.6580473e-14
      outer loop
         vertex 7.9165222e+01 8.9017342e+02 6.4930010e+00
         vertex 7.8036071e+01 8.9028979e+02 5.0000010e+00
         vertex 7.9165222e+01 8.9017342e+02 5.0000010e+00
      endloop
   endfacet
   facet normal -9.3601065e-02 -9.9560978e-01 3.7586142e-14
      outer loop
         vertex 7.9165222e+01 8.9017342e+02 6.4930010e+00
         vertex 7.9165222e+01 8.9017342e+02 5.0000010e+00
         vertex 8.0295370e+01 8.9006717e+02 6.4930010e+00
      endloop
   endfacet
   facet normal -9.3601065e-02 -9.9560978e-01 -3.0429155e-14
      outer loop
         vertex 8.0295370e+01 8.9006717e+02 6.4930010e+00
         vertex 7.9165222e+01 8.9017342e+02 5.0000010e+00
         vertex 8.0295370e+01 8.9006717e+02 5.0000010e+00
      endloop
   endfacet
   facet normal -8.4674839e-02 -9.9640864e-01 3.8088044e-14
      outer loop
         vertex 8.0295370e+01 8.9006717e+02 6.4930010e+00
         vertex 8.0295370e+01 8.9006717e+02 5.0000010e+00
         vertex 8.1426425e+01 8.8997105e+02 6.4930010e+00
      endloop
   endfacet
   facet normal -8.4674839e-02 -9.9640864e-01 1.0346404e-13
      outer loop
         vertex 8.1426425e+01 8.8997105e+02 6.4930010e+00
         vertex 8.0295370e+01 8.9006717e+02 5.0000010e+00
         vertex 8.1426425e+01 8.8997105e+02 5.0000010e+00
      endloop
   endfacet
   facet normal 7.0203600e-01 -7.1214145e-01 0.0000000e+00
      outer loop
         vertex 1.5151722e+02 8.8188618e+02 1.0000000e-06
         vertex 1.5654194e+02 8.8683960e+02 1.0000000e-06
         vertex 1.5151722e+02 8.8188618e+02 5.0000010e+00
      endloop
   endfacet
   facet normal 7.0203600e-01 -7.1214145e-01 0.0000000e+00
      outer loop
         vertex 1.5151722e+02 8.8188618e+02 5.0000010e+00
         vertex 1.5654194e+02 8.8683960e+02 1.0000000e-06
         vertex 1.5654194e+02 8.8683960e+02 5.0000010e+00
      endloop
   endfacet
   facet normal -6.4212002e-01 -7.6660412e-01 0.0000000e+00
      outer loop
         vertex 1.4314343e+02 8.8646975e+02 1.0000000e-06
         vertex 1.4861560e+02 8.8188618e+02 1.0000000e-06
         vertex 1.4314343e+02 8.8646975e+02 5.0000010e+00
      endloop
   endfacet
   facet normal -6.4212002e-01 -7.6660412e-01 0.0000000e+00
      outer loop
         vertex 1.4314343e+02 8.8646975e+02 5.0000010e+00
         vertex 1.4861560e+02 8.8188618e+02 1.0000000e-06
         vertex 1.4861560e+02 8.8188618e+02 5.0000010e+00
      endloop
   endfacet
   facet normal 6.9875507e-01 -7.1536099e-01 0.0000000e+00
      outer loop
         vertex 1.3845092e+02 8.8188618e+02 1.0000000e-06
         vertex 1.4314343e+02 8.8646975e+02 1.0000000e-06
         vertex 1.3845092e+02 8.8188618e+02 5.0000010e+00
      endloop
   endfacet
   facet normal 6.9875507e-01 -7.1536099e-01 0.0000000e+00
      outer loop
         vertex 1.3845092e+02 8.8188618e+02 5.0000010e+00
         vertex 1.4314343e+02 8.8646975e+02 1.0000000e-06
         vertex 1.4314343e+02 8.8646975e+02 5.0000010e+00
      endloop
   endfacet
   facet normal -6.4354446e-01 -7.6540873e-01 0.0000000e+00
      outer loop
         vertex 1.3019848e+02 8.8637361e+02 1.0000000e-06
         vertex 1.3553567e+02 8.8188618e+02 1.0000000e-06
         vertex 1.3019848e+02 8.8637361e+02 5.0000010e+00
      endloop
   endfacet
   facet normal -6.4354446e-01 -7.6540873e-01 0.0000000e+00
      outer loop
         vertex 1.3019848e+02 8.8637361e+02 5.0000010e+00
         vertex 1.3553567e+02 8.8188618e+02 1.0000000e-06
         vertex 1.3553567e+02 8.8188618e+02 5.0000010e+00
      endloop
   endfacet
   facet normal 6.4877249e-01 -7.6098243e-01 0.0000000e+00
      outer loop
         vertex 1.2493491e+02 8.8188618e+02 1.0000000e-06
         vertex 1.3019848e+02 8.8637361e+02 1.0000000e-06
         vertex 1.2493491e+02 8.8188618e+02 5.0000010e+00
      endloop
   endfacet
   facet normal 6.4877249e-01 -7.6098243e-01 0.0000000e+00
      outer loop
         vertex 1.2493491e+02 8.8188618e+02 5.0000010e+00
         vertex 1.3019848e+02 8.8637361e+02 1.0000000e-06
         vertex 1.3019848e+02 8.8637361e+02 5.0000010e+00
      endloop
   endfacet
   facet normal -5.6408975e-01 -8.2571348e-01 0.0000000e+00
      outer loop
         vertex 1.1458591e+02 8.8681114e+02 1.0000000e-06
         vertex 1.2179507e+02 8.8188618e+02 1.0000000e-06
         vertex 1.1458591e+02 8.8681114e+02 5.0000010e+00
      endloop
   endfacet
   facet normal -5.6408975e-01 -8.2571348e-01 0.0000000e+00
      outer loop
         vertex 1.1458591e+02 8.8681114e+02 5.0000010e+00
         vertex 1.2179507e+02 8.8188618e+02 1.0000000e-06
         vertex 1.2179507e+02 8.8188618e+02 5.0000010e+00
      endloop
   endfacet
   facet normal 6.2421592e-01 -7.8125187e-01 0.0000000e+00
      outer loop
         vertex 1.0842196e+02 8.8188618e+02 1.0000000e-06
         vertex 1.1458591e+02 8.8681114e+02 1.0000000e-06
         vertex 1.0842196e+02 8.8188618e+02 5.0000010e+00
      endloop
   endfacet
   facet normal 6.2421592e-01 -7.8125187e-01 0.0000000e+00
      outer loop
         vertex 1.0842196e+02 8.8188618e+02 5.0000010e+00
         vertex 1.1458591e+02 8.8681114e+02 1.0000000e-06
         vertex 1.1458591e+02 8.8681114e+02 5.0000010e+00
      endloop
   endfacet
   facet normal -6.2799768e-01 -7.7821521e-01 -1.0946371e-11
      outer loop
         vertex 9.6633195e+01 8.8876594e+02 1.0000000e-06
         vertex 1.0515860e+02 8.8188618e+02 1.0000000e-06
         vertex 9.6633195e+01 8.8876594e+02 5.0000010e+00
      endloop
   endfacet
   facet normal -6.2799768e-01 -7.7821521e-01 0.0000000e+00
      outer loop
         vertex 9.6633195e+01 8.8876594e+02 5.0000010e+00
         vertex 1.0515860e+02 8.8188618e+02 1.0000000e-06
         vertex 1.0515860e+02 8.8188618e+02 5.0000010e+00
      endloop
   endfacet
   facet normal 6.2799768e-01 7.7821521e-01 0.0000000e+00
      outer loop
         vertex 1.0678851e+02 8.8318847e+02 1.0000000e-06
         vertex 1.0009327e+02 8.8859133e+02 1.0000000e-06
         vertex 1.0678851e+02 8.8318847e+02 5.0000010e+00
      endloop
   endfacet
   facet normal 6.2799768e-01 7.7821521e-01 -2.5019115e-13
      outer loop
         vertex 1.0678851e+02 8.8318847e+02 5.0000010e+00
         vertex 1.0009327e+02 8.8859133e+02 1.0000000e-06
         vertex 1.0009327e+02 8.8859133e+02 5.0000010e+00
      endloop
   endfacet
   facet normal -6.2421592e-01 7.8125187e-01 5.5353201e-13
      outer loop
         vertex 1.1282671e+02 8.8801295e+02 1.0000000e-06
         vertex 1.0678851e+02 8.8318847e+02 1.0000000e-06
         vertex 1.1282671e+02 8.8801295e+02 5.0000010e+00
      endloop
   endfacet
   facet normal -6.2421592e-01 7.8125187e-01 0.0000000e+00
      outer loop
         vertex 1.1282671e+02 8.8801295e+02 5.0000010e+00
         vertex 1.0678851e+02 8.8318847e+02 1.0000000e-06
         vertex 1.0678851e+02 8.8318847e+02 5.0000010e+00
      endloop
   endfacet
   facet normal 5.6408975e-01 8.2571348e-01 0.0000000e+00
      outer loop
         vertex 1.2340150e+02 8.8325574e+02 1.0000000e-06
         vertex 1.1660660e+02 8.8789770e+02 1.0000000e-06
         vertex 1.2340150e+02 8.8325574e+02 5.0000010e+00
      endloop
   endfacet
   facet normal 5.6408975e-01 8.2571348e-01 3.1971926e-13
      outer loop
         vertex 1.2340150e+02 8.8325574e+02 5.0000010e+00
         vertex 1.1660660e+02 8.8789770e+02 1.0000000e-06
         vertex 1.1660660e+02 8.8789770e+02 5.0000010e+00
      endloop
   endfacet
   facet normal -6.4877249e-01 7.6098243e-01 -1.6496589e-12
      outer loop
         vertex 1.2861765e+02 8.8770275e+02 1.0000000e-06
         vertex 1.2340150e+02 8.8325574e+02 1.0000000e-06
         vertex 1.2861765e+02 8.8770275e+02 5.0000010e+00
      endloop
   endfacet
   facet normal -6.4877249e-01 7.6098243e-01 0.0000000e+00
      outer loop
         vertex 1.2861765e+02 8.8770275e+02 5.0000010e+00
         vertex 1.2340150e+02 8.8325574e+02 1.0000000e-06
         vertex 1.2340150e+02 8.8325574e+02 5.0000010e+00
      endloop
   endfacet
   facet normal 6.4354446e-01 7.6540873e-01 0.0000000e+00
      outer loop
         vertex 1.3699992e+02 8.8331643e+02 1.0000000e-06
         vertex 1.3179255e+02 8.8769472e+02 1.0000000e-06
         vertex 1.3699992e+02 8.8331643e+02 5.0000010e+00
      endloop
   endfacet
   facet normal 6.4354446e-01 7.6540873e-01 -3.9270536e-12
      outer loop
         vertex 1.3699992e+02 8.8331643e+02 5.0000010e+00
         vertex 1.3179255e+02 8.8769472e+02 1.0000000e-06
         vertex 1.3179255e+02 8.8769472e+02 5.0000010e+00
      endloop
   endfacet
   facet normal -6.9875507e-01 7.1536099e-01 -1.9541345e-12
      outer loop
         vertex 1.4157400e+02 8.8778433e+02 1.0000000e-06
         vertex 1.3699992e+02 8.8331643e+02 1.0000000e-06
         vertex 1.4157400e+02 8.8778433e+02 5.0000010e+00
      endloop
   endfacet
   facet normal -6.9875507e-01 7.1536099e-01 0.0000000e+00
      outer loop
         vertex 1.4157400e+02 8.8778433e+02 5.0000010e+00
         vertex 1.3699992e+02 8.8331643e+02 1.0000000e-06
         vertex 1.3699992e+02 8.8331643e+02 5.0000010e+00
      endloop
   endfacet
   facet normal 6.4212002e-01 7.6660412e-01 0.0000000e+00
      outer loop
         vertex 1.5007287e+02 8.8332277e+02 1.0000000e-06
         vertex 1.4466956e+02 8.8784866e+02 1.0000000e-06
         vertex 1.5007287e+02 8.8332277e+02 5.0000010e+00
      endloop
   endfacet
   facet normal 6.4212002e-01 7.6660412e-01 -1.2933018e-12
      outer loop
         vertex 1.5007287e+02 8.8332277e+02 5.0000010e+00
         vertex 1.4466956e+02 8.8784866e+02 1.0000000e-06
         vertex 1.4466956e+02 8.8784866e+02 5.0000010e+00
      endloop
   endfacet
   facet normal -7.0203600e-01 7.1214145e-01 -5.6173974e-14
      outer loop
         vertex 1.5500917e+02 8.8818903e+02 1.0000000e-06
         vertex 1.5007287e+02 8.8332277e+02 1.0000000e-06
         vertex 1.5500917e+02 8.8818903e+02 5.0000010e+00
      endloop
   endfacet
   facet normal -7.0203600e-01 7.1214145e-01 0.0000000e+00
      outer loop
         vertex 1.5500917e+02 8.8818903e+02 5.0000010e+00
         vertex 1.5007287e+02 8.8332277e+02 1.0000000e-06
         vertex 1.5007287e+02 8.8332277e+02 5.0000010e+00
      endloop
   endfacet
   facet normal 6.6078821e-01 7.5057241e-01 0.0000000e+00
      outer loop
         vertex 1.6363407e+02 8.8330983e+02 1.0000000e-06
         vertex 1.5794226e+02 8.8832078e+02 1.0000000e-06
         vertex 1.6363407e+02 8.8330983e+02 5.0000010e+00
      endloop
   endfacet
   facet normal 6.6078821e-01 7.5057241e-01 -4.8829899e-13
      outer loop
         vertex 1.6363407e+02 8.8330983e+02 5.0000010e+00
         vertex 1.5794226e+02 8.8832078e+02 1.0000000e-06
         vertex 1.5794226e+02 8.8832078e+02 5.0000010e+00
      endloop
   endfacet
   facet normal -6.9675456e-01 7.1730961e-01 1.0353574e-13
      outer loop
         vertex 1.6948228e+02 8.8899045e+02 1.0000000e-06
         vertex 1.6363407e+02 8.8330983e+02 1.0000000e-06
         vertex 1.6948228e+02 8.8899045e+02 5.0000010e+00
      endloop
   endfacet
   facet normal -6.9675456e-01 7.1730961e-01 0.0000000e+00
      outer loop
         vertex 1.6948228e+02 8.8899045e+02 5.0000010e+00
         vertex 1.6363407e+02 8.8330983e+02 1.0000000e-06
         vertex 1.6363407e+02 8.8330983e+02 5.0000010e+00
      endloop
   endfacet
   facet normal 5.9389426e-01 8.0454310e-01 0.0000000e+00
      outer loop
         vertex 1.8053727e+02 8.8336185e+02 1.0000000e-06
         vertex 1.7260996e+02 8.8921360e+02 1.0000000e-06
         vertex 1.8053727e+02 8.8336185e+02 5.0000010e+00
      endloop
   endfacet
   facet normal 5.9389426e-01 8.0454310e-01 -2.9751163e-12
      outer loop
         vertex 1.8053727e+02 8.8336185e+02 5.0000010e+00
         vertex 1.7260996e+02 8.8921360e+02 1.0000000e-06
         vertex 1.7260996e+02 8.8921360e+02 5.0000010e+00
      endloop
   endfacet
   facet normal -7.1791583e-01 6.9612992e-01 1.1376761e-13
      outer loop
         vertex 1.8747624e+02 8.9051798e+02 1.0000000e-06
         vertex 1.8053727e+02 8.8336185e+02 1.0000000e-06
         vertex 1.8747624e+02 8.9051798e+02 5.0000010e+00
      endloop
   endfacet
   facet normal -7.1791583e-01 6.9612992e-01 0.0000000e+00
      outer loop
         vertex 1.8747624e+02 8.9051798e+02 5.0000010e+00
         vertex 1.8053727e+02 8.8336185e+02 1.0000000e-06
         vertex 1.8053727e+02 8.8336185e+02 5.0000010e+00
      endloop
   endfacet
   facet normal 6.8405286e-01 7.2943244e-01 0.0000000e+00
      outer loop
         vertex 1.9794810e+02 8.8349023e+02 1.0000000e-06
         vertex 1.9015742e+02 8.9079623e+02 1.0000000e-06
         vertex 1.9794810e+02 8.8349023e+02 5.0000010e+00
      endloop
   endfacet
   facet normal 6.8405286e-01 7.2943244e-01 -5.8619539e-12
      outer loop
         vertex 1.9794810e+02 8.8349023e+02 5.0000010e+00
         vertex 1.9015742e+02 8.9079623e+02 1.0000000e-06
         vertex 1.9015742e+02 8.9079623e+02 5.0000010e+00
      endloop
   endfacet
   facet normal -7.8462667e-01 6.1996854e-01 0.0000000e+00
      outer loop
         vertex 2.0385303e+02 8.9096345e+02 1.0000000e-06
         vertex 1.9794810e+02 8.8349023e+02 1.0000000e-06
         vertex 2.0385303e+02 8.9096345e+02 5.0000010e+00
      endloop
   endfacet
   facet normal -7.8462667e-01 6.1996854e-01 0.0000000e+00
      outer loop
         vertex 2.0385303e+02 8.9096345e+02 5.0000010e+00
         vertex 1.9794810e+02 8.8349023e+02 1.0000000e-06
         vertex 1.9794810e+02 8.8349023e+02 5.0000010e+00
      endloop
   endfacet
   facet normal -7.6464694e-01 -6.4444942e-01 -3.1295411e-13
      outer loop
         vertex 2.0274412e+02 8.9227919e+02 1.0000000e-06
         vertex 2.0385303e+02 8.9096345e+02 1.0000000e-06
         vertex 2.0274412e+02 8.9227919e+02 5.0000010e+00
      endloop
   endfacet
   facet normal -7.6464694e-01 -6.4444942e-01 0.0000000e+00
      outer loop
         vertex 2.0274412e+02 8.9227919e+02 5.0000010e+00
         vertex 2.0385303e+02 8.9096345e+02 1.0000000e-06
         vertex 2.0385303e+02 8.9096345e+02 5.0000010e+00
      endloop
   endfacet
   facet normal 7.8462667e-01 -6.1996854e-01 0.0000000e+00
      outer loop
         vertex 2.0648205e+02 8.9100500e+02 1.0000000e-06
         vertex 2.0805232e+02 8.9299231e+02 1.0000000e-06
         vertex 2.0648205e+02 8.9100500e+02 5.0000010e+00
      endloop
   endfacet
   facet normal 7.8462667e-01 -6.1996854e-01 -1.8260964e-12
      outer loop
         vertex 2.0648205e+02 8.9100500e+02 5.0000010e+00
         vertex 2.0805232e+02 8.9299231e+02 1.0000000e-06
         vertex 2.0805232e+02 8.9299231e+02 5.0000010e+00
      endloop
   endfacet
   facet normal 7.5929496e-01 6.5074662e-01 -8.5197037e-15
      outer loop
         vertex 2.1429725e+02 8.8188618e+02 1.0000000e-06
         vertex 2.0648205e+02 8.9100500e+02 1.0000000e-06
         vertex 2.1429725e+02 8.8188618e+02 5.0000010e+00
      endloop
   endfacet
   facet normal 7.5929496e-01 6.5074662e-01 -0.0000000e+00
      outer loop
         vertex 2.1429725e+02 8.8188618e+02 5.0000010e+00
         vertex 2.0648205e+02 8.9100500e+02 1.0000000e-06
         vertex 2.0648205e+02 8.9100500e+02 5.0000010e+00
      endloop
   endfacet
   facet normal -7.6464694e-01 -6.4444942e-01 0.0000000e+00
      outer loop
         vertex 2.0519299e+02 8.8937358e+02 1.0000000e-06
         vertex 2.1150342e+02 8.8188618e+02 1.0000000e-06
         vertex 2.0519299e+02 8.8937358e+02 5.0000010e+00
      endloop
   endfacet
   facet normal -7.6464694e-01 -6.4444942e-01 0.0000000e+00
      outer loop
         vertex 2.0519299e+02 8.8937358e+02 5.0000010e+00
         vertex 2.1150342e+02 8.8188618e+02 1.0000000e-06
         vertex 2.1150342e+02 8.8188618e+02 5.0000010e+00
      endloop
   endfacet
   facet normal 7.8462667e-01 -6.1996854e-01 0.0000000e+00
      outer loop
         vertex 1.9927686e+02 8.8188618e+02 1.0000000e-06
         vertex 2.0519299e+02 8.8937358e+02 1.0000000e-06
         vertex 1.9927686e+02 8.8188618e+02 5.0000010e+00
      endloop
   endfacet
   facet normal 7.8462667e-01 -6.1996854e-01 0.0000000e+00
      outer loop
         vertex 1.9927686e+02 8.8188618e+02 5.0000010e+00
         vertex 2.0519299e+02 8.8937358e+02 1.0000000e-06
         vertex 2.0519299e+02 8.8937358e+02 5.0000010e+00
      endloop
   endfacet
   facet normal -6.8405286e-01 -7.2943244e-01 0.0000000e+00
      outer loop
         vertex 1.8896233e+02 8.8912434e+02 1.0000000e-06
         vertex 1.9668067e+02 8.8188618e+02 1.0000000e-06
         vertex 1.8896233e+02 8.8912434e+02 5.0000010e+00
      endloop
   endfacet
   facet normal -6.8405286e-01 -7.2943244e-01 0.0000000e+00
      outer loop
         vertex 1.8896233e+02 8.8912434e+02 5.0000010e+00
         vertex 1.9668067e+02 8.8188618e+02 1.0000000e-06
         vertex 1.9668067e+02 8.8188618e+02 5.0000010e+00
      endloop
   endfacet
   facet normal 7.1791583e-01 -6.9612992e-01 0.0000000e+00
      outer loop
         vertex 1.8194382e+02 8.8188618e+02 1.0000000e-06
         vertex 1.8896233e+02 8.8912434e+02 1.0000000e-06
         vertex 1.8194382e+02 8.8188618e+02 5.0000010e+00
      endloop
   endfacet
   facet normal 7.1791583e-01 -6.9612992e-01 0.0000000e+00
      outer loop
         vertex 1.8194382e+02 8.8188618e+02 5.0000010e+00
         vertex 1.8896233e+02 8.8912434e+02 1.0000000e-06
         vertex 1.8896233e+02 8.8912434e+02 5.0000010e+00
      endloop
   endfacet
   facet normal -5.9389426e-01 -8.0454310e-01 0.0000000e+00
      outer loop
         vertex 1.7114347e+02 8.8776421e+02 1.0000000e-06
         vertex 1.7910638e+02 8.8188618e+02 1.0000000e-06
         vertex 1.7114347e+02 8.8776421e+02 5.0000010e+00
      endloop
   endfacet
   facet normal -5.9389426e-01 -8.0454310e-01 0.0000000e+00
      outer loop
         vertex 1.7114347e+02 8.8776421e+02 5.0000010e+00
         vertex 1.7910638e+02 8.8188618e+02 1.0000000e-06
         vertex 1.7910638e+02 8.8188618e+02 5.0000010e+00
      endloop
   endfacet
   facet normal 6.9675456e-01 -7.1730961e-01 0.0000000e+00
      outer loop
         vertex 1.6509203e+02 8.8188618e+02 1.0000000e-06
         vertex 1.7114347e+02 8.8776421e+02 1.0000000e-06
         vertex 1.6509203e+02 8.8188618e+02 5.0000010e+00
      endloop
   endfacet
   facet normal 6.9675456e-01 -7.1730961e-01 0.0000000e+00
      outer loop
         vertex 1.6509203e+02 8.8188618e+02 5.0000010e+00
         vertex 1.7114347e+02 8.8776421e+02 1.0000000e-06
         vertex 1.7114347e+02 8.8776421e+02 5.0000010e+00
      endloop
   endfacet
   facet normal -6.6078821e-01 -7.5057241e-01 0.0000000e+00
      outer loop
         vertex 1.5654194e+02 8.8683960e+02 1.0000000e-06
         vertex 1.6216842e+02 8.8188618e+02 1.0000000e-06
         vertex 1.5654194e+02 8.8683960e+02 5.0000010e+00
      endloop
   endfacet
   facet normal -6.6078821e-01 -7.5057241e-01 0.0000000e+00
      outer loop
         vertex 1.5654194e+02 8.8683960e+02 5.0000010e+00
         vertex 1.6216842e+02 8.8188618e+02 1.0000000e-06
         vertex 1.6216842e+02 8.8188618e+02 5.0000010e+00
      endloop
   endfacet
   facet normal 0.0000000e+00 -0.0000000e+00 1.0000000e+00
      outer loop
         vertex 1.6216842e+02 8.8188618e+02 5.0000010e+00
         vertex 1.6363407e+02 8.8330983e+02 5.0000010e+00
         vertex 1.5654194e+02 8.8683960e+02 5.0000010e+00
      endloop
   endfacet
   facet normal -0.0000000e+00 -0.0000000e+00 1.0000000e+00
      outer loop
         vertex 1.5654194e+02 8.8683960e+02 5.0000010e+00
         vertex 1.6363407e+02 8.8330983e+02 5.0000010e+00
         vertex 1.5794226e+02 8.8832078e+02 5.0000010e+00
      endloop
   endfacet
   facet normal 0.0000000e+00 -0.0000000e+00 1.0000000e+00
      outer loop
         vertex 1.5654194e+02 8.8683960e+02 5.0000010e+00
         vertex 1.5794226e+02 8.8832078e+02 5.0000010e+00
         vertex 1.5696548e+02 8.8825784e+02 5.0000010e+00
      endloop
   endfacet
   facet normal 0.0000000e+00 -0.0000000e+00 1.0000000e+00
      outer loop
         vertex 1.6216842e+02 8.8188618e+02 5.0000010e+00
         vertex 1.6509203e+02 8.8188618e+02 5.0000010e+00
         vertex 1.6363407e+02 8.8330983e+02 5.0000010e+00
      endloop
   endfacet
   facet normal -0.0000000e+00 0.0000000e+00 1.0000000e+00
      outer loop
         vertex 1.6363407e+02 8.8330983e+02 5.0000010e+00
         vertex 1.6509203e+02 8.8188618e+02 5.0000010e+00
         vertex 1.7114347e+02 8.8776421e+02 5.0000010e+00
      endloop
   endfacet
   facet normal 0.0000000e+00 -0.0000000e+00 1.0000000e+00
      outer loop
         vertex 1.6363407e+02 8.8330983e+02 5.0000010e+00
         vertex 1.7114347e+02 8.8776421e+02 5.0000010e+00
         vertex 1.6948228e+02 8.8899045e+02 5.0000010e+00
      endloop
   endfacet
   facet normal -0.0000000e+00 -0.0000000e+00 1.0000000e+00
      outer loop
         vertex 1.6948228e+02 8.8899045e+02 5.0000010e+00
         vertex 1.7114347e+02 8.8776421e+02 5.0000010e+00
         vertex 1.7052687e+02 8.8903424e+02 5.0000010e+00
      endloop
   endfacet
   facet normal -0.0000000e+00 0.0000000e+00 1.0000000e+00
      outer loop
         vertex 1.7052687e+02 8.8903424e+02 5.0000010e+00
         vertex 1.7114347e+02 8.8776421e+02 5.0000010e+00
         vertex 1.7156973e+02 8.8910864e+02 5.0000010e+00
      endloop
   endfacet
   facet normal -0.0000000e+00 0.0000000e+00 1.0000000e+00
      outer loop
         vertex 1.7156973e+02 8.8910864e+02 5.0000010e+00
         vertex 1.7114347e+02 8.8776421e+02 5.0000010e+00
         vertex 1.7260996e+02 8.8921360e+02 5.0000010e+00
      endloop
   endfacet
   facet normal 0.0000000e+00 0.0000000e+00 1.0000000e+00
      outer loop
         vertex 1.7260996e+02 8.8921360e+02 5.0000010e+00
         vertex 1.7114347e+02 8.8776421e+02 5.0000010e+00
         vertex 1.8053727e+02 8.8336185e+02 5.0000010e+00
      endloop
   endfacet
   facet normal 0.0000000e+00 0.0000000e+00 1.0000000e+00
      outer loop
         vertex 1.8053727e+02 8.8336185e+02 5.0000010e+00
         vertex 1.7114347e+02 8.8776421e+02 5.0000010e+00
         vertex 1.7910638e+02 8.8188618e+02 5.0000010e+00
      endloop
   endfacet
   facet normal -0.0000000e+00 0.0000000e+00 1.0000000e+00
      outer loop
         vertex 1.8053727e+02 8.8336185e+02 5.0000010e+00
         vertex 1.7910638e+02 8.8188618e+02 5.0000010e+00
         vertex 1.8194382e+02 8.8188618e+02 5.0000010e+00
      endloop
   endfacet
   facet normal 0.0000000e+00 -0.0000000e+00 1.0000000e+00
      outer loop
         vertex 1.8194382e+02 8.8188618e+02 5.0000010e+00
         vertex 1.8896233e+02 8.8912434e+02 5.0000010e+00
         vertex 1.8053727e+02 8.8336185e+02 5.0000010e+00
      endloop
   endfacet
   facet normal 0.0000000e+00 -0.0000000e+00 1.0000000e+00
      outer loop
         vertex 1.8053727e+02 8.8336185e+02 5.0000010e+00
         vertex 1.8896233e+02 8.8912434e+02 5.0000010e+00
         vertex 1.8747624e+02 8.9051798e+02 5.0000010e+00
      endloop
   endfacet
   facet normal -0.0000000e+00 -0.0000000e+00 1.0000000e+00
      outer loop
         vertex 1.8747624e+02 8.9051798e+02 5.0000010e+00
         vertex 1.8896233e+02 8.8912434e+02 5.0000010e+00
         vertex 1.8837423e+02 8.9056609e+02 5.0000010e+00
      endloop
   endfacet
   facet normal -0.0000000e+00 0.0000000e+00 1.0000000e+00
      outer loop
         vertex 1.8837423e+02 8.9056609e+02 5.0000010e+00
         vertex 1.8896233e+02 8.8912434e+02 5.0000010e+00
         vertex 1.8926869e+02 8.9065892e+02 5.0000010e+00
      endloop
   endfacet
   facet normal -0.0000000e+00 0.0000000e+00 1.0000000e+00
      outer loop
         vertex 1.8926869e+02 8.9065892e+02 5.0000010e+00
         vertex 1.8896233e+02 8.8912434e+02 5.0000010e+00
         vertex 1.9015742e+02 8.9079623e+02 5.0000010e+00
      endloop
   endfacet
   facet normal 0.0000000e+00 0.0000000e+00 1.0000000e+00
      outer loop
         vertex 1.9015742e+02 8.9079623e+02 5.0000010e+00
         vertex 1.8896233e+02 8.8912434e+02 5.0000010e+00
         vertex 1.9794810e+02 8.8349023e+02 5.0000010e+00
      endloop
   endfacet
   facet normal 0.0000000e+00 0.0000000e+00 1.0000000e+00
      outer loop
         vertex 1.9794810e+02 8.8349023e+02 5.0000010e+00
         vertex 1.8896233e+02 8.8912434e+02 5.0000010e+00
         vertex 1.9668067e+02 8.8188618e+02 5.0000010e+00
      endloop
   endfacet
   facet normal -0.0000000e+00 0.0000000e+00 1.0000000e+00
      outer loop
         vertex 1.9794810e+02 8.8349023e+02 5.0000010e+00
         vertex 1.9668067e+02 8.8188618e+02 5.0000010e+00
         vertex 1.9927686e+02 8.8188618e+02 5.0000010e+00
      endloop
   endfacet
   facet normal 0.0000000e+00 -0.0000000e+00 1.0000000e+00
      outer loop
         vertex 1.9927686e+02 8.8188618e+02 5.0000010e+00
         vertex 2.0519299e+02 8.8937358e+02 5.0000010e+00
         vertex 1.9794810e+02 8.8349023e+02 5.0000010e+00
      endloop
   endfacet
   facet normal 0.0000000e+00 -0.0000000e+00 1.0000000e+00
      outer loop
         vertex 1.9794810e+02 8.8349023e+02 5.0000010e+00
         vertex 2.0519299e+02 8.8937358e+02 5.0000010e+00
         vertex 2.0385303e+02 8.9096345e+02 5.0000010e+00
      endloop
   endfacet
   facet normal -0.0000000e+00 0.0000000e+00 1.0000000e+00
      outer loop
         vertex 2.0385303e+02 8.9096345e+02 5.0000010e+00
         vertex 2.0519299e+02 8.8937358e+02 5.0000010e+00
         vertex 2.0648205e+02 8.9100500e+02 5.0000010e+00
      endloop
   endfacet
   facet normal 0.0000000e+00 -0.0000000e+00 1.0000000e+00
      outer loop
         vertex 2.0385303e+02 8.9096345e+02 5.0000010e+00
         vertex 2.0648205e+02 8.9100500e+02 5.0000010e+00
         vertex 2.0274412e+02 8.9227919e+02 5.0000010e+00
      endloop
   endfacet
   facet normal -0.0000000e+00 -0.0000000e+00 1.0000000e+00
      outer loop
         vertex 2.0274412e+02 8.9227919e+02 5.0000010e+00
         vertex 2.0648205e+02 8.9100500e+02 5.0000010e+00
         vertex 2.0452117e+02 8.9245741e+02 5.0000010e+00
      endloop
   endfacet
   facet normal -0.0000000e+00 -0.0000000e+00 1.0000000e+00
      outer loop
         vertex 2.0452117e+02 8.9245741e+02 5.0000010e+00
         vertex 2.0648205e+02 8.9100500e+02 5.0000010e+00
         vertex 2.0629124e+02 8.9269521e+02 5.0000010e+00
      endloop
   endfacet
   facet normal -0.0000000e+00 0.0000000e+00 1.0000000e+00
      outer loop
         vertex 2.0629124e+02 8.9269521e+02 5.0000010e+00
         vertex 2.0648205e+02 8.9100500e+02 5.0000010e+00
         vertex 2.0805232e+02 8.9299231e+02 5.0000010e+00
      endloop
   endfacet
   facet normal 0.0000000e+00 -0.0000000e+00 1.0000000e+00
      outer loop
         vertex 2.1150342e+02 8.8188618e+02 5.0000010e+00
         vertex 2.1429725e+02 8.8188618e+02 5.0000010e+00
         vertex 2.0519299e+02 8.8937358e+02 5.0000010e+00
      endloop
   endfacet
   facet normal -0.0000000e+00 -0.0000000e+00 1.0000000e+00
      outer loop
         vertex 2.0519299e+02 8.8937358e+02 5.0000010e+00
         vertex 2.1429725e+02 8.8188618e+02 5.0000010e+00
         vertex 2.0648205e+02 8.9100500e+02 5.0000010e+00
      endloop
   endfacet
   facet normal 0.0000000e+00 0.0000000e+00 1.0000000e+00
      outer loop
         vertex 1.5696548e+02 8.8825784e+02 5.0000010e+00
         vertex 1.5598766e+02 8.8821392e+02 5.0000010e+00
         vertex 1.5654194e+02 8.8683960e+02 5.0000010e+00
      endloop
   endfacet
   facet normal 0.0000000e+00 0.0000000e+00 1.0000000e+00
      outer loop
         vertex 1.5654194e+02 8.8683960e+02 5.0000010e+00
         vertex 1.5598766e+02 8.8821392e+02 5.0000010e+00
         vertex 1.5500917e+02 8.8818903e+02 5.0000010e+00
      endloop
   endfacet
   facet normal 0.0000000e+00 0.0000000e+00 1.0000000e+00
      outer loop
         vertex 1.5654194e+02 8.8683960e+02 5.0000010e+00
         vertex 1.5500917e+02 8.8818903e+02 5.0000010e+00
         vertex 1.5007287e+02 8.8332277e+02 5.0000010e+00
      endloop
   endfacet
   facet normal 0.0000000e+00 0.0000000e+00 1.0000000e+00
      outer loop
         vertex 1.4466956e+02 8.8784866e+02 5.0000010e+00
         vertex 1.4314343e+02 8.8646975e+02 5.0000010e+00
         vertex 1.5007287e+02 8.8332277e+02 5.0000010e+00
      endloop
   endfacet
   facet normal 0.0000000e+00 0.0000000e+00 1.0000000e+00
      outer loop
         vertex 1.5007287e+02 8.8332277e+02 5.0000010e+00
         vertex 1.4314343e+02 8.8646975e+02 5.0000010e+00
         vertex 1.4861560e+02 8.8188618e+02 5.0000010e+00
      endloop
   endfacet
   facet normal -0.0000000e+00 0.0000000e+00 1.0000000e+00
      outer loop
         vertex 1.5007287e+02 8.8332277e+02 5.0000010e+00
         vertex 1.4861560e+02 8.8188618e+02 5.0000010e+00
         vertex 1.5151722e+02 8.8188618e+02 5.0000010e+00
      endloop
   endfacet
   facet normal 0.0000000e+00 0.0000000e+00 1.0000000e+00
      outer loop
         vertex 1.4466956e+02 8.8784866e+02 5.0000010e+00
         vertex 1.4363810e+02 8.8781047e+02 5.0000010e+00
         vertex 1.4314343e+02 8.8646975e+02 5.0000010e+00
      endloop
   endfacet
   facet normal 0.0000000e+00 -0.0000000e+00 1.0000000e+00
      outer loop
         vertex 1.4314343e+02 8.8646975e+02 5.0000010e+00
         vertex 1.4363810e+02 8.8781047e+02 5.0000010e+00
         vertex 1.4260616e+02 8.8778903e+02 5.0000010e+00
      endloop
   endfacet
   facet normal 0.0000000e+00 0.0000000e+00 1.0000000e+00
      outer loop
         vertex 1.4314343e+02 8.8646975e+02 5.0000010e+00
         vertex 1.4260616e+02 8.8778903e+02 5.0000010e+00
         vertex 1.4157400e+02 8.8778433e+02 5.0000010e+00
      endloop
   endfacet
   facet normal -0.0000000e+00 0.0000000e+00 1.0000000e+00
      outer loop
         vertex 1.4157400e+02 8.8778433e+02 5.0000010e+00
         vertex 1.3699992e+02 8.8331643e+02 5.0000010e+00
         vertex 1.4314343e+02 8.8646975e+02 5.0000010e+00
      endloop
   endfacet
   facet normal 0.0000000e+00 0.0000000e+00 1.0000000e+00
      outer loop
         vertex 1.4314343e+02 8.8646975e+02 5.0000010e+00
         vertex 1.3699992e+02 8.8331643e+02 5.0000010e+00
         vertex 1.3845092e+02 8.8188618e+02 5.0000010e+00
      endloop
   endfacet
   facet normal 0.0000000e+00 0.0000000e+00 1.0000000e+00
      outer loop
         vertex 1.3845092e+02 8.8188618e+02 5.0000010e+00
         vertex 1.3699992e+02 8.8331643e+02 5.0000010e+00
         vertex 1.3553567e+02 8.8188618e+02 5.0000010e+00
      endloop
   endfacet
   facet normal 0.0000000e+00 -0.0000000e+00 1.0000000e+00
      outer loop
         vertex 1.3553567e+02 8.8188618e+02 5.0000010e+00
         vertex 1.3699992e+02 8.8331643e+02 5.0000010e+00
         vertex 1.3019848e+02 8.8637361e+02 5.0000010e+00
      endloop
   endfacet
   facet normal -0.0000000e+00 -0.0000000e+00 1.0000000e+00
      outer loop
         vertex 1.3019848e+02 8.8637361e+02 5.0000010e+00
         vertex 1.3699992e+02 8.8331643e+02 5.0000010e+00
         vertex 1.3179255e+02 8.8769472e+02 5.0000010e+00
      endloop
   endfacet
   facet normal 0.0000000e+00 -0.0000000e+00 1.0000000e+00
      outer loop
         vertex 1.3019848e+02 8.8637361e+02 5.0000010e+00
         vertex 1.3179255e+02 8.8769472e+02 5.0000010e+00
         vertex 1.3073425e+02 8.8768274e+02 5.0000010e+00
      endloop
   endfacet
   facet normal 0.0000000e+00 0.0000000e+00 1.0000000e+00
      outer loop
         vertex 1.3073425e+02 8.8768274e+02 5.0000010e+00
         vertex 1.2967588e+02 8.8768542e+02 5.0000010e+00
         vertex 1.3019848e+02 8.8637361e+02 5.0000010e+00
      endloop
   endfacet
   facet normal 0.0000000e+00 0.0000000e+00 1.0000000e+00
      outer loop
         vertex 1.3019848e+02 8.8637361e+02 5.0000010e+00
         vertex 1.2967588e+02 8.8768542e+02 5.0000010e+00
         vertex 1.2861765e+02 8.8770275e+02 5.0000010e+00
      endloop
   endfacet
   facet normal 0.0000000e+00 0.0000000e+00 1.0000000e+00
      outer loop
         vertex 1.3019848e+02 8.8637361e+02 5.0000010e+00
         vertex 1.2861765e+02 8.8770275e+02 5.0000010e+00
         vertex 1.2340150e+02 8.8325574e+02 5.0000010e+00
      endloop
   endfacet
   facet normal 0.0000000e+00 0.0000000e+00 1.0000000e+00
      outer loop
         vertex 1.1660660e+02 8.8789770e+02 5.0000010e+00
         vertex 1.1458591e+02 8.8681114e+02 5.0000010e+00
         vertex 1.2340150e+02 8.8325574e+02 5.0000010e+00
      endloop
   endfacet
   facet normal 0.0000000e+00 0.0000000e+00 1.0000000e+00
      outer loop
         vertex 1.2340150e+02 8.8325574e+02 5.0000010e+00
         vertex 1.1458591e+02 8.8681114e+02 5.0000010e+00
         vertex 1.2179507e+02 8.8188618e+02 5.0000010e+00
      endloop
   endfacet
   facet normal -0.0000000e+00 0.0000000e+00 1.0000000e+00
      outer loop
         vertex 1.2340150e+02 8.8325574e+02 5.0000010e+00
         vertex 1.2179507e+02 8.8188618e+02 5.0000010e+00
         vertex 1.2493491e+02 8.8188618e+02 5.0000010e+00
      endloop
   endfacet
   facet normal 0.0000000e+00 0.0000000e+00 1.0000000e+00
      outer loop
         vertex 1.1660660e+02 8.8789770e+02 5.0000010e+00
         vertex 1.1534615e+02 8.8791878e+02 5.0000010e+00
         vertex 1.1458591e+02 8.8681114e+02 5.0000010e+00
      endloop
   endfacet
   facet normal 0.0000000e+00 -0.0000000e+00 1.0000000e+00
      outer loop
         vertex 1.1458591e+02 8.8681114e+02 5.0000010e+00
         vertex 1.1534615e+02 8.8791878e+02 5.0000010e+00
         vertex 1.1408610e+02 8.8795719e+02 5.0000010e+00
      endloop
   endfacet
   facet normal 0.0000000e+00 0.0000000e+00 1.0000000e+00
      outer loop
         vertex 1.1458591e+02 8.8681114e+02 5.0000010e+00
         vertex 1.1408610e+02 8.8795719e+02 5.0000010e+00
         vertex 1.1282671e+02 8.8801295e+02 5.0000010e+00
      endloop
   endfacet
   facet normal -0.0000000e+00 0.0000000e+00 1.0000000e+00
      outer loop
         vertex 1.1282671e+02 8.8801295e+02 5.0000010e+00
         vertex 1.0678851e+02 8.8318847e+02 5.0000010e+00
         vertex 1.1458591e+02 8.8681114e+02 5.0000010e+00
      endloop
   endfacet
   facet normal 0.0000000e+00 0.0000000e+00 1.0000000e+00
      outer loop
         vertex 1.1458591e+02 8.8681114e+02 5.0000010e+00
         vertex 1.0678851e+02 8.8318847e+02 5.0000010e+00
         vertex 1.0842196e+02 8.8188618e+02 5.0000010e+00
      endloop
   endfacet
   facet normal 0.0000000e+00 0.0000000e+00 1.0000000e+00
      outer loop
         vertex 1.0842196e+02 8.8188618e+02 5.0000010e+00
         vertex 1.0678851e+02 8.8318847e+02 5.0000010e+00
         vertex 1.0515860e+02 8.8188618e+02 5.0000010e+00
      endloop
   endfacet
   facet normal 0.0000000e+00 -0.0000000e+00 1.0000000e+00
      outer loop
         vertex 1.0515860e+02 8.8188618e+02 5.0000010e+00
         vertex 1.0678851e+02 8.8318847e+02 5.0000010e+00
         vertex 9.6633195e+01 8.8876594e+02 5.0000010e+00
      endloop
   endfacet
   facet normal -0.0000000e+00 -0.0000000e+00 1.0000000e+00
      outer loop
         vertex 9.6633195e+01 8.8876594e+02 5.0000010e+00
         vertex 1.0678851e+02 8.8318847e+02 5.0000010e+00
         vertex 9.7785910e+01 8.8869541e+02 5.0000010e+00
      endloop
   endfacet
   facet normal -0.0000000e+00 -0.0000000e+00 1.0000000e+00
      outer loop
         vertex 9.7785910e+01 8.8869541e+02 5.0000010e+00
         vertex 1.0678851e+02 8.8318847e+02 5.0000010e+00
         vertex 9.8939313e+01 8.8863721e+02 5.0000010e+00
      endloop
   endfacet
   facet normal -0.0000000e+00 -0.0000000e+00 1.0000000e+00
      outer loop
         vertex 9.8939313e+01 8.8863721e+02 5.0000010e+00
         vertex 1.0678851e+02 8.8318847e+02 5.0000010e+00
         vertex 1.0009327e+02 8.8859133e+02 5.0000010e+00
      endloop
   endfacet
   facet normal 0.0000000e+00 -0.0000000e+00 1.0000000e+00
      outer loop
         vertex 1.2493491e+02 8.8188618e+02 5.0000010e+00
         vertex 1.3019848e+02 8.8637361e+02 5.0000010e+00
         vertex 1.2340150e+02 8.8325574e+02 5.0000010e+00
      endloop
   endfacet
   facet normal 0.0000000e+00 -0.0000000e+00 1.0000000e+00
      outer loop
         vertex 1.5151722e+02 8.8188618e+02 5.0000010e+00
         vertex 1.5654194e+02 8.8683960e+02 5.0000010e+00
         vertex 1.5007287e+02 8.8332277e+02 5.0000010e+00
      endloop
   endfacet
   facet normal -6.1069782e-02 -9.9813350e-01 -3.6863612e-13
      outer loop
         vertex 9.6633195e+01 8.8876594e+02 6.4930010e+00
         vertex 9.6633195e+01 8.8876594e+02 5.0000010e+00
         vertex 9.7785910e+01 8.8869541e+02 6.4930010e+00
      endloop
   endfacet
   facet normal -6.1069782e-02 -9.9813350e-01 2.0615202e-13
      outer loop
         vertex 9.7785910e+01 8.8869541e+02 6.4930010e+00
         vertex 9.6633195e+01 8.8876594e+02 5.0000010e+00
         vertex 9.7785910e+01 8.8869541e+02 5.0000010e+00
      endloop
   endfacet
   facet normal -5.0397971e-02 -9.9872921e-01 -2.4300838e-13
      outer loop
         vertex 9.7785910e+01 8.8869541e+02 6.4930010e+00
         vertex 9.7785910e+01 8.8869541e+02 5.0000010e+00
         vertex 9.8939313e+01 8.8863721e+02 6.4930010e+00
      endloop
   endfacet
   facet normal -5.0397971e-02 -9.9872921e-01 1.0820707e-13
      outer loop
         vertex 9.8939313e+01 8.8863721e+02 6.4930010e+00
         vertex 9.7785910e+01 8.8869541e+02 5.0000010e+00
         vertex 9.8939313e+01 8.8863721e+02 5.0000010e+00
      endloop
   endfacet
   facet normal -3.9720402e-02 -9.9921083e-01 -1.0850148e-13
      outer loop
         vertex 9.8939313e+01 8.8863721e+02 6.4930010e+00
         vertex 9.8939313e+01 8.8863721e+02 5.0000010e+00
         vertex 1.0009327e+02 8.8859133e+02 6.4930010e+00
      endloop
   endfacet
   facet normal -3.9720402e-02 -9.9921083e-01 9.1683039e-14
      outer loop
         vertex 1.0009327e+02 8.8859133e+02 6.4930010e+00
         vertex 9.8939313e+01 8.8863721e+02 5.0000010e+00
         vertex 1.0009327e+02 8.8859133e+02 5.0000010e+00
      endloop
   endfacet
   facet normal -4.4229536e-02 -9.9902140e-01 -1.3134918e-13
      outer loop
         vertex 1.1282671e+02 8.8801295e+02 6.4930010e+00
         vertex 1.1282671e+02 8.8801295e+02 5.0000010e+00
         vertex 1.1408610e+02 8.8795719e+02 6.4930010e+00
      endloop
   endfacet
   facet normal -4.4229536e-02 -9.9902140e-01 1.2077758e-14
      outer loop
         vertex 1.1408610e+02 8.8795719e+02 6.4930010e+00
         vertex 1.1282671e+02 8.8801295e+02 5.0000010e+00
         vertex 1.1408610e+02 8.8795719e+02 5.0000010e+00
      endloop
   endfacet
   facet normal -3.0474918e-02 -9.9953553e-01 3.2020555e-14
      outer loop
         vertex 1.1408610e+02 8.8795719e+02 6.4930010e+00
         vertex 1.1408610e+02 8.8795719e+02 5.0000010e+00
         vertex 1.1534615e+02 8.8791878e+02 6.4930010e+00
      endloop
   endfacet
   facet normal -3.0474918e-02 -9.9953553e-01 2.3189591e-15
      outer loop
         vertex 1.1534615e+02 8.8791878e+02 6.4930010e+00
         vertex 1.1408610e+02 8.8795719e+02 5.0000010e+00
         vertex 1.1534615e+02 8.8791878e+02 5.0000010e+00
      endloop
   endfacet
   facet normal -1.6714527e-02 -9.9986030e-01 1.2727540e-15
      outer loop
         vertex 1.1534615e+02 8.8791878e+02 6.4930010e+00
         vertex 1.1534615e+02 8.8791878e+02 5.0000010e+00
         vertex 1.1660660e+02 8.8789770e+02 6.4930010e+00
      endloop
   endfacet
   facet normal -1.6714527e-02 -9.9986030e-01 1.8027234e-13
      outer loop
         vertex 1.1660660e+02 8.8789770e+02 6.4930010e+00
         vertex 1.1534615e+02 8.8791878e+02 5.0000010e+00
         vertex 1.1660660e+02 8.8789770e+02 5.0000010e+00
      endloop
   endfacet
   facet normal -1.6372677e-02 -9.9986596e-01 2.1701610e-13
      outer loop
         vertex 1.2861765e+02 8.8770275e+02 6.4930010e+00
         vertex 1.2861765e+02 8.8770275e+02 5.0000010e+00
         vertex 1.2967588e+02 8.8768542e+02 6.4930010e+00
      endloop
   endfacet
   facet normal -1.6372677e-02 -9.9986596e-01 -1.6208296e-14
      outer loop
         vertex 1.2967588e+02 8.8768542e+02 6.4930010e+00
         vertex 1.2861765e+02 8.8770275e+02 5.0000010e+00
         vertex 1.2967588e+02 8.8768542e+02 5.0000010e+00
      endloop
   endfacet
   facet normal -2.5281899e-03 -9.9999680e-01 -2.5026690e-15
      outer loop
         vertex 1.2967588e+02 8.8768542e+02 6.4930010e+00
         vertex 1.2967588e+02 8.8768542e+02 5.0000010e+00
         vertex 1.3073425e+02 8.8768274e+02 6.4930010e+00
      endloop
   endfacet
   facet normal -2.5281899e-03 -9.9999680e-01 -2.6855556e-14
      outer loop
         vertex 1.3073425e+02 8.8768274e+02 6.4930010e+00
         vertex 1.2967588e+02 8.8768542e+02 5.0000010e+00
         vertex 1.3073425e+02 8.8768274e+02 5.0000010e+00
      endloop
   endfacet
   facet normal 1.1316782e-02 -9.9993596e-01 1.2021192e-13
      outer loop
         vertex 1.3073425e+02 8.8768274e+02 6.4930010e+00
         vertex 1.3073425e+02 8.8768274e+02 5.0000010e+00
         vertex 1.3179255e+02 8.8769472e+02 6.4930010e+00
      endloop
   endfacet
   facet normal 1.1316782e-02 -9.9993596e-01 7.6937807e-14
      outer loop
         vertex 1.3179255e+02 8.8769472e+02 6.4930010e+00
         vertex 1.3073425e+02 8.8768274e+02 5.0000010e+00
         vertex 1.3179255e+02 8.8769472e+02 5.0000010e+00
      endloop
   endfacet
   facet normal 4.5480773e-03 -9.9998966e-01 -4.2597423e-14
      outer loop
         vertex 1.4157400e+02 8.8778433e+02 6.4930010e+00
         vertex 1.4157400e+02 8.8778433e+02 5.0000010e+00
         vertex 1.4260616e+02 8.8778903e+02 6.4930010e+00
      endloop
   endfacet
   facet normal 4.5480773e-03 -9.9998966e-01 5.7444693e-14
      outer loop
         vertex 1.4260616e+02 8.8778903e+02 6.4930010e+00
         vertex 1.4157400e+02 8.8778433e+02 5.0000010e+00
         vertex 1.4260616e+02 8.8778903e+02 5.0000010e+00
      endloop
   endfacet
   facet normal 2.0778097e-02 -9.9978411e-01 -9.3076360e-15
      outer loop
         vertex 1.4260616e+02 8.8778903e+02 6.4930010e+00
         vertex 1.4260616e+02 8.8778903e+02 5.0000010e+00
         vertex 1.4363810e+02 8.8781047e+02 6.4930010e+00
      endloop
   endfacet
   facet normal 2.0778097e-02 -9.9978411e-01 2.4524355e-14
      outer loop
         vertex 1.4363810e+02 8.8781047e+02 6.4930010e+00
         vertex 1.4260616e+02 8.8778903e+02 5.0000010e+00
         vertex 1.4363810e+02 8.8781047e+02 5.0000010e+00
      endloop
   endfacet
   facet normal 3.7002644e-02 -9.9931517e-01 4.3673181e-14
      outer loop
         vertex 1.4363810e+02 8.8781047e+02 6.4930010e+00
         vertex 1.4363810e+02 8.8781047e+02 5.0000010e+00
         vertex 1.4466956e+02 8.8784866e+02 6.4930010e+00
      endloop
   endfacet
   facet normal 3.7002644e-02 -9.9931517e-01 1.1216408e-14
      outer loop
         vertex 1.4466956e+02 8.8784866e+02 6.4930010e+00
         vertex 1.4363810e+02 8.8781047e+02 5.0000010e+00
         vertex 1.4466956e+02 8.8784866e+02 5.0000010e+00
      endloop
   endfacet
   facet normal 2.5436543e-02 -9.9967644e-01 -8.0964202e-14
      outer loop
         vertex 1.5500917e+02 8.8818903e+02 6.4930010e+00
         vertex 1.5500917e+02 8.8818903e+02 5.0000010e+00
         vertex 1.5598766e+02 8.8821392e+02 6.4930010e+00
      endloop
   endfacet
   facet normal 2.5436543e-02 -9.9967644e-01 1.9370475e-14
      outer loop
         vertex 1.5598766e+02 8.8821392e+02 6.4930010e+00
         vertex 1.5500917e+02 8.8818903e+02 5.0000010e+00
         vertex 1.5598766e+02 8.8821392e+02 5.0000010e+00
      endloop
   endfacet
   facet normal 4.4873336e-02 -9.9899268e-01 3.4169509e-14
      outer loop
         vertex 1.5598766e+02 8.8821392e+02 6.4930010e+00
         vertex 1.5598766e+02 8.8821392e+02 5.0000010e+00
         vertex 1.5696548e+02 8.8825784e+02 6.4930010e+00
      endloop
   endfacet
   facet normal 4.4873336e-02 -9.9899268e-01 -4.3114086e-15
      outer loop
         vertex 1.5696548e+02 8.8825784e+02 6.4930010e+00
         vertex 1.5598766e+02 8.8821392e+02 5.0000010e+00
         vertex 1.5696548e+02 8.8825784e+02 5.0000010e+00
      endloop
   endfacet
   facet normal 6.4293156e-02 -9.9793105e-01 2.6820745e-14
      outer loop
         vertex 1.5696548e+02 8.8825784e+02 6.4930010e+00
         vertex 1.5696548e+02 8.8825784e+02 5.0000010e+00
         vertex 1.5794226e+02 8.8832078e+02 6.4930010e+00
      endloop
   endfacet
   facet normal 6.4293156e-02 -9.9793105e-01 1.5910902e-13
      outer loop
         vertex 1.5794226e+02 8.8832078e+02 6.4930010e+00
         vertex 1.5696548e+02 8.8825784e+02 5.0000010e+00
         vertex 1.5794226e+02 8.8832078e+02 5.0000010e+00
      endloop
   endfacet
   facet normal 4.1877774e-02 -9.9912274e-01 9.3618445e-14
      outer loop
         vertex 1.6948228e+02 8.8899045e+02 6.4930010e+00
         vertex 1.6948228e+02 8.8899045e+02 5.0000010e+00
         vertex 1.7052687e+02 8.8903424e+02 6.4930010e+00
      endloop
   endfacet
   facet normal 4.1877774e-02 -9.9912274e-01 -3.4273315e-15
      outer loop
         vertex 1.7052687e+02 8.8903424e+02 6.4930010e+00
         vertex 1.6948228e+02 8.8899045e+02 5.0000010e+00
         vertex 1.7052687e+02 8.8903424e+02 5.0000010e+00
      endloop
   endfacet
   facet normal 7.1163558e-02 -9.9746466e-01 1.5416916e-13
      outer loop
         vertex 1.7052687e+02 8.8903424e+02 6.4930010e+00
         vertex 1.7052687e+02 8.8903424e+02 5.0000010e+00
         vertex 1.7156973e+02 8.8910864e+02 6.4930010e+00
      endloop
   endfacet
   facet normal 7.1163558e-02 -9.9746466e-01 -1.7990156e-13
      outer loop
         vertex 1.7156973e+02 8.8910864e+02 6.4930010e+00
         vertex 1.7052687e+02 8.8903424e+02 5.0000010e+00
         vertex 1.7156973e+02 8.8910864e+02 5.0000010e+00
      endloop
   endfacet
   facet normal 1.0038811e-01 -9.9494835e-01 1.2282556e-13
      outer loop
         vertex 1.7156973e+02 8.8910864e+02 6.4930010e+00
         vertex 1.7156973e+02 8.8910864e+02 5.0000010e+00
         vertex 1.7260996e+02 8.8921360e+02 6.4930010e+00
      endloop
   endfacet
   facet normal 1.0038811e-01 -9.9494835e-01 3.9241390e-13
      outer loop
         vertex 1.7260996e+02 8.8921360e+02 6.4930010e+00
         vertex 1.7156973e+02 8.8910864e+02 5.0000010e+00
         vertex 1.7260996e+02 8.8921360e+02 5.0000010e+00
      endloop
   endfacet
   facet normal 5.3502758e-02 -9.9856770e-01 1.0048182e-13
      outer loop
         vertex 1.8747624e+02 8.9051798e+02 6.4930010e+00
         vertex 1.8747624e+02 8.9051798e+02 5.0000010e+00
         vertex 1.8837423e+02 8.9056609e+02 6.4930010e+00
      endloop
   endfacet
   facet normal 5.3502758e-02 -9.9856770e-01 -2.0767353e-13
      outer loop
         vertex 1.8837423e+02 8.9056609e+02 6.4930010e+00
         vertex 1.8747624e+02 8.9051798e+02 5.0000010e+00
         vertex 1.8837423e+02 8.9056609e+02 5.0000010e+00
      endloop
   endfacet
   facet normal 1.0322814e-01 -9.9465771e-01 2.3801690e-13
      outer loop
         vertex 1.8837423e+02 8.9056609e+02 6.4930010e+00
         vertex 1.8837423e+02 8.9056609e+02 5.0000010e+00
         vertex 1.8926869e+02 8.9065892e+02 6.4930010e+00
      endloop
   endfacet
   facet normal 1.0322814e-01 -9.9465771e-01 -4.8786716e-13
      outer loop
         vertex 1.8926869e+02 8.9065892e+02 6.4930010e+00
         vertex 1.8837423e+02 8.9056609e+02 5.0000010e+00
         vertex 1.8926869e+02 8.9065892e+02 5.0000010e+00
      endloop
   endfacet
   facet normal 1.5269670e-01 -9.8827310e-01 3.8179567e-13
      outer loop
         vertex 1.8926869e+02 8.9065892e+02 6.4930010e+00
         vertex 1.8926869e+02 8.9065892e+02 5.0000010e+00
         vertex 1.9015742e+02 8.9079623e+02 6.4930010e+00
      endloop
   endfacet
   facet normal 1.5269670e-01 -9.8827310e-01 1.2267225e-12
      outer loop
         vertex 1.9015742e+02 8.9079623e+02 6.4930010e+00
         vertex 1.8926869e+02 8.9065892e+02 5.0000010e+00
         vertex 1.9015742e+02 8.9079623e+02 5.0000010e+00
      endloop
   endfacet
   facet normal 9.9788713e-02 -9.9500865e-01 -1.3677424e-13
      outer loop
         vertex 2.0274412e+02 8.9227919e+02 6.4930010e+00
         vertex 2.0274412e+02 8.9227919e+02 5.0000010e+00
         vertex 2.0452117e+02 8.9245741e+02 6.4930010e+00
      endloop
   endfacet
   facet normal 9.9788713e-02 -9.9500865e-01 -2.5939729e-14
      outer loop
         vertex 2.0452117e+02 8.9245741e+02 6.4930010e+00
         vertex 2.0274412e+02 8.9227919e+02 5.0000010e+00
         vertex 2.0452117e+02 8.9245741e+02 5.0000010e+00
      endloop
   endfacet
   facet normal 1.3314800e-01 -9.9109617e-01 4.2271506e-14
      outer loop
         vertex 2.0452117e+02 8.9245741e+02 6.4930010e+00
         vertex 2.0452117e+02 8.9245741e+02 5.0000010e+00
         vertex 2.0629124e+02 8.9269521e+02 6.4930010e+00
      endloop
   endfacet
   facet normal 1.3314800e-01 -9.9109617e-01 -1.1029589e-13
      outer loop
         vertex 2.0629124e+02 8.9269521e+02 6.4930010e+00
         vertex 2.0452117e+02 8.9245741e+02 5.0000010e+00
         vertex 2.0629124e+02 8.9269521e+02 5.0000010e+00
      endloop
   endfacet
   facet normal 1.6635707e-01 -9.8606558e-01 7.3453305e-14
      outer loop
         vertex 2.0629124e+02 8.9269521e+02 6.4930010e+00
         vertex 2.0629124e+02 8.9269521e+02 5.0000010e+00
         vertex 2.0805232e+02 8.9299231e+02 6.4930010e+00
      endloop
   endfacet
   facet normal 1.6635707e-01 -9.8606558e-01 2.5540016e-13
      outer loop
         vertex 2.0805232e+02 8.9299231e+02 6.4930010e+00
         vertex 2.0629124e+02 8.9269521e+02 5.0000010e+00
         vertex 2.0805232e+02 8.9299231e+02 5.0000010e+00
      endloop
   endfacet
   facet normal -6.6078821e-01 7.5057241e-01 0.0000000e+00
      outer loop
         vertex 1.6216842e+02 8.7754736e+02 1.0000000e-06
         vertex 1.5654194e+02 8.7259393e+02 1.0000000e-06
         vertex 1.6216842e+02 8.7754736e+02 5.0000010e+00
      endloop
   endfacet
   facet normal -6.6078821e-01 7.5057241e-01 0.0000000e+00
      outer loop
         vertex 1.6216842e+02 8.7754736e+02 5.0000010e+00
         vertex 1.5654194e+02 8.7259393e+02 1.0000000e-06
         vertex 1.5654194e+02 8.7259393e+02 5.0000010e+00
      endloop
   endfacet
   facet normal 6.9675456e-01 7.1730961e-01 0.0000000e+00
      outer loop
         vertex 1.7114347e+02 8.7166933e+02 1.0000000e-06
         vertex 1.6509203e+02 8.7754736e+02 1.0000000e-06
         vertex 1.7114347e+02 8.7166933e+02 5.0000010e+00
      endloop
   endfacet
   facet normal 6.9675456e-01 7.1730961e-01 -0.0000000e+00
      outer loop
         vertex 1.7114347e+02 8.7166933e+02 5.0000010e+00
         vertex 1.6509203e+02 8.7754736e+02 1.0000000e-06
         vertex 1.6509203e+02 8.7754736e+02 5.0000010e+00
      endloop
   endfacet
   facet normal -5.9389426e-01 8.0454310e-01 0.0000000e+00
      outer loop
         vertex 1.7910638e+02 8.7754736e+02 1.0000000e-06
         vertex 1.7114347e+02 8.7166933e+02 1.0000000e-06
         vertex 1.7910638e+02 8.7754736e+02 5.0000010e+00
      endloop
   endfacet
   facet normal -5.9389426e-01 8.0454310e-01 0.0000000e+00
      outer loop
         vertex 1.7910638e+02 8.7754736e+02 5.0000010e+00
         vertex 1.7114347e+02 8.7166933e+02 1.0000000e-06
         vertex 1.7114347e+02 8.7166933e+02 5.0000010e+00
      endloop
   endfacet
   facet normal 7.1791583e-01 6.9612992e-01 0.0000000e+00
      outer loop
         vertex 1.8896233e+02 8.7030920e+02 1.0000000e-06
         vertex 1.8194382e+02 8.7754736e+02 1.0000000e-06
         vertex 1.8896233e+02 8.7030920e+02 5.0000010e+00
      endloop
   endfacet
   facet normal 7.1791583e-01 6.9612992e-01 -0.0000000e+00
      outer loop
         vertex 1.8896233e+02 8.7030920e+02 5.0000010e+00
         vertex 1.8194382e+02 8.7754736e+02 1.0000000e-06
         vertex 1.8194382e+02 8.7754736e+02 5.0000010e+00
      endloop
   endfacet
   facet normal -6.8405286e-01 7.2943244e-01 0.0000000e+00
      outer loop
         vertex 1.9668067e+02 8.7754736e+02 1.0000000e-06
         vertex 1.8896233e+02 8.7030920e+02 1.0000000e-06
         vertex 1.9668067e+02 8.7754736e+02 5.0000010e+00
      endloop
   endfacet
   facet normal -6.8405286e-01 7.2943244e-01 0.0000000e+00
      outer loop
         vertex 1.9668067e+02 8.7754736e+02 5.0000010e+00
         vertex 1.8896233e+02 8.7030920e+02 1.0000000e-06
         vertex 1.8896233e+02 8.7030920e+02 5.0000010e+00
      endloop
   endfacet
   facet normal 7.8462667e-01 6.1996854e-01 0.0000000e+00
      outer loop
         vertex 2.0519299e+02 8.7005996e+02 1.0000000e-06
         vertex 1.9927686e+02 8.7754736e+02 1.0000000e-06
         vertex 2.0519299e+02 8.7005996e+02 5.0000010e+00
      endloop
   endfacet
   facet normal 7.8462667e-01 6.1996854e-01 -0.0000000e+00
      outer loop
         vertex 2.0519299e+02 8.7005996e+02 5.0000010e+00
         vertex 1.9927686e+02 8.7754736e+02 1.0000000e-06
         vertex 1.9927686e+02 8.7754736e+02 5.0000010e+00
      endloop
   endfacet
   facet normal -7.6464694e-01 6.4444942e-01 0.0000000e+00
      outer loop
         vertex 2.1150342e+02 8.7754736e+02 1.0000000e-06
         vertex 2.0519299e+02 8.7005996e+02 1.0000000e-06
         vertex 2.1150342e+02 8.7754736e+02 5.0000010e+00
      endloop
   endfacet
   facet normal -7.6464694e-01 6.4444942e-01 0.0000000e+00
      outer loop
         vertex 2.1150342e+02 8.7754736e+02 5.0000010e+00
         vertex 2.0519299e+02 8.7005996e+02 1.0000000e-06
         vertex 2.0519299e+02 8.7005996e+02 5.0000010e+00
      endloop
   endfacet
   facet normal 7.5929496e-01 -6.5074662e-01 0.0000000e+00
      outer loop
         vertex 2.0648205e+02 8.6842854e+02 1.0000000e-06
         vertex 2.1429725e+02 8.7754736e+02 1.0000000e-06
         vertex 2.0648205e+02 8.6842854e+02 5.0000010e+00
      endloop
   endfacet
   facet normal 7.5929496e-01 -6.5074662e-01 -8.6321843e-15
      outer loop
         vertex 2.0648205e+02 8.6842854e+02 5.0000010e+00
         vertex 2.1429725e+02 8.7754736e+02 1.0000000e-06
         vertex 2.1429725e+02 8.7754736e+02 5.0000010e+00
      endloop
   endfacet
   facet normal 7.8462667e-01 6.1996854e-01 -1.1777890e-12
      outer loop
         vertex 2.0805232e+02 8.6644122e+02 1.0000000e-06
         vertex 2.0648205e+02 8.6842854e+02 1.0000000e-06
         vertex 2.0805232e+02 8.6644122e+02 5.0000010e+00
      endloop
   endfacet
   facet normal 7.8462667e-01 6.1996854e-01 -0.0000000e+00
      outer loop
         vertex 2.0805232e+02 8.6644122e+02 5.0000010e+00
         vertex 2.0648205e+02 8.6842854e+02 1.0000000e-06
         vertex 2.0648205e+02 8.6842854e+02 5.0000010e+00
      endloop
   endfacet
   facet normal -7.6464694e-01 6.4444942e-01 0.0000000e+00
      outer loop
         vertex 2.0385303e+02 8.6847008e+02 1.0000000e-06
         vertex 2.0274412e+02 8.6715435e+02 1.0000000e-06
         vertex 2.0385303e+02 8.6847008e+02 5.0000010e+00
      endloop
   endfacet
   facet normal -7.6464694e-01 6.4444942e-01 -1.9025228e-12
      outer loop
         vertex 2.0385303e+02 8.6847008e+02 5.0000010e+00
         vertex 2.0274412e+02 8.6715435e+02 1.0000000e-06
         vertex 2.0274412e+02 8.6715435e+02 5.0000010e+00
      endloop
   endfacet
   facet normal -7.8462667e-01 -6.1996854e-01 0.0000000e+00
      outer loop
         vertex 1.9794810e+02 8.7594331e+02 1.0000000e-06
         vertex 2.0385303e+02 8.6847008e+02 1.0000000e-06
         vertex 1.9794810e+02 8.7594331e+02 5.0000010e+00
      endloop
   endfacet
   facet normal -7.8462667e-01 -6.1996854e-01 0.0000000e+00
      outer loop
         vertex 1.9794810e+02 8.7594331e+02 5.0000010e+00
         vertex 2.0385303e+02 8.6847008e+02 1.0000000e-06
         vertex 2.0385303e+02 8.6847008e+02 5.0000010e+00
      endloop
   endfacet
   facet normal 6.8405286e-01 -7.2943244e-01 7.4962961e-13
      outer loop
         vertex 1.9015742e+02 8.6863730e+02 1.0000000e-06
         vertex 1.9794810e+02 8.7594331e+02 1.0000000e-06
         vertex 1.9015742e+02 8.6863730e+02 5.0000010e+00
      endloop
   endfacet
   facet normal 6.8405286e-01 -7.2943244e-01 0.0000000e+00
      outer loop
         vertex 1.9015742e+02 8.6863730e+02 5.0000010e+00
         vertex 1.9794810e+02 8.7594331e+02 1.0000000e-06
         vertex 1.9794810e+02 8.7594331e+02 5.0000010e+00
      endloop
   endfacet
   facet normal -7.1791583e-01 -6.9612992e-01 0.0000000e+00
      outer loop
         vertex 1.8053727e+02 8.7607169e+02 1.0000000e-06
         vertex 1.8747624e+02 8.6891556e+02 1.0000000e-06
         vertex 1.8053727e+02 8.7607169e+02 5.0000010e+00
      endloop
   endfacet
   facet normal -7.1791583e-01 -6.9612992e-01 -4.4172564e-13
      outer loop
         vertex 1.8053727e+02 8.7607169e+02 5.0000010e+00
         vertex 1.8747624e+02 8.6891556e+02 1.0000000e-06
         vertex 1.8747624e+02 8.6891556e+02 5.0000010e+00
      endloop
   endfacet
   facet normal 5.9389426e-01 -8.0454310e-01 1.1447220e-12
      outer loop
         vertex 1.7260996e+02 8.7021994e+02 1.0000000e-06
         vertex 1.8053727e+02 8.7607169e+02 1.0000000e-06
         vertex 1.7260996e+02 8.7021994e+02 5.0000010e+00
      endloop
   endfacet
   facet normal 5.9389426e-01 -8.0454310e-01 0.0000000e+00
      outer loop
         vertex 1.7260996e+02 8.7021994e+02 5.0000010e+00
         vertex 1.8053727e+02 8.7607169e+02 1.0000000e-06
         vertex 1.8053727e+02 8.7607169e+02 5.0000010e+00
      endloop
   endfacet
   facet normal -6.9675456e-01 -7.1730961e-01 0.0000000e+00
      outer loop
         vertex 1.6363407e+02 8.7612371e+02 1.0000000e-06
         vertex 1.6948228e+02 8.7044308e+02 1.0000000e-06
         vertex 1.6363407e+02 8.7612371e+02 5.0000010e+00
      endloop
   endfacet
   facet normal -6.9675456e-01 -7.1730961e-01 -2.3003904e-12
      outer loop
         vertex 1.6363407e+02 8.7612371e+02 5.0000010e+00
         vertex 1.6948228e+02 8.7044308e+02 1.0000000e-06
         vertex 1.6948228e+02 8.7044308e+02 5.0000010e+00
      endloop
   endfacet
   facet normal 6.6078821e-01 -7.5057241e-01 -1.0693813e-12
      outer loop
         vertex 1.5794226e+02 8.7111276e+02 1.0000000e-06
         vertex 1.6363407e+02 8.7612371e+02 1.0000000e-06
         vertex 1.5794226e+02 8.7111276e+02 5.0000010e+00
      endloop
   endfacet
   facet normal 6.6078821e-01 -7.5057241e-01 0.0000000e+00
      outer loop
         vertex 1.5794226e+02 8.7111276e+02 5.0000010e+00
         vertex 1.6363407e+02 8.7612371e+02 1.0000000e-06
         vertex 1.6363407e+02 8.7612371e+02 5.0000010e+00
      endloop
   endfacet
   facet normal -7.0203600e-01 -7.1214145e-01 0.0000000e+00
      outer loop
         vertex 1.5007287e+02 8.7611077e+02 1.0000000e-06
         vertex 1.5500917e+02 8.7124451e+02 1.0000000e-06
         vertex 1.5007287e+02 8.7611077e+02 5.0000010e+00
      endloop
   endfacet
   facet normal -7.0203600e-01 -7.1214145e-01 -2.2333645e-12
      outer loop
         vertex 1.5007287e+02 8.7611077e+02 5.0000010e+00
         vertex 1.5500917e+02 8.7124451e+02 1.0000000e-06
         vertex 1.5500917e+02 8.7124451e+02 5.0000010e+00
      endloop
   endfacet
   facet normal 6.4212002e-01 -7.6660412e-01 -8.9468514e-13
      outer loop
         vertex 1.4466956e+02 8.7158487e+02 1.0000000e-06
         vertex 1.5007287e+02 8.7611077e+02 1.0000000e-06
         vertex 1.4466956e+02 8.7158487e+02 5.0000010e+00
      endloop
   endfacet
   facet normal 6.4212002e-01 -7.6660412e-01 0.0000000e+00
      outer loop
         vertex 1.4466956e+02 8.7158487e+02 5.0000010e+00
         vertex 1.5007287e+02 8.7611077e+02 1.0000000e-06
         vertex 1.5007287e+02 8.7611077e+02 5.0000010e+00
      endloop
   endfacet
   facet normal -6.9875507e-01 -7.1536099e-01 0.0000000e+00
      outer loop
         vertex 1.3699992e+02 8.7611710e+02 1.0000000e-06
         vertex 1.4157400e+02 8.7164920e+02 1.0000000e-06
         vertex 1.3699992e+02 8.7611710e+02 5.0000010e+00
      endloop
   endfacet
   facet normal -6.9875507e-01 -7.1536099e-01 -6.5859066e-13
      outer loop
         vertex 1.3699992e+02 8.7611710e+02 5.0000010e+00
         vertex 1.4157400e+02 8.7164920e+02 1.0000000e-06
         vertex 1.4157400e+02 8.7164920e+02 5.0000010e+00
      endloop
   endfacet
   facet normal 6.4354446e-01 -7.6540873e-01 1.6376115e-13
      outer loop
         vertex 1.3179255e+02 8.7173882e+02 1.0000000e-06
         vertex 1.3699992e+02 8.7611710e+02 1.0000000e-06
         vertex 1.3179255e+02 8.7173882e+02 5.0000010e+00
      endloop
   endfacet
   facet normal 6.4354446e-01 -7.6540873e-01 0.0000000e+00
      outer loop
         vertex 1.3179255e+02 8.7173882e+02 5.0000010e+00
         vertex 1.3699992e+02 8.7611710e+02 1.0000000e-06
         vertex 1.3699992e+02 8.7611710e+02 5.0000010e+00
      endloop
   endfacet
   facet normal -6.4877249e-01 -7.6098243e-01 0.0000000e+00
      outer loop
         vertex 1.2340150e+02 8.7617780e+02 1.0000000e-06
         vertex 1.2861765e+02 8.7173079e+02 1.0000000e-06
         vertex 1.2340150e+02 8.7617780e+02 5.0000010e+00
      endloop
   endfacet
   facet normal -6.4877249e-01 -7.6098243e-01 1.4677622e-12
      outer loop
         vertex 1.2340150e+02 8.7617780e+02 5.0000010e+00
         vertex 1.2861765e+02 8.7173079e+02 1.0000000e-06
         vertex 1.2861765e+02 8.7173079e+02 5.0000010e+00
      endloop
   endfacet
   facet normal 5.6408975e-01 -8.2571348e-01 -6.9947965e-13
      outer loop
         vertex 1.1660660e+02 8.7153583e+02 1.0000000e-06
         vertex 1.2340150e+02 8.7617780e+02 1.0000000e-06
         vertex 1.1660660e+02 8.7153583e+02 5.0000010e+00
      endloop
   endfacet
   facet normal 5.6408975e-01 -8.2571348e-01 0.0000000e+00
      outer loop
         vertex 1.1660660e+02 8.7153583e+02 5.0000010e+00
         vertex 1.2340150e+02 8.7617780e+02 1.0000000e-06
         vertex 1.2340150e+02 8.7617780e+02 5.0000010e+00
      endloop
   endfacet
   facet normal -6.2421592e-01 -7.8125187e-01 0.0000000e+00
      outer loop
         vertex 1.0678851e+02 8.7624507e+02 1.0000000e-06
         vertex 1.1282671e+02 8.7142059e+02 1.0000000e-06
         vertex 1.0678851e+02 8.7624507e+02 5.0000010e+00
      endloop
   endfacet
   facet normal -6.2421592e-01 -7.8125187e-01 -1.5009796e-12
      outer loop
         vertex 1.0678851e+02 8.7624507e+02 5.0000010e+00
         vertex 1.1282671e+02 8.7142059e+02 1.0000000e-06
         vertex 1.1282671e+02 8.7142059e+02 5.0000010e+00
      endloop
   endfacet
   facet normal 6.2799768e-01 -7.7821521e-01 -9.6629500e-14
      outer loop
         vertex 1.0009327e+02 8.7084220e+02 1.0000000e-06
         vertex 1.0678851e+02 8.7624507e+02 1.0000000e-06
         vertex 1.0009327e+02 8.7084220e+02 5.0000010e+00
      endloop
   endfacet
   facet normal 6.2799768e-01 -7.7821521e-01 0.0000000e+00
      outer loop
         vertex 1.0009327e+02 8.7084220e+02 5.0000010e+00
         vertex 1.0678851e+02 8.7624507e+02 1.0000000e-06
         vertex 1.0678851e+02 8.7624507e+02 5.0000010e+00
      endloop
   endfacet
   facet normal -6.2799768e-01 7.7821521e-01 0.0000000e+00
      outer loop
         vertex 1.0515860e+02 8.7754736e+02 1.0000000e-06
         vertex 9.6633195e+01 8.7066760e+02 1.0000000e-06
         vertex 1.0515860e+02 8.7754736e+02 5.0000010e+00
      endloop
   endfacet
   facet normal -6.2799768e-01 7.7821521e-01 5.3235588e-13
      outer loop
         vertex 1.0515860e+02 8.7754736e+02 5.0000010e+00
         vertex 9.6633195e+01 8.7066760e+02 1.0000000e-06
         vertex 9.6633195e+01 8.7066760e+02 5.0000010e+00
      endloop
   endfacet
   facet normal 6.2421592e-01 7.8125187e-01 0.0000000e+00
      outer loop
         vertex 1.1458591e+02 8.7262240e+02 1.0000000e-06
         vertex 1.0842196e+02 8.7754736e+02 1.0000000e-06
         vertex 1.1458591e+02 8.7262240e+02 5.0000010e+00
      endloop
   endfacet
   facet normal 6.2421592e-01 7.8125187e-01 -0.0000000e+00
      outer loop
         vertex 1.1458591e+02 8.7262240e+02 5.0000010e+00
         vertex 1.0842196e+02 8.7754736e+02 1.0000000e-06
         vertex 1.0842196e+02 8.7754736e+02 5.0000010e+00
      endloop
   endfacet
   facet normal -5.6408975e-01 8.2571348e-01 0.0000000e+00
      outer loop
         vertex 1.2179507e+02 8.7754736e+02 1.0000000e-06
         vertex 1.1458591e+02 8.7262240e+02 1.0000000e-06
         vertex 1.2179507e+02 8.7754736e+02 5.0000010e+00
      endloop
   endfacet
   facet normal -5.6408975e-01 8.2571348e-01 0.0000000e+00
      outer loop
         vertex 1.2179507e+02 8.7754736e+02 5.0000010e+00
         vertex 1.1458591e+02 8.7262240e+02 1.0000000e-06
         vertex 1.1458591e+02 8.7262240e+02 5.0000010e+00
      endloop
   endfacet
   facet normal 6.4877249e-01 7.6098243e-01 0.0000000e+00
      outer loop
         vertex 1.3019848e+02 8.7305992e+02 1.0000000e-06
         vertex 1.2493491e+02 8.7754736e+02 1.0000000e-06
         vertex 1.3019848e+02 8.7305992e+02 5.0000010e+00
      endloop
   endfacet
   facet normal 6.4877249e-01 7.6098243e-01 -0.0000000e+00
      outer loop
         vertex 1.3019848e+02 8.7305992e+02 5.0000010e+00
         vertex 1.2493491e+02 8.7754736e+02 1.0000000e-06
         vertex 1.2493491e+02 8.7754736e+02 5.0000010e+00
      endloop
   endfacet
   facet normal -6.4354446e-01 7.6540873e-01 0.0000000e+00
      outer loop
         vertex 1.3553567e+02 8.7754736e+02 1.0000000e-06
         vertex 1.3019848e+02 8.7305992e+02 1.0000000e-06
         vertex 1.3553567e+02 8.7754736e+02 5.0000010e+00
      endloop
   endfacet
   facet normal -6.4354446e-01 7.6540873e-01 0.0000000e+00
      outer loop
         vertex 1.3553567e+02 8.7754736e+02 5.0000010e+00
         vertex 1.3019848e+02 8.7305992e+02 1.0000000e-06
         vertex 1.3019848e+02 8.7305992e+02 5.0000010e+00
      endloop
   endfacet
   facet normal 6.9875507e-01 7.1536099e-01 0.0000000e+00
      outer loop
         vertex 1.4314343e+02 8.7296378e+02 1.0000000e-06
         vertex 1.3845092e+02 8.7754736e+02 1.0000000e-06
         vertex 1.4314343e+02 8.7296378e+02 5.0000010e+00
      endloop
   endfacet
   facet normal 6.9875507e-01 7.1536099e-01 -0.0000000e+00
      outer loop
         vertex 1.4314343e+02 8.7296378e+02 5.0000010e+00
         vertex 1.3845092e+02 8.7754736e+02 1.0000000e-06
         vertex 1.3845092e+02 8.7754736e+02 5.0000010e+00
      endloop
   endfacet
   facet normal -6.4212002e-01 7.6660412e-01 0.0000000e+00
      outer loop
         vertex 1.4861560e+02 8.7754736e+02 1.0000000e-06
         vertex 1.4314343e+02 8.7296378e+02 1.0000000e-06
         vertex 1.4861560e+02 8.7754736e+02 5.0000010e+00
      endloop
   endfacet
   facet normal -6.4212002e-01 7.6660412e-01 0.0000000e+00
      outer loop
         vertex 1.4861560e+02 8.7754736e+02 5.0000010e+00
         vertex 1.4314343e+02 8.7296378e+02 1.0000000e-06
         vertex 1.4314343e+02 8.7296378e+02 5.0000010e+00
      endloop
   endfacet
   facet normal 7.0203600e-01 7.1214145e-01 0.0000000e+00
      outer loop
         vertex 1.5654194e+02 8.7259393e+02 1.0000000e-06
         vertex 1.5151722e+02 8.7754736e+02 1.0000000e-06
         vertex 1.5654194e+02 8.7259393e+02 5.0000010e+00
      endloop
   endfacet
   facet normal 7.0203600e-01 7.1214145e-01 -0.0000000e+00
      outer loop
         vertex 1.5654194e+02 8.7259393e+02 5.0000010e+00
         vertex 1.5151722e+02 8.7754736e+02 1.0000000e-06
         vertex 1.5151722e+02 8.7754736e+02 5.0000010e+00
      endloop
   endfacet
   facet normal 0.0000000e+00 0.0000000e+00 1.0000000e+00
      outer loop
         vertex 1.5151722e+02 8.7754736e+02 5.0000010e+00
         vertex 1.5007287e+02 8.7611077e+02 5.0000010e+00
         vertex 1.5654194e+02 8.7259393e+02 5.0000010e+00
      endloop
   endfacet
   facet normal 0.0000000e+00 0.0000000e+00 1.0000000e+00
      outer loop
         vertex 1.5654194e+02 8.7259393e+02 5.0000010e+00
         vertex 1.5007287e+02 8.7611077e+02 5.0000010e+00
         vertex 1.5500917e+02 8.7124451e+02 5.0000010e+00
      endloop
   endfacet
   facet normal 0.0000000e+00 0.0000000e+00 1.0000000e+00
      outer loop
         vertex 1.5654194e+02 8.7259393e+02 5.0000010e+00
         vertex 1.5500917e+02 8.7124451e+02 5.0000010e+00
         vertex 1.5598722e+02 8.7120873e+02 5.0000010e+00
      endloop
   endfacet
   facet normal 0.0000000e+00 0.0000000e+00 1.0000000e+00
      outer loop
         vertex 1.5151722e+02 8.7754736e+02 5.0000010e+00
         vertex 1.4861560e+02 8.7754736e+02 5.0000010e+00
         vertex 1.5007287e+02 8.7611077e+02 5.0000010e+00
      endloop
   endfacet
   facet normal 0.0000000e+00 0.0000000e+00 1.0000000e+00
      outer loop
         vertex 1.5007287e+02 8.7611077e+02 5.0000010e+00
         vertex 1.4861560e+02 8.7754736e+02 5.0000010e+00
         vertex 1.4314343e+02 8.7296378e+02 5.0000010e+00
      endloop
   endfacet
   facet normal 0.0000000e+00 0.0000000e+00 1.0000000e+00
      outer loop
         vertex 1.5007287e+02 8.7611077e+02 5.0000010e+00
         vertex 1.4314343e+02 8.7296378e+02 5.0000010e+00
         vertex 1.4466956e+02 8.7158487e+02 5.0000010e+00
      endloop
   endfacet
   facet normal 0.0000000e+00 0.0000000e+00 1.0000000e+00
      outer loop
         vertex 1.4466956e+02 8.7158487e+02 5.0000010e+00
         vertex 1.4314343e+02 8.7296378e+02 5.0000010e+00
         vertex 1.4363794e+02 8.7161653e+02 5.0000010e+00
      endloop
   endfacet
   facet normal 0.0000000e+00 0.0000000e+00 1.0000000e+00
      outer loop
         vertex 1.4363794e+02 8.7161653e+02 5.0000010e+00
         vertex 1.4314343e+02 8.7296378e+02 5.0000010e+00
         vertex 1.4260605e+02 8.7163797e+02 5.0000010e+00
      endloop
   endfacet
   facet normal 0.0000000e+00 -0.0000000e+00 1.0000000e+00
      outer loop
         vertex 1.4260605e+02 8.7163797e+02 5.0000010e+00
         vertex 1.4314343e+02 8.7296378e+02 5.0000010e+00
         vertex 1.4157400e+02 8.7164920e+02 5.0000010e+00
      endloop
   endfacet
   facet normal 0.0000000e+00 -0.0000000e+00 1.0000000e+00
      outer loop
         vertex 1.4157400e+02 8.7164920e+02 5.0000010e+00
         vertex 1.4314343e+02 8.7296378e+02 5.0000010e+00
         vertex 1.3699992e+02 8.7611710e+02 5.0000010e+00
      endloop
   endfacet
   facet normal -0.0000000e+00 -0.0000000e+00 1.0000000e+00
      outer loop
         vertex 1.3699992e+02 8.7611710e+02 5.0000010e+00
         vertex 1.4314343e+02 8.7296378e+02 5.0000010e+00
         vertex 1.3845092e+02 8.7754736e+02 5.0000010e+00
      endloop
   endfacet
   facet normal 0.0000000e+00 -0.0000000e+00 1.0000000e+00
      outer loop
         vertex 1.3699992e+02 8.7611710e+02 5.0000010e+00
         vertex 1.3845092e+02 8.7754736e+02 5.0000010e+00
         vertex 1.3553567e+02 8.7754736e+02 5.0000010e+00
      endloop
   endfacet
   facet normal -0.0000000e+00 0.0000000e+00 1.0000000e+00
      outer loop
         vertex 1.3553567e+02 8.7754736e+02 5.0000010e+00
         vertex 1.3019848e+02 8.7305992e+02 5.0000010e+00
         vertex 1.3699992e+02 8.7611710e+02 5.0000010e+00
      endloop
   endfacet
   facet normal 0.0000000e+00 0.0000000e+00 1.0000000e+00
      outer loop
         vertex 1.3699992e+02 8.7611710e+02 5.0000010e+00
         vertex 1.3019848e+02 8.7305992e+02 5.0000010e+00
         vertex 1.3179255e+02 8.7173882e+02 5.0000010e+00
      endloop
   endfacet
   facet normal 0.0000000e+00 0.0000000e+00 1.0000000e+00
      outer loop
         vertex 1.3179255e+02 8.7173882e+02 5.0000010e+00
         vertex 1.3019848e+02 8.7305992e+02 5.0000010e+00
         vertex 1.3073424e+02 8.7174840e+02 5.0000010e+00
      endloop
   endfacet
   facet normal 0.0000000e+00 0.0000000e+00 1.0000000e+00
      outer loop
         vertex 1.3073424e+02 8.7174840e+02 5.0000010e+00
         vertex 1.3019848e+02 8.7305992e+02 5.0000010e+00
         vertex 1.2967590e+02 8.7174572e+02 5.0000010e+00
      endloop
   endfacet
   facet normal 0.0000000e+00 -0.0000000e+00 1.0000000e+00
      outer loop
         vertex 1.2967590e+02 8.7174572e+02 5.0000010e+00
         vertex 1.3019848e+02 8.7305992e+02 5.0000010e+00
         vertex 1.2861765e+02 8.7173079e+02 5.0000010e+00
      endloop
   endfacet
   facet normal 0.0000000e+00 -0.0000000e+00 1.0000000e+00
      outer loop
         vertex 1.2861765e+02 8.7173079e+02 5.0000010e+00
         vertex 1.3019848e+02 8.7305992e+02 5.0000010e+00
         vertex 1.2340150e+02 8.7617780e+02 5.0000010e+00
      endloop
   endfacet
   facet normal -0.0000000e+00 -0.0000000e+00 1.0000000e+00
      outer loop
         vertex 1.2340150e+02 8.7617780e+02 5.0000010e+00
         vertex 1.3019848e+02 8.7305992e+02 5.0000010e+00
         vertex 1.2493491e+02 8.7754736e+02 5.0000010e+00
      endloop
   endfacet
   facet normal 0.0000000e+00 -0.0000000e+00 1.0000000e+00
      outer loop
         vertex 1.2340150e+02 8.7617780e+02 5.0000010e+00
         vertex 1.2493491e+02 8.7754736e+02 5.0000010e+00
         vertex 1.2179507e+02 8.7754736e+02 5.0000010e+00
      endloop
   endfacet
   facet normal -0.0000000e+00 0.0000000e+00 1.0000000e+00
      outer loop
         vertex 1.2179507e+02 8.7754736e+02 5.0000010e+00
         vertex 1.1458591e+02 8.7262240e+02 5.0000010e+00
         vertex 1.2340150e+02 8.7617780e+02 5.0000010e+00
      endloop
   endfacet
   facet normal 0.0000000e+00 0.0000000e+00 1.0000000e+00
      outer loop
         vertex 1.2340150e+02 8.7617780e+02 5.0000010e+00
         vertex 1.1458591e+02 8.7262240e+02 5.0000010e+00
         vertex 1.1660660e+02 8.7153583e+02 5.0000010e+00
      endloop
   endfacet
   facet normal 0.0000000e+00 0.0000000e+00 1.0000000e+00
      outer loop
         vertex 1.1660660e+02 8.7153583e+02 5.0000010e+00
         vertex 1.1458591e+02 8.7262240e+02 5.0000010e+00
         vertex 1.1534606e+02 8.7151841e+02 5.0000010e+00
      endloop
   endfacet
   facet normal 0.0000000e+00 0.0000000e+00 1.0000000e+00
      outer loop
         vertex 1.1534606e+02 8.7151841e+02 5.0000010e+00
         vertex 1.1458591e+02 8.7262240e+02 5.0000010e+00
         vertex 1.1408597e+02 8.7148000e+02 5.0000010e+00
      endloop
   endfacet
   facet normal 0.0000000e+00 -0.0000000e+00 1.0000000e+00
      outer loop
         vertex 1.1408597e+02 8.7148000e+02 5.0000010e+00
         vertex 1.1458591e+02 8.7262240e+02 5.0000010e+00
         vertex 1.1282671e+02 8.7142059e+02 5.0000010e+00
      endloop
   endfacet
   facet normal 0.0000000e+00 -0.0000000e+00 1.0000000e+00
      outer loop
         vertex 1.1282671e+02 8.7142059e+02 5.0000010e+00
         vertex 1.1458591e+02 8.7262240e+02 5.0000010e+00
         vertex 1.0678851e+02 8.7624507e+02 5.0000010e+00
      endloop
   endfacet
   facet normal -0.0000000e+00 -0.0000000e+00 1.0000000e+00
      outer loop
         vertex 1.0678851e+02 8.7624507e+02 5.0000010e+00
         vertex 1.1458591e+02 8.7262240e+02 5.0000010e+00
         vertex 1.0842196e+02 8.7754736e+02 5.0000010e+00
      endloop
   endfacet
   facet normal 0.0000000e+00 -0.0000000e+00 1.0000000e+00
      outer loop
         vertex 1.0678851e+02 8.7624507e+02 5.0000010e+00
         vertex 1.0842196e+02 8.7754736e+02 5.0000010e+00
         vertex 1.0515860e+02 8.7754736e+02 5.0000010e+00
      endloop
   endfacet
   facet normal -0.0000000e+00 0.0000000e+00 1.0000000e+00
      outer loop
         vertex 1.0515860e+02 8.7754736e+02 5.0000010e+00
         vertex 9.6633195e+01 8.7066760e+02 5.0000010e+00
         vertex 1.0678851e+02 8.7624507e+02 5.0000010e+00
      endloop
   endfacet
   facet normal -0.0000000e+00 0.0000000e+00 1.0000000e+00
      outer loop
         vertex 1.0678851e+02 8.7624507e+02 5.0000010e+00
         vertex 9.6633195e+01 8.7066760e+02 5.0000010e+00
         vertex 9.7785352e+01 8.7074820e+02 5.0000010e+00
      endloop
   endfacet
   facet normal -0.0000000e+00 0.0000000e+00 1.0000000e+00
      outer loop
         vertex 1.0678851e+02 8.7624507e+02 5.0000010e+00
         vertex 9.7785352e+01 8.7074820e+02 5.0000010e+00
         vertex 9.8938856e+01 8.7080640e+02 5.0000010e+00
      endloop
   endfacet
   facet normal 0.0000000e+00 0.0000000e+00 1.0000000e+00
      outer loop
         vertex 9.8938856e+01 8.7080640e+02 5.0000010e+00
         vertex 1.0009327e+02 8.7084220e+02 5.0000010e+00
         vertex 1.0678851e+02 8.7624507e+02 5.0000010e+00
      endloop
   endfacet
   facet normal -0.0000000e+00 -0.0000000e+00 1.0000000e+00
      outer loop
         vertex 1.5598722e+02 8.7120873e+02 5.0000010e+00
         vertex 1.5696494e+02 8.7116481e+02 5.0000010e+00
         vertex 1.5654194e+02 8.7259393e+02 5.0000010e+00
      endloop
   endfacet
   facet normal 0.0000000e+00 0.0000000e+00 1.0000000e+00
      outer loop
         vertex 1.5654194e+02 8.7259393e+02 5.0000010e+00
         vertex 1.5696494e+02 8.7116481e+02 5.0000010e+00
         vertex 1.5794226e+02 8.7111276e+02 5.0000010e+00
      endloop
   endfacet
   facet normal -0.0000000e+00 0.0000000e+00 1.0000000e+00
      outer loop
         vertex 1.5654194e+02 8.7259393e+02 5.0000010e+00
         vertex 1.5794226e+02 8.7111276e+02 5.0000010e+00
         vertex 1.6363407e+02 8.7612371e+02 5.0000010e+00
      endloop
   endfacet
   facet normal 0.0000000e+00 -0.0000000e+00 1.0000000e+00
      outer loop
         vertex 1.6948228e+02 8.7044308e+02 5.0000010e+00
         vertex 1.7114347e+02 8.7166933e+02 5.0000010e+00
         vertex 1.6363407e+02 8.7612371e+02 5.0000010e+00
      endloop
   endfacet
   facet normal -0.0000000e+00 -0.0000000e+00 1.0000000e+00
      outer loop
         vertex 1.6363407e+02 8.7612371e+02 5.0000010e+00
         vertex 1.7114347e+02 8.7166933e+02 5.0000010e+00
         vertex 1.6509203e+02 8.7754736e+02 5.0000010e+00
      endloop
   endfacet
   facet normal 0.0000000e+00 -0.0000000e+00 1.0000000e+00
      outer loop
         vertex 1.6363407e+02 8.7612371e+02 5.0000010e+00
         vertex 1.6509203e+02 8.7754736e+02 5.0000010e+00
         vertex 1.6216842e+02 8.7754736e+02 5.0000010e+00
      endloop
   endfacet
   facet normal -0.0000000e+00 0.0000000e+00 1.0000000e+00
      outer loop
         vertex 1.6948228e+02 8.7044308e+02 5.0000010e+00
         vertex 1.7052542e+02 8.7037695e+02 5.0000010e+00
         vertex 1.7114347e+02 8.7166933e+02 5.0000010e+00
      endloop
   endfacet
   facet normal 0.0000000e+00 0.0000000e+00 1.0000000e+00
      outer loop
         vertex 1.7114347e+02 8.7166933e+02 5.0000010e+00
         vertex 1.7052542e+02 8.7037695e+02 5.0000010e+00
         vertex 1.7156800e+02 8.7030257e+02 5.0000010e+00
      endloop
   endfacet
   facet normal 0.0000000e+00 0.0000000e+00 1.0000000e+00
      outer loop
         vertex 1.7114347e+02 8.7166933e+02 5.0000010e+00
         vertex 1.7156800e+02 8.7030257e+02 5.0000010e+00
         vertex 1.7260996e+02 8.7021994e+02 5.0000010e+00
      endloop
   endfacet
   facet normal 0.0000000e+00 -0.0000000e+00 1.0000000e+00
      outer loop
         vertex 1.7260996e+02 8.7021994e+02 5.0000010e+00
         vertex 1.8053727e+02 8.7607169e+02 5.0000010e+00
         vertex 1.7114347e+02 8.7166933e+02 5.0000010e+00
      endloop
   endfacet
   facet normal 0.0000000e+00 -0.0000000e+00 1.0000000e+00
      outer loop
         vertex 1.7114347e+02 8.7166933e+02 5.0000010e+00
         vertex 1.8053727e+02 8.7607169e+02 5.0000010e+00
         vertex 1.7910638e+02 8.7754736e+02 5.0000010e+00
      endloop
   endfacet
   facet normal -0.0000000e+00 0.0000000e+00 1.0000000e+00
      outer loop
         vertex 1.7910638e+02 8.7754736e+02 5.0000010e+00
         vertex 1.8053727e+02 8.7607169e+02 5.0000010e+00
         vertex 1.8194382e+02 8.7754736e+02 5.0000010e+00
      endloop
   endfacet
   facet normal 0.0000000e+00 0.0000000e+00 1.0000000e+00
      outer loop
         vertex 1.8194382e+02 8.7754736e+02 5.0000010e+00
         vertex 1.8053727e+02 8.7607169e+02 5.0000010e+00
         vertex 1.8896233e+02 8.7030920e+02 5.0000010e+00
      endloop
   endfacet
   facet normal 0.0000000e+00 0.0000000e+00 1.0000000e+00
      outer loop
         vertex 1.8896233e+02 8.7030920e+02 5.0000010e+00
         vertex 1.8053727e+02 8.7607169e+02 5.0000010e+00
         vertex 1.8747624e+02 8.6891556e+02 5.0000010e+00
      endloop
   endfacet
   facet normal 0.0000000e+00 0.0000000e+00 1.0000000e+00
      outer loop
         vertex 1.8896233e+02 8.7030920e+02 5.0000010e+00
         vertex 1.8747624e+02 8.6891556e+02 5.0000010e+00
         vertex 1.8837052e+02 8.6882816e+02 5.0000010e+00
      endloop
   endfacet
   facet normal -0.0000000e+00 -0.0000000e+00 1.0000000e+00
      outer loop
         vertex 1.8837052e+02 8.6882816e+02 5.0000010e+00
         vertex 1.8926426e+02 8.6873541e+02 5.0000010e+00
         vertex 1.8896233e+02 8.7030920e+02 5.0000010e+00
      endloop
   endfacet
   facet normal 0.0000000e+00 0.0000000e+00 1.0000000e+00
      outer loop
         vertex 1.8896233e+02 8.7030920e+02 5.0000010e+00
         vertex 1.8926426e+02 8.6873541e+02 5.0000010e+00
         vertex 1.9015742e+02 8.6863730e+02 5.0000010e+00
      endloop
   endfacet
   facet normal -0.0000000e+00 0.0000000e+00 1.0000000e+00
      outer loop
         vertex 1.8896233e+02 8.7030920e+02 5.0000010e+00
         vertex 1.9015742e+02 8.6863730e+02 5.0000010e+00
         vertex 1.9794810e+02 8.7594331e+02 5.0000010e+00
      endloop
   endfacet
   facet normal 0.0000000e+00 -0.0000000e+00 1.0000000e+00
      outer loop
         vertex 2.0385303e+02 8.6847008e+02 5.0000010e+00
         vertex 2.0519299e+02 8.7005996e+02 5.0000010e+00
         vertex 1.9794810e+02 8.7594331e+02 5.0000010e+00
      endloop
   endfacet
   facet normal -0.0000000e+00 -0.0000000e+00 1.0000000e+00
      outer loop
         vertex 1.9794810e+02 8.7594331e+02 5.0000010e+00
         vertex 2.0519299e+02 8.7005996e+02 5.0000010e+00
         vertex 1.9927686e+02 8.7754736e+02 5.0000010e+00
      endloop
   endfacet
   facet normal 0.0000000e+00 -0.0000000e+00 1.0000000e+00
      outer loop
         vertex 1.9794810e+02 8.7594331e+02 5.0000010e+00
         vertex 1.9927686e+02 8.7754736e+02 5.0000010e+00
         vertex 1.9668067e+02 8.7754736e+02 5.0000010e+00
      endloop
   endfacet
   facet normal 0.0000000e+00 0.0000000e+00 1.0000000e+00
      outer loop
         vertex 2.0519299e+02 8.7005996e+02 5.0000010e+00
         vertex 2.0385303e+02 8.6847008e+02 5.0000010e+00
         vertex 2.0648205e+02 8.6842854e+02 5.0000010e+00
      endloop
   endfacet
   facet normal 0.0000000e+00 0.0000000e+00 1.0000000e+00
      outer loop
         vertex 2.0648205e+02 8.6842854e+02 5.0000010e+00
         vertex 2.0385303e+02 8.6847008e+02 5.0000010e+00
         vertex 2.0274412e+02 8.6715435e+02 5.0000010e+00
      endloop
   endfacet
   facet normal 0.0000000e+00 0.0000000e+00 1.0000000e+00
      outer loop
         vertex 2.0648205e+02 8.6842854e+02 5.0000010e+00
         vertex 2.0274412e+02 8.6715435e+02 5.0000010e+00
         vertex 2.0451605e+02 8.6693576e+02 5.0000010e+00
      endloop
   endfacet
   facet normal -0.0000000e+00 0.0000000e+00 1.0000000e+00
      outer loop
         vertex 2.0451605e+02 8.6693576e+02 5.0000010e+00
         vertex 2.0628552e+02 8.6669805e+02 5.0000010e+00
         vertex 2.0648205e+02 8.6842854e+02 5.0000010e+00
      endloop
   endfacet
   facet normal 0.0000000e+00 0.0000000e+00 1.0000000e+00
      outer loop
         vertex 2.0648205e+02 8.6842854e+02 5.0000010e+00
         vertex 2.0628552e+02 8.6669805e+02 5.0000010e+00
         vertex 2.0805232e+02 8.6644122e+02 5.0000010e+00
      endloop
   endfacet
   facet normal 0.0000000e+00 -0.0000000e+00 1.0000000e+00
      outer loop
         vertex 2.0648205e+02 8.6842854e+02 5.0000010e+00
         vertex 2.1429725e+02 8.7754736e+02 5.0000010e+00
         vertex 2.0519299e+02 8.7005996e+02 5.0000010e+00
      endloop
   endfacet
   facet normal 0.0000000e+00 -0.0000000e+00 1.0000000e+00
      outer loop
         vertex 2.0519299e+02 8.7005996e+02 5.0000010e+00
         vertex 2.1429725e+02 8.7754736e+02 5.0000010e+00
         vertex 2.1150342e+02 8.7754736e+02 5.0000010e+00
      endloop
   endfacet
   facet normal -0.0000000e+00 0.0000000e+00 1.0000000e+00
      outer loop
         vertex 1.9668067e+02 8.7754736e+02 5.0000010e+00
         vertex 1.8896233e+02 8.7030920e+02 5.0000010e+00
         vertex 1.9794810e+02 8.7594331e+02 5.0000010e+00
      endloop
   endfacet
   facet normal -0.0000000e+00 0.0000000e+00 1.0000000e+00
      outer loop
         vertex 1.6216842e+02 8.7754736e+02 5.0000010e+00
         vertex 1.5654194e+02 8.7259393e+02 5.0000010e+00
         vertex 1.6363407e+02 8.7612371e+02 5.0000010e+00
      endloop
   endfacet
   facet normal 1.4385035e-01 9.8959945e-01 -7.7250120e-14
      outer loop
         vertex 2.0805232e+02 8.6644122e+02 6.4930010e+00
         vertex 2.0805232e+02 8.6644122e+02 5.0000010e+00
         vertex 2.0628552e+02 8.6669805e+02 6.4930010e+00
      endloop
   endfacet
   facet normal 1.4385035e-01 9.8959945e-01 -3.9839034e-14
      outer loop
         vertex 2.0628552e+02 8.6669805e+02 6.4930010e+00
         vertex 2.0805232e+02 8.6644122e+02 5.0000010e+00
         vertex 2.0628552e+02 8.6669805e+02 5.0000010e+00
      endloop
   endfacet
   facet normal 1.3314800e-01 9.9109617e-01 -5.4046751e-14
      outer loop
         vertex 2.0628552e+02 8.6669805e+02 6.4930010e+00
         vertex 2.0628552e+02 8.6669805e+02 5.0000010e+00
         vertex 2.0451605e+02 8.6693576e+02 6.4930010e+00
      endloop
   endfacet
   facet normal 1.3314800e-01 9.9109617e-01 2.1908345e-14
      outer loop
         vertex 2.0451605e+02 8.6693576e+02 6.4930010e+00
         vertex 2.0628552e+02 8.6669805e+02 5.0000010e+00
         vertex 2.0451605e+02 8.6693576e+02 5.0000010e+00
      endloop
   endfacet
   facet normal 1.2243010e-01 9.9247714e-01 5.7230527e-14
      outer loop
         vertex 2.0451605e+02 8.6693576e+02 6.4930010e+00
         vertex 2.0451605e+02 8.6693576e+02 5.0000010e+00
         vertex 2.0274412e+02 8.6715435e+02 6.4930010e+00
      endloop
   endfacet
   facet normal 1.2243010e-01 9.9247714e-01 -1.8584607e-13
      outer loop
         vertex 2.0274412e+02 8.6715435e+02 6.4930010e+00
         vertex 2.0451605e+02 8.6693576e+02 5.0000010e+00
         vertex 2.0274412e+02 8.6715435e+02 5.0000010e+00
      endloop
   endfacet
   facet normal 1.0918457e-01 9.9402149e-01 -1.4705739e-13
      outer loop
         vertex 1.9015742e+02 8.6863730e+02 6.4930010e+00
         vertex 1.9015742e+02 8.6863730e+02 5.0000010e+00
         vertex 1.8926426e+02 8.6873541e+02 6.4930010e+00
      endloop
   endfacet
   facet normal 1.0918457e-01 9.9402149e-01 5.4217322e-14
      outer loop
         vertex 1.8926426e+02 8.6873541e+02 6.4930010e+00
         vertex 1.9015742e+02 8.6863730e+02 5.0000010e+00
         vertex 1.8926426e+02 8.6873541e+02 5.0000010e+00
      endloop
   endfacet
   facet normal 1.0322814e-01 9.9465771e-01 7.2140591e-14
      outer loop
         vertex 1.8926426e+02 8.6873541e+02 6.4930010e+00
         vertex 1.8926426e+02 8.6873541e+02 5.0000010e+00
         vertex 1.8837052e+02 8.6882816e+02 6.4930010e+00
      endloop
   endfacet
   facet normal 1.0322814e-01 9.9465771e-01 -4.0044887e-14
      outer loop
         vertex 1.8837052e+02 8.6882816e+02 6.4930010e+00
         vertex 1.8926426e+02 8.6873541e+02 5.0000010e+00
         vertex 1.8837052e+02 8.6882816e+02 5.0000010e+00
      endloop
   endfacet
   facet normal 9.7268007e-02 9.9525823e-01 -2.4468754e-14
      outer loop
         vertex 1.8837052e+02 8.6882816e+02 6.4930010e+00
         vertex 1.8837052e+02 8.6882816e+02 5.0000010e+00
         vertex 1.8747624e+02 8.6891556e+02 6.4930010e+00
      endloop
   endfacet
   facet normal 9.7268007e-02 9.9525823e-01 -6.3217336e-14
      outer loop
         vertex 1.8747624e+02 8.6891556e+02 6.4930010e+00
         vertex 1.8837052e+02 8.6882816e+02 5.0000010e+00
         vertex 1.8747624e+02 8.6891556e+02 5.0000010e+00
      endloop
   endfacet
   facet normal 7.9054472e-02 9.9687030e-01 -8.9997434e-14
      outer loop
         vertex 1.7260996e+02 8.7021994e+02 6.4930010e+00
         vertex 1.7260996e+02 8.7021994e+02 5.0000010e+00
         vertex 1.7156800e+02 8.7030257e+02 6.4930010e+00
      endloop
   endfacet
   facet normal 7.9054472e-02 9.9687030e-01 -1.8781970e-14
      outer loop
         vertex 1.7156800e+02 8.7030257e+02 6.4930010e+00
         vertex 1.7260996e+02 8.7021994e+02 5.0000010e+00
         vertex 1.7156800e+02 8.7030257e+02 5.0000010e+00
      endloop
   endfacet
   facet normal 7.1163558e-02 9.9746466e-01 4.4066579e-14
      outer loop
         vertex 1.7156800e+02 8.7030257e+02 6.4930010e+00
         vertex 1.7156800e+02 8.7030257e+02 5.0000010e+00
         vertex 1.7052542e+02 8.7037695e+02 6.4930010e+00
      endloop
   endfacet
   facet normal 7.1163558e-02 9.9746466e-01 -1.8159462e-14
      outer loop
         vertex 1.7052542e+02 8.7037695e+02 6.4930010e+00
         vertex 1.7156800e+02 8.7030257e+02 5.0000010e+00
         vertex 1.7052542e+02 8.7037695e+02 5.0000010e+00
      endloop
   endfacet
   facet normal 6.3268187e-02 9.9799656e-01 6.0059763e-14
      outer loop
         vertex 1.7052542e+02 8.7037695e+02 6.4930010e+00
         vertex 1.7052542e+02 8.7037695e+02 5.0000010e+00
         vertex 1.6948228e+02 8.7044308e+02 6.4930010e+00
      endloop
   endfacet
   facet normal 6.3268187e-02 9.9799656e-01 1.0787183e-14
      outer loop
         vertex 1.6948228e+02 8.7044308e+02 6.4930010e+00
         vertex 1.7052542e+02 8.7037695e+02 5.0000010e+00
         vertex 1.6948228e+02 8.7044308e+02 5.0000010e+00
      endloop
   endfacet
   facet normal 5.3179806e-02 9.9858495e-01 -1.1495449e-13
      outer loop
         vertex 1.5794226e+02 8.7111276e+02 6.4930010e+00
         vertex 1.5794226e+02 8.7111276e+02 5.0000010e+00
         vertex 1.5696494e+02 8.7116481e+02 6.4930010e+00
      endloop
   endfacet
   facet normal 5.3179806e-02 9.9858495e-01 -2.0248613e-14
      outer loop
         vertex 1.5696494e+02 8.7116481e+02 6.4930010e+00
         vertex 1.5794226e+02 8.7111276e+02 5.0000010e+00
         vertex 1.5696494e+02 8.7116481e+02 5.0000010e+00
      endloop
   endfacet
   facet normal 4.4873336e-02 9.9899268e-01 -1.7084755e-14
      outer loop
         vertex 1.5696494e+02 8.7116481e+02 6.4930010e+00
         vertex 1.5696494e+02 8.7116481e+02 5.0000010e+00
         vertex 1.5598722e+02 8.7120873e+02 6.4930010e+00
      endloop
   endfacet
   facet normal 4.4873336e-02 9.9899268e-01 -2.8065034e-14
      outer loop
         vertex 1.5598722e+02 8.7120873e+02 6.4930010e+00
         vertex 1.5696494e+02 8.7116481e+02 5.0000010e+00
         vertex 1.5598722e+02 8.7120873e+02 5.0000010e+00
      endloop
   endfacet
   facet normal 3.6563763e-02 9.9933132e-01 1.9471571e-14
      outer loop
         vertex 1.5598722e+02 8.7120873e+02 6.4930010e+00
         vertex 1.5598722e+02 8.7120873e+02 5.0000010e+00
         vertex 1.5500917e+02 8.7124451e+02 6.4930010e+00
      endloop
   endfacet
   facet normal 3.6563763e-02 9.9933132e-01 5.0080177e-14
      outer loop
         vertex 1.5500917e+02 8.7124451e+02 6.4930010e+00
         vertex 1.5598722e+02 8.7120873e+02 5.0000010e+00
         vertex 1.5500917e+02 8.7124451e+02 5.0000010e+00
      endloop
   endfacet
   facet normal 3.0669574e-02 9.9952958e-01 -1.7249388e-13
      outer loop
         vertex 1.4466956e+02 8.7158487e+02 6.4930010e+00
         vertex 1.4466956e+02 8.7158487e+02 5.0000010e+00
         vertex 1.4363794e+02 8.7161653e+02 6.4930010e+00
      endloop
   endfacet
   facet normal 3.0669574e-02 9.9952958e-01 -2.1231748e-14
      outer loop
         vertex 1.4363794e+02 8.7161653e+02 6.4930010e+00
         vertex 1.4466956e+02 8.7158487e+02 5.0000010e+00
         vertex 1.4363794e+02 8.7161653e+02 5.0000010e+00
      endloop
   endfacet
   facet normal 2.0778097e-02 9.9978411e-01 -3.8948884e-14
      outer loop
         vertex 1.4363794e+02 8.7161653e+02 6.4930010e+00
         vertex 1.4363794e+02 8.7161653e+02 5.0000010e+00
         vertex 1.4260605e+02 8.7163797e+02 6.4930010e+00
      endloop
   endfacet
   facet normal 2.0778097e-02 9.9978411e-01 5.9516439e-14
      outer loop
         vertex 1.4260605e+02 8.7163797e+02 6.4930010e+00
         vertex 1.4363794e+02 8.7161653e+02 5.0000010e+00
         vertex 1.4260605e+02 8.7163797e+02 5.0000010e+00
      endloop
   endfacet
   facet normal 1.0884587e-02 9.9994076e-01 6.7439413e-14
      outer loop
         vertex 1.4260605e+02 8.7163797e+02 6.4930010e+00
         vertex 1.4260605e+02 8.7163797e+02 5.0000010e+00
         vertex 1.4157400e+02 8.7164920e+02 6.4930010e+00
      endloop
   endfacet
   facet normal 1.0884587e-02 9.9994076e-01 1.1622975e-13
      outer loop
         vertex 1.4157400e+02 8.7164920e+02 6.4930010e+00
         vertex 1.4260605e+02 8.7163797e+02 5.0000010e+00
         vertex 1.4157400e+02 8.7164920e+02 5.0000010e+00
      endloop
   endfacet
   facet normal 9.0507131e-03 9.9995904e-01 6.9251649e-14
      outer loop
         vertex 1.3179255e+02 8.7173882e+02 6.4930010e+00
         vertex 1.3179255e+02 8.7173882e+02 5.0000010e+00
         vertex 1.3073424e+02 8.7174840e+02 6.4930010e+00
      endloop
   endfacet
   facet normal 9.0507131e-03 9.9995904e-01 9.4406023e-14
      outer loop
         vertex 1.3073424e+02 8.7174840e+02 6.4930010e+00
         vertex 1.3179255e+02 8.7173882e+02 5.0000010e+00
         vertex 1.3073424e+02 8.7174840e+02 5.0000010e+00
      endloop
   endfacet
   facet normal -2.5281899e-03 9.9999680e-01 7.1044738e-14
      outer loop
         vertex 1.3073424e+02 8.7174840e+02 6.4930010e+00
         vertex 1.3073424e+02 8.7174840e+02 5.0000010e+00
         vertex 1.2967590e+02 8.7174572e+02 6.4930010e+00
      endloop
   endfacet
   facet normal -2.5281899e-03 9.9999680e-01 6.4017904e-14
      outer loop
         vertex 1.2967590e+02 8.7174572e+02 6.4930010e+00
         vertex 1.3073424e+02 8.7174840e+02 5.0000010e+00
         vertex 1.2967590e+02 8.7174572e+02 5.0000010e+00
      endloop
   endfacet
   facet normal -1.4106754e-02 9.9990049e-01 8.4655957e-15
      outer loop
         vertex 1.2967590e+02 8.7174572e+02 6.4930010e+00
         vertex 1.2967590e+02 8.7174572e+02 5.0000010e+00
         vertex 1.2861765e+02 8.7173079e+02 6.4930010e+00
      endloop
   endfacet
   facet normal -1.4106754e-02 9.9990049e-01 -1.0688195e-13
      outer loop
         vertex 1.2861765e+02 8.7173079e+02 6.4930010e+00
         vertex 1.2967590e+02 8.7174572e+02 5.0000010e+00
         vertex 1.2861765e+02 8.7173079e+02 5.0000010e+00
      endloop
   endfacet
   facet normal -1.3815233e-02 9.9990457e-01 1.7228279e-14
      outer loop
         vertex 1.1660660e+02 8.7153583e+02 6.4930010e+00
         vertex 1.1660660e+02 8.7153583e+02 5.0000010e+00
         vertex 1.1534606e+02 8.7151841e+02 6.4930010e+00
      endloop
   endfacet
   facet normal -1.3815233e-02 9.9990457e-01 -4.2064459e-15
      outer loop
         vertex 1.1534606e+02 8.7151841e+02 6.4930010e+00
         vertex 1.1660660e+02 8.7153583e+02 5.0000010e+00
         vertex 1.1534606e+02 8.7151841e+02 5.0000010e+00
      endloop
   endfacet
   facet normal -3.0474918e-02 9.9953553e-01 -9.2822427e-15
      outer loop
         vertex 1.1534606e+02 8.7151841e+02 6.4930010e+00
         vertex 1.1534606e+02 8.7151841e+02 5.0000010e+00
         vertex 1.1408597e+02 8.7148000e+02 6.4930010e+00
      endloop
   endfacet
   facet normal -3.0474918e-02 9.9953553e-01 3.7596263e-14
      outer loop
         vertex 1.1408597e+02 8.7148000e+02 6.4930010e+00
         vertex 1.1534606e+02 8.7151841e+02 5.0000010e+00
         vertex 1.1408597e+02 8.7148000e+02 5.0000010e+00
      endloop
   endfacet
   facet normal -4.7126142e-02 9.9888895e-01 9.9774249e-14
      outer loop
         vertex 1.1408597e+02 8.7148000e+02 6.4930010e+00
         vertex 1.1408597e+02 8.7148000e+02 5.0000010e+00
         vertex 1.1282671e+02 8.7142059e+02 6.4930010e+00
      endloop
   endfacet
   facet normal -4.7126142e-02 9.9888895e-01 1.3784313e-13
      outer loop
         vertex 1.1282671e+02 8.7142059e+02 6.4930010e+00
         vertex 1.1408597e+02 8.7148000e+02 5.0000010e+00
         vertex 1.1282671e+02 8.7142059e+02 5.0000010e+00
      endloop
   endfacet
   facet normal -3.0994364e-02 9.9951956e-01 5.7229075e-14
      outer loop
         vertex 1.0009327e+02 8.7084220e+02 6.4930010e+00
         vertex 1.0009327e+02 8.7084220e+02 5.0000010e+00
         vertex 9.8938856e+01 8.7080640e+02 6.4930010e+00
      endloop
   endfacet
   facet normal -3.0994364e-02 9.9951956e-01 1.0737669e-13
      outer loop
         vertex 9.8938856e+01 8.7080640e+02 6.4930010e+00
         vertex 1.0009327e+02 8.7084220e+02 5.0000010e+00
         vertex 9.8938856e+01 8.7080640e+02 5.0000010e+00
      endloop
   endfacet
   facet normal -5.0397971e-02 9.9872921e-01 7.9184595e-14
      outer loop
         vertex 9.8938856e+01 8.7080640e+02 6.4930010e+00
         vertex 9.8938856e+01 8.7080640e+02 5.0000010e+00
         vertex 9.7785352e+01 8.7074820e+02 6.4930010e+00
      endloop
   endfacet
   facet normal -5.0397971e-02 9.9872921e-01 3.6964559e-14
      outer loop
         vertex 9.7785352e+01 8.7074820e+02 6.4930010e+00
         vertex 9.8938856e+01 8.7080640e+02 5.0000010e+00
         vertex 9.7785352e+01 8.7074820e+02 5.0000010e+00
      endloop
   endfacet
   facet normal -6.9782571e-02 9.9756222e-01 -7.4892205e-15
      outer loop
         vertex 9.7785352e+01 8.7074820e+02 6.4930010e+00
         vertex 9.7785352e+01 8.7074820e+02 5.0000010e+00
         vertex 9.6633195e+01 8.7066760e+02 6.4930010e+00
      endloop
   endfacet
   facet normal -6.9782571e-02 9.9756222e-01 1.0019786e-14
      outer loop
         vertex 9.6633195e+01 8.7066760e+02 6.4930010e+00
         vertex 9.7785352e+01 8.7074820e+02 5.0000010e+00
         vertex 9.6633195e+01 8.7066760e+02 5.0000010e+00
      endloop
   endfacet
   facet normal 9.9144486e-01 1.3052619e-01 0.0000000e+00
      outer loop
         vertex 2.2064763e+02 8.7657798e+02 7.4930010e+00
         vertex 2.2064763e+02 8.7657798e+02 1.0000000e-06
         vertex 2.2023440e+02 8.7971677e+02 7.4930010e+00
      endloop
   endfacet
   facet normal 9.9144486e-01 1.3052619e-01 0.0000000e+00
      outer loop
         vertex 2.2023440e+02 8.7971677e+02 7.4930010e+00
         vertex 2.2064763e+02 8.7657798e+02 1.0000000e-06
         vertex 2.2023440e+02 8.7971677e+02 1.0000000e-06
      endloop
   endfacet
   facet normal 9.9144486e-01 -1.3052619e-01 0.0000000e+00
      outer loop
         vertex 2.2023440e+02 8.7971677e+02 7.4930010e+00
         vertex 2.2023440e+02 8.7971677e+02 1.0000000e-06
         vertex 2.2064763e+02 8.8285555e+02 7.4930010e+00
      endloop
   endfacet
   facet normal 9.9144486e-01 -1.3052619e-01 0.0000000e+00
      outer loop
         vertex 2.2064763e+02 8.8285555e+02 7.4930010e+00
         vertex 2.2023440e+02 8.7971677e+02 1.0000000e-06
         vertex 2.2064763e+02 8.8285555e+02 1.0000000e-06
      endloop
   endfacet
   facet normal 9.2387953e-01 -3.8268343e-01 0.0000000e+00
      outer loop
         vertex 2.2064763e+02 8.8285555e+02 7.4930010e+00
         vertex 2.2064763e+02 8.8285555e+02 1.0000000e-06
         vertex 2.2185915e+02 8.8578044e+02 7.4930010e+00
      endloop
   endfacet
   facet normal 9.2387953e-01 -3.8268343e-01 0.0000000e+00
      outer loop
         vertex 2.2185915e+02 8.8578044e+02 7.4930010e+00
         vertex 2.2064763e+02 8.8285555e+02 1.0000000e-06
         vertex 2.2185915e+02 8.8578044e+02 1.0000000e-06
      endloop
   endfacet
   facet normal 7.9335334e-01 -6.0876143e-01 0.0000000e+00
      outer loop
         vertex 2.2185915e+02 8.8578044e+02 7.4930010e+00
         vertex 2.2185915e+02 8.8578044e+02 1.0000000e-06
         vertex 2.2378641e+02 8.8829209e+02 7.4930010e+00
      endloop
   endfacet
   facet normal 7.9335334e-01 -6.0876143e-01 0.0000000e+00
      outer loop
         vertex 2.2378641e+02 8.8829209e+02 7.4930010e+00
         vertex 2.2185915e+02 8.8578044e+02 1.0000000e-06
         vertex 2.2378641e+02 8.8829209e+02 1.0000000e-06
      endloop
   endfacet
   facet normal 6.0876143e-01 -7.9335334e-01 0.0000000e+00
      outer loop
         vertex 2.2378641e+02 8.8829209e+02 7.4930010e+00
         vertex 2.2378641e+02 8.8829209e+02 1.0000000e-06
         vertex 2.2629807e+02 8.9021935e+02 7.4930010e+00
      endloop
   endfacet
   facet normal 6.0876143e-01 -7.9335334e-01 0.0000000e+00
      outer loop
         vertex 2.2629807e+02 8.9021935e+02 7.4930010e+00
         vertex 2.2378641e+02 8.8829209e+02 1.0000000e-06
         vertex 2.2629807e+02 8.9021935e+02 1.0000000e-06
      endloop
   endfacet
   facet normal 3.8268343e-01 -9.2387953e-01 0.0000000e+00
      outer loop
         vertex 2.2629807e+02 8.9021935e+02 7.4930010e+00
         vertex 2.2629807e+02 8.9021935e+02 1.0000000e-06
         vertex 2.2922295e+02 8.9143088e+02 7.4930010e+00
      endloop
   endfacet
   facet normal 3.8268343e-01 -9.2387953e-01 0.0000000e+00
      outer loop
         vertex 2.2922295e+02 8.9143088e+02 7.4930010e+00
         vertex 2.2629807e+02 8.9021935e+02 1.0000000e-06
         vertex 2.2922295e+02 8.9143088e+02 1.0000000e-06
      endloop
   endfacet
   facet normal 1.3052619e-01 -9.9144486e-01 0.0000000e+00
      outer loop
         vertex 2.2922295e+02 8.9143088e+02 7.4930010e+00
         vertex 2.2922295e+02 8.9143088e+02 1.0000000e-06
         vertex 2.3236173e+02 8.9184410e+02 7.4930010e+00
      endloop
   endfacet
   facet normal 1.3052619e-01 -9.9144486e-01 0.0000000e+00
      outer loop
         vertex 2.3236173e+02 8.9184410e+02 7.4930010e+00
         vertex 2.2922295e+02 8.9143088e+02 1.0000000e-06
         vertex 2.3236173e+02 8.9184410e+02 1.0000000e-06
      endloop
   endfacet
   facet normal -1.3052619e-01 -9.9144486e-01 -0.0000000e+00
      outer loop
         vertex 2.3236173e+02 8.9184410e+02 7.4930010e+00
         vertex 2.3236173e+02 8.9184410e+02 1.0000000e-06
         vertex 2.3550052e+02 8.9143088e+02 7.4930010e+00
      endloop
   endfacet
   facet normal -1.3052619e-01 -9.9144486e-01 0.0000000e+00
      outer loop
         vertex 2.3550052e+02 8.9143088e+02 7.4930010e+00
         vertex 2.3236173e+02 8.9184410e+02 1.0000000e-06
         vertex 2.3550052e+02 8.9143088e+02 1.0000000e-06
      endloop
   endfacet
   facet normal -3.8268343e-01 -9.2387953e-01 -0.0000000e+00
      outer loop
         vertex 2.3550052e+02 8.9143088e+02 7.4930010e+00
         vertex 2.3550052e+02 8.9143088e+02 1.0000000e-06
         vertex 2.3842540e+02 8.9021935e+02 7.4930010e+00
      endloop
   endfacet
   facet normal -3.8268343e-01 -9.2387953e-01 0.0000000e+00
      outer loop
         vertex 2.3842540e+02 8.9021935e+02 7.4930010e+00
         vertex 2.3550052e+02 8.9143088e+02 1.0000000e-06
         vertex 2.3842540e+02 8.9021935e+02 1.0000000e-06
      endloop
   endfacet
   facet normal -6.0876143e-01 -7.9335334e-01 -0.0000000e+00
      outer loop
         vertex 2.3842540e+02 8.9021935e+02 7.4930010e+00
         vertex 2.3842540e+02 8.9021935e+02 1.0000000e-06
         vertex 2.4093706e+02 8.8829209e+02 7.4930010e+00
      endloop
   endfacet
   facet normal -6.0876143e-01 -7.9335334e-01 0.0000000e+00
      outer loop
         vertex 2.4093706e+02 8.8829209e+02 7.4930010e+00
         vertex 2.3842540e+02 8.9021935e+02 1.0000000e-06
         vertex 2.4093706e+02 8.8829209e+02 1.0000000e-06
      endloop
   endfacet
   facet normal -7.9335334e-01 -6.0876143e-01 -0.0000000e+00
      outer loop
         vertex 2.4093706e+02 8.8829209e+02 7.4930010e+00
         vertex 2.4093706e+02 8.8829209e+02 1.0000000e-06
         vertex 2.4286432e+02 8.8578044e+02 7.4930010e+00
      endloop
   endfacet
   facet normal -7.9335334e-01 -6.0876143e-01 0.0000000e+00
      outer loop
         vertex 2.4286432e+02 8.8578044e+02 7.4930010e+00
         vertex 2.4093706e+02 8.8829209e+02 1.0000000e-06
         vertex 2.4286432e+02 8.8578044e+02 1.0000000e-06
      endloop
   endfacet
   facet normal -9.2387953e-01 -3.8268343e-01 -0.0000000e+00
      outer loop
         vertex 2.4286432e+02 8.8578044e+02 7.4930010e+00
         vertex 2.4286432e+02 8.8578044e+02 1.0000000e-06
         vertex 2.4407584e+02 8.8285555e+02 7.4930010e+00
      endloop
   endfacet
   facet normal -9.2387953e-01 -3.8268343e-01 0.0000000e+00
      outer loop
         vertex 2.4407584e+02 8.8285555e+02 7.4930010e+00
         vertex 2.4286432e+02 8.8578044e+02 1.0000000e-06
         vertex 2.4407584e+02 8.8285555e+02 1.0000000e-06
      endloop
   endfacet
   facet normal -9.9144486e-01 -1.3052619e-01 -0.0000000e+00
      outer loop
         vertex 2.4407584e+02 8.8285555e+02 7.4930010e+00
         vertex 2.4407584e+02 8.8285555e+02 1.0000000e-06
         vertex 2.4448907e+02 8.7971677e+02 7.4930010e+00
      endloop
   endfacet
   facet normal -9.9144486e-01 -1.3052619e-01 0.0000000e+00
      outer loop
         vertex 2.4448907e+02 8.7971677e+02 7.4930010e+00
         vertex 2.4407584e+02 8.8285555e+02 1.0000000e-06
         vertex 2.4448907e+02 8.7971677e+02 1.0000000e-06
      endloop
   endfacet
   facet normal -9.9144486e-01 1.3052619e-01 0.0000000e+00
      outer loop
         vertex 2.4448907e+02 8.7971677e+02 7.4930010e+00
         vertex 2.4448907e+02 8.7971677e+02 1.0000000e-06
         vertex 2.4407584e+02 8.7657798e+02 7.4930010e+00
      endloop
   endfacet
   facet normal -9.9144486e-01 1.3052619e-01 0.0000000e+00
      outer loop
         vertex 2.4407584e+02 8.7657798e+02 7.4930010e+00
         vertex 2.4448907e+02 8.7971677e+02 1.0000000e-06
         vertex 2.4407584e+02 8.7657798e+02 1.0000000e-06
      endloop
   endfacet
   facet normal -9.2387953e-01 3.8268343e-01 0.0000000e+00
      outer loop
         vertex 2.4407584e+02 8.7657798e+02 7.4930010e+00
         vertex 2.4407584e+02 8.7657798e+02 1.0000000e-06
         vertex 2.4286432e+02 8.7365310e+02 7.4930010e+00
      endloop
   endfacet
   facet normal -9.2387953e-01 3.8268343e-01 0.0000000e+00
      outer loop
         vertex 2.4286432e+02 8.7365310e+02 7.4930010e+00
         vertex 2.4407584e+02 8.7657798e+02 1.0000000e-06
         vertex 2.4286432e+02 8.7365310e+02 1.0000000e-06
      endloop
   endfacet
   facet normal -7.9335334e-01 6.0876143e-01 0.0000000e+00
      outer loop
         vertex 2.4286432e+02 8.7365310e+02 7.4930010e+00
         vertex 2.4286432e+02 8.7365310e+02 1.0000000e-06
         vertex 2.4093706e+02 8.7114145e+02 7.4930010e+00
      endloop
   endfacet
   facet normal -7.9335334e-01 6.0876143e-01 0.0000000e+00
      outer loop
         vertex 2.4093706e+02 8.7114145e+02 7.4930010e+00
         vertex 2.4286432e+02 8.7365310e+02 1.0000000e-06
         vertex 2.4093706e+02 8.7114145e+02 1.0000000e-06
      endloop
   endfacet
   facet normal -6.0876143e-01 7.9335334e-01 0.0000000e+00
      outer loop
         vertex 2.4093706e+02 8.7114145e+02 7.4930010e+00
         vertex 2.4093706e+02 8.7114145e+02 1.0000000e-06
         vertex 2.3842540e+02 8.6921419e+02 7.4930010e+00
      endloop
   endfacet
   facet normal -6.0876143e-01 7.9335334e-01 0.0000000e+00
      outer loop
         vertex 2.3842540e+02 8.6921419e+02 7.4930010e+00
         vertex 2.4093706e+02 8.7114145e+02 1.0000000e-06
         vertex 2.3842540e+02 8.6921419e+02 1.0000000e-06
      endloop
   endfacet
   facet normal -3.8268343e-01 9.2387953e-01 0.0000000e+00
      outer loop
         vertex 2.3842540e+02 8.6921419e+02 7.4930010e+00
         vertex 2.3842540e+02 8.6921419e+02 1.0000000e-06
         vertex 2.3550052e+02 8.6800266e+02 7.4930010e+00
      endloop
   endfacet
   facet normal -3.8268343e-01 9.2387953e-01 0.0000000e+00
      outer loop
         vertex 2.3550052e+02 8.6800266e+02 7.4930010e+00
         vertex 2.3842540e+02 8.6921419e+02 1.0000000e-06
         vertex 2.3550052e+02 8.6800266e+02 1.0000000e-06
      endloop
   endfacet
   facet normal -1.3052619e-01 9.9144486e-01 0.0000000e+00
      outer loop
         vertex 2.3550052e+02 8.6800266e+02 7.4930010e+00
         vertex 2.3550052e+02 8.6800266e+02 1.0000000e-06
         vertex 2.3236173e+02 8.6758943e+02 7.4930010e+00
      endloop
   endfacet
   facet normal -1.3052619e-01 9.9144486e-01 0.0000000e+00
      outer loop
         vertex 2.3236173e+02 8.6758943e+02 7.4930010e+00
         vertex 2.3550052e+02 8.6800266e+02 1.0000000e-06
         vertex 2.3236173e+02 8.6758943e+02 1.0000000e-06
      endloop
   endfacet
   facet normal 1.3052619e-01 9.9144486e-01 0.0000000e+00
      outer loop
         vertex 2.3236173e+02 8.6758943e+02 7.4930010e+00
         vertex 2.3236173e+02 8.6758943e+02 1.0000000e-06
         vertex 2.2922295e+02 8.6800266e+02 7.4930010e+00
      endloop
   endfacet
   facet normal 1.3052619e-01 9.9144486e-01 0.0000000e+00
      outer loop
         vertex 2.2922295e+02 8.6800266e+02 7.4930010e+00
         vertex 2.3236173e+02 8.6758943e+02 1.0000000e-06
         vertex 2.2922295e+02 8.6800266e+02 1.0000000e-06
      endloop
   endfacet
   facet normal 3.8268343e-01 9.2387953e-01 0.0000000e+00
      outer loop
         vertex 2.2922295e+02 8.6800266e+02 7.4930010e+00
         vertex 2.2922295e+02 8.6800266e+02 1.0000000e-06
         vertex 2.2629807e+02 8.6921419e+02 7.4930010e+00
      endloop
   endfacet
   facet normal 3.8268343e-01 9.2387953e-01 0.0000000e+00
      outer loop
         vertex 2.2629807e+02 8.6921419e+02 7.4930010e+00
         vertex 2.2922295e+02 8.6800266e+02 1.0000000e-06
         vertex 2.2629807e+02 8.6921419e+02 1.0000000e-06
      endloop
   endfacet
   facet normal 6.0876143e-01 7.9335334e-01 0.0000000e+00
      outer loop
         vertex 2.2629807e+02 8.6921419e+02 7.4930010e+00
         vertex 2.2629807e+02 8.6921419e+02 1.0000000e-06
         vertex 2.2378641e+02 8.7114145e+02 7.4930010e+00
      endloop
   endfacet
   facet normal 6.0876143e-01 7.9335334e-01 0.0000000e+00
      outer loop
         vertex 2.2378641e+02 8.7114145e+02 7.4930010e+00
         vertex 2.2629807e+02 8.6921419e+02 1.0000000e-06
         vertex 2.2378641e+02 8.7114145e+02 1.0000000e-06
      endloop
   endfacet
   facet normal 7.9335334e-01 6.0876143e-01 0.0000000e+00
      outer loop
         vertex 2.2378641e+02 8.7114145e+02 7.4930010e+00
         vertex 2.2378641e+02 8.7114145e+02 1.0000000e-06
         vertex 2.2185915e+02 8.7365310e+02 7.4930010e+00
      endloop
   endfacet
   facet normal 7.9335334e-01 6.0876143e-01 0.0000000e+00
      outer loop
         vertex 2.2185915e+02 8.7365310e+02 7.4930010e+00
         vertex 2.2378641e+02 8.7114145e+02 1.0000000e-06
         vertex 2.2185915e+02 8.7365310e+02 1.0000000e-06
      endloop
   endfacet
   facet normal 9.2387953e-01 3.8268343e-01 0.0000000e+00
      outer loop
         vertex 2.2185915e+02 8.7365310e+02 7.4930010e+00
         vertex 2.2185915e+02 8.7365310e+02 1.0000000e-06
         vertex 2.2064763e+02 8.7657798e+02 7.4930010e+00
      endloop
   endfacet
   facet normal 9.2387953e-01 3.8268343e-01 0.0000000e+00
      outer loop
         vertex 2.2064763e+02 8.7657798e+02 7.4930010e+00
         vertex 2.2185915e+02 8.7365310e+02 1.0000000e-06
         vertex 2.2064763e+02 8.7657798e+02 1.0000000e-06
      endloop
   endfacet
   facet normal 1.5160373e-01 -9.8844135e-01 0.0000000e+00
      outer loop
         vertex 2.1416745e+02 8.9387873e+02 1.0000000e-06
         vertex 2.1708705e+02 8.9432652e+02 1.0000000e-06
         vertex 2.1416745e+02 8.9387873e+02 6.4930010e+00
      endloop
   endfacet
   facet normal 1.5160373e-01 -9.8844135e-01 0.0000000e+00
      outer loop
         vertex 2.1416745e+02 8.9387873e+02 6.4930010e+00
         vertex 2.1708705e+02 8.9432652e+02 1.0000000e-06
         vertex 2.1708705e+02 8.9432652e+02 7.4930010e+00
      endloop
   endfacet
   facet normal 1.5160373e-01 -9.8844135e-01 2.2476996e-13
      outer loop
         vertex 2.1416745e+02 8.9387873e+02 6.4930010e+00
         vertex 2.1708705e+02 8.9432652e+02 7.4930010e+00
         vertex 2.1416745e+02 8.9387873e+02 7.4930010e+00
      endloop
   endfacet
   facet normal 1.5686954e-01 -9.8761933e-01 0.0000000e+00
      outer loop
         vertex 2.1708705e+02 8.9432652e+02 7.4930010e+00
         vertex 2.1708705e+02 8.9432652e+02 1.0000000e-06
         vertex 2.2000423e+02 8.9478988e+02 7.4930010e+00
      endloop
   endfacet
   facet normal 1.5686954e-01 -9.8761933e-01 0.0000000e+00
      outer loop
         vertex 2.2000423e+02 8.9478988e+02 7.4930010e+00
         vertex 2.1708705e+02 8.9432652e+02 1.0000000e-06
         vertex 2.2000423e+02 8.9478988e+02 1.0000000e-06
      endloop
   endfacet
   facet normal 1.6213090e-01 -9.8676926e-01 0.0000000e+00
      outer loop
         vertex 2.2000423e+02 8.9478988e+02 7.4930010e+00
         vertex 2.2000423e+02 8.9478988e+02 1.0000000e-06
         vertex 2.2291890e+02 8.9526877e+02 7.4930010e+00
      endloop
   endfacet
   facet normal 1.6213090e-01 -9.8676926e-01 0.0000000e+00
      outer loop
         vertex 2.2291890e+02 8.9526877e+02 7.4930010e+00
         vertex 2.2000423e+02 8.9478988e+02 1.0000000e-06
         vertex 2.2291890e+02 8.9526877e+02 1.0000000e-06
      endloop
   endfacet
   facet normal -1.0000000e+00 -0.0000000e+00 -5.6843419e-14
      outer loop
         vertex 2.1416745e+02 8.9941473e+02 6.4930010e+00
         vertex 2.1416745e+02 8.9387873e+02 6.4930010e+00
         vertex 2.1416745e+02 8.9941473e+02 7.4930010e+00
      endloop
   endfacet
   facet normal -1.0000000e+00 -1.0267947e-14 2.3346608e-27
      outer loop
         vertex 2.1416745e+02 8.9941473e+02 7.4930010e+00
         vertex 2.1416745e+02 8.9387873e+02 6.4930010e+00
         vertex 2.1416745e+02 8.9387873e+02 7.4930010e+00
      endloop
   endfacet
   facet normal -1.5680974e-01 9.8762883e-01 0.0000000e+00
      outer loop
         vertex 2.2202402e+02 9.0062592e+02 7.4930010e+00
         vertex 2.2202402e+02 9.0062592e+02 1.0000000e-06
         vertex 2.1940699e+02 9.0021040e+02 7.4930010e+00
      endloop
   endfacet
   facet normal -1.5680974e-01 9.8762883e-01 0.0000000e+00
      outer loop
         vertex 2.1940699e+02 9.0021040e+02 7.4930010e+00
         vertex 2.2202402e+02 9.0062592e+02 1.0000000e-06
         vertex 2.1940699e+02 9.0021040e+02 1.0000000e-06
      endloop
   endfacet
   facet normal -1.5236260e-01 9.8832466e-01 0.0000000e+00
      outer loop
         vertex 2.1940699e+02 9.0021040e+02 7.4930010e+00
         vertex 2.1940699e+02 9.0021040e+02 1.0000000e-06
         vertex 2.1678812e+02 8.9980667e+02 7.4930010e+00
      endloop
   endfacet
   facet normal -1.5236260e-01 9.8832466e-01 0.0000000e+00
      outer loop
         vertex 2.1678812e+02 8.9980667e+02 7.4930010e+00
         vertex 2.1940699e+02 9.0021040e+02 1.0000000e-06
         vertex 2.1678812e+02 8.9980667e+02 1.0000000e-06
      endloop
   endfacet
   facet normal -1.4791236e-01 9.8900047e-01 0.0000000e+00
      outer loop
         vertex 2.1678812e+02 8.9980667e+02 7.4930010e+00
         vertex 2.1678812e+02 8.9980667e+02 1.0000000e-06
         vertex 2.1416745e+02 8.9941473e+02 6.4930010e+00
      endloop
   endfacet
   facet normal -1.4791236e-01 9.8900047e-01 0.0000000e+00
      outer loop
         vertex 2.1416745e+02 8.9941473e+02 6.4930010e+00
         vertex 2.1678812e+02 8.9980667e+02 1.0000000e-06
         vertex 2.1416745e+02 8.9941473e+02 1.0000000e-06
      endloop
   endfacet
   facet normal -1.4791236e-01 9.8900047e-01 -2.3328052e-13
      outer loop
         vertex 2.1416745e+02 8.9941473e+02 6.4930010e+00
         vertex 2.1416745e+02 8.9941473e+02 7.4930010e+00
         vertex 2.1678812e+02 8.9980667e+02 7.4930010e+00
      endloop
   endfacet
   facet normal -2.0108252e-01 -9.7957431e-01 -0.0000000e+00
      outer loop
         vertex 2.2202402e+02 8.5880761e+02 7.4930010e+00
         vertex 2.2202402e+02 8.5880761e+02 1.0000000e-06
         vertex 2.2749224e+02 8.5768512e+02 7.4930010e+00
      endloop
   endfacet
   facet normal -2.0108252e-01 -9.7957431e-01 0.0000000e+00
      outer loop
         vertex 2.2749224e+02 8.5768512e+02 7.4930010e+00
         vertex 2.2202402e+02 8.5880761e+02 1.0000000e-06
         vertex 2.2749224e+02 8.5768512e+02 1.0000000e-06
      endloop
   endfacet
   facet normal 5.0837937e-02 -9.9870692e-01 0.0000000e+00
      outer loop
         vertex 2.2749224e+02 8.5768512e+02 7.4930010e+00
         vertex 2.2749224e+02 8.5768512e+02 1.0000000e-06
         vertex 2.3306725e+02 8.5796891e+02 7.4930010e+00
      endloop
   endfacet
   facet normal 5.0837937e-02 -9.9870692e-01 0.0000000e+00
      outer loop
         vertex 2.3306725e+02 8.5796891e+02 7.4930010e+00
         vertex 2.2749224e+02 8.5768512e+02 1.0000000e-06
         vertex 2.3306725e+02 8.5796891e+02 1.0000000e-06
      endloop
   endfacet
   facet normal 2.9951341e-01 -9.5409209e-01 0.0000000e+00
      outer loop
         vertex 2.3306725e+02 8.5796891e+02 7.4930010e+00
         vertex 2.3306725e+02 8.5796891e+02 1.0000000e-06
         vertex 2.3839322e+02 8.5964087e+02 7.4930010e+00
      endloop
   endfacet
   facet normal 2.9951341e-01 -9.5409209e-01 0.0000000e+00
      outer loop
         vertex 2.3839322e+02 8.5964087e+02 7.4930010e+00
         vertex 2.3306725e+02 8.5796891e+02 1.0000000e-06
         vertex 2.3839322e+02 8.5964087e+02 1.0000000e-06
      endloop
   endfacet
   facet normal 5.2907094e-01 -8.4857760e-01 0.0000000e+00
      outer loop
         vertex 2.3839322e+02 8.5964087e+02 7.4930010e+00
         vertex 2.3839322e+02 8.5964087e+02 1.0000000e-06
         vertex 2.4313018e+02 8.6259427e+02 7.4930010e+00
      endloop
   endfacet
   facet normal 5.2907094e-01 -8.4857760e-01 0.0000000e+00
      outer loop
         vertex 2.4313018e+02 8.6259427e+02 7.4930010e+00
         vertex 2.3839322e+02 8.5964087e+02 1.0000000e-06
         vertex 2.4313018e+02 8.6259427e+02 1.0000000e-06
      endloop
   endfacet
   facet normal 7.2485790e-01 -6.8889842e-01 0.0000000e+00
      outer loop
         vertex 2.4313018e+02 8.6259427e+02 7.4930010e+00
         vertex 2.4313018e+02 8.6259427e+02 1.0000000e-06
         vertex 2.4697577e+02 8.6664059e+02 7.4930010e+00
      endloop
   endfacet
   facet normal 7.2485790e-01 -6.8889842e-01 0.0000000e+00
      outer loop
         vertex 2.4697577e+02 8.6664059e+02 7.4930010e+00
         vertex 2.4313018e+02 8.6259427e+02 1.0000000e-06
         vertex 2.4697577e+02 8.6664059e+02 1.0000000e-06
      endloop
   endfacet
   facet normal 8.7437719e-01 -4.8524687e-01 0.0000000e+00
      outer loop
         vertex 2.4697577e+02 8.6664059e+02 7.4930010e+00
         vertex 2.4697577e+02 8.6664059e+02 1.0000000e-06
         vertex 2.4968454e+02 8.7152157e+02 7.4930010e+00
      endloop
   endfacet
   facet normal 8.7437719e-01 -4.8524687e-01 0.0000000e+00
      outer loop
         vertex 2.4968454e+02 8.7152157e+02 7.4930010e+00
         vertex 2.4697577e+02 8.6664059e+02 1.0000000e-06
         vertex 2.4968454e+02 8.7152157e+02 1.0000000e-06
      endloop
   endfacet
   facet normal 9.6808501e-01 -2.5062204e-01 0.0000000e+00
      outer loop
         vertex 2.4968454e+02 8.7152157e+02 7.4930010e+00
         vertex 2.4968454e+02 8.7152157e+02 1.0000000e-06
         vertex 2.5108357e+02 8.7692565e+02 7.4930010e+00
      endloop
   endfacet
   facet normal 9.6808501e-01 -2.5062204e-01 0.0000000e+00
      outer loop
         vertex 2.5108357e+02 8.7692565e+02 7.4930010e+00
         vertex 2.4968454e+02 8.7152157e+02 1.0000000e-06
         vertex 2.5108357e+02 8.7692565e+02 1.0000000e-06
      endloop
   endfacet
   facet normal 1.0000000e+00 -2.4438994e-13 0.0000000e+00
      outer loop
         vertex 2.5108357e+02 8.7692565e+02 7.4930010e+00
         vertex 2.5108357e+02 8.7692565e+02 1.0000000e-06
         vertex 2.5108357e+02 8.8250789e+02 7.4930010e+00
      endloop
   endfacet
   facet normal 1.0000000e+00 -2.4438994e-13 0.0000000e+00
      outer loop
         vertex 2.5108357e+02 8.8250789e+02 7.4930010e+00
         vertex 2.5108357e+02 8.7692565e+02 1.0000000e-06
         vertex 2.5108357e+02 8.8250789e+02 1.0000000e-06
      endloop
   endfacet
   facet normal 9.6808501e-01 2.5062204e-01 0.0000000e+00
      outer loop
         vertex 2.5108357e+02 8.8250789e+02 7.4930010e+00
         vertex 2.5108357e+02 8.8250789e+02 1.0000000e-06
         vertex 2.4968454e+02 8.8791196e+02 7.4930010e+00
      endloop
   endfacet
   facet normal 9.6808501e-01 2.5062204e-01 0.0000000e+00
      outer loop
         vertex 2.4968454e+02 8.8791196e+02 7.4930010e+00
         vertex 2.5108357e+02 8.8250789e+02 1.0000000e-06
         vertex 2.4968454e+02 8.8791196e+02 1.0000000e-06
      endloop
   endfacet
   facet normal 8.7437719e-01 4.8524687e-01 0.0000000e+00
      outer loop
         vertex 2.4968454e+02 8.8791196e+02 7.4930010e+00
         vertex 2.4968454e+02 8.8791196e+02 1.0000000e-06
         vertex 2.4697577e+02 8.9279294e+02 7.4930010e+00
      endloop
   endfacet
   facet normal 8.7437719e-01 4.8524687e-01 0.0000000e+00
      outer loop
         vertex 2.4697577e+02 8.9279294e+02 7.4930010e+00
         vertex 2.4968454e+02 8.8791196e+02 1.0000000e-06
         vertex 2.4697577e+02 8.9279294e+02 1.0000000e-06
      endloop
   endfacet
   facet normal 7.2485790e-01 6.8889842e-01 0.0000000e+00
      outer loop
         vertex 2.4697577e+02 8.9279294e+02 7.4930010e+00
         vertex 2.4697577e+02 8.9279294e+02 1.0000000e-06
         vertex 2.4313018e+02 8.9683927e+02 7.4930010e+00
      endloop
   endfacet
   facet normal 7.2485790e-01 6.8889842e-01 0.0000000e+00
      outer loop
         vertex 2.4313018e+02 8.9683927e+02 7.4930010e+00
         vertex 2.4697577e+02 8.9279294e+02 1.0000000e-06
         vertex 2.4313018e+02 8.9683927e+02 1.0000000e-06
      endloop
   endfacet
   facet normal 5.2907094e-01 8.4857760e-01 0.0000000e+00
      outer loop
         vertex 2.4313018e+02 8.9683927e+02 7.4930010e+00
         vertex 2.4313018e+02 8.9683927e+02 1.0000000e-06
         vertex 2.3839322e+02 8.9979267e+02 7.4930010e+00
      endloop
   endfacet
   facet normal 5.2907094e-01 8.4857760e-01 0.0000000e+00
      outer loop
         vertex 2.3839322e+02 8.9979267e+02 7.4930010e+00
         vertex 2.4313018e+02 8.9683927e+02 1.0000000e-06
         vertex 2.3839322e+02 8.9979267e+02 1.0000000e-06
      endloop
   endfacet
   facet normal 2.9951341e-01 9.5409209e-01 0.0000000e+00
      outer loop
         vertex 2.3839322e+02 8.9979267e+02 7.4930010e+00
         vertex 2.3839322e+02 8.9979267e+02 1.0000000e-06
         vertex 2.3306725e+02 9.0146462e+02 7.4930010e+00
      endloop
   endfacet
   facet normal 2.9951341e-01 9.5409209e-01 0.0000000e+00
      outer loop
         vertex 2.3306725e+02 9.0146462e+02 7.4930010e+00
         vertex 2.3839322e+02 8.9979267e+02 1.0000000e-06
         vertex 2.3306725e+02 9.0146462e+02 1.0000000e-06
      endloop
   endfacet
   facet normal 5.0837937e-02 9.9870692e-01 0.0000000e+00
      outer loop
         vertex 2.3306725e+02 9.0146462e+02 7.4930010e+00
         vertex 2.3306725e+02 9.0146462e+02 1.0000000e-06
         vertex 2.2749224e+02 9.0174841e+02 7.4930010e+00
      endloop
   endfacet
   facet normal 5.0837937e-02 9.9870692e-01 0.0000000e+00
      outer loop
         vertex 2.2749224e+02 9.0174841e+02 7.4930010e+00
         vertex 2.3306725e+02 9.0146462e+02 1.0000000e-06
         vertex 2.2749224e+02 9.0174841e+02 1.0000000e-06
      endloop
   endfacet
   facet normal -2.0108252e-01 9.7957431e-01 0.0000000e+00
      outer loop
         vertex 2.2749224e+02 9.0174841e+02 7.4930010e+00
         vertex 2.2749224e+02 9.0174841e+02 1.0000000e-06
         vertex 2.2202402e+02 9.0062592e+02 7.4930010e+00
      endloop
   endfacet
   facet normal -2.0108252e-01 9.7957431e-01 0.0000000e+00
      outer loop
         vertex 2.2202402e+02 9.0062592e+02 7.4930010e+00
         vertex 2.2749224e+02 9.0174841e+02 1.0000000e-06
         vertex 2.2202402e+02 9.0062592e+02 1.0000000e-06
      endloop
   endfacet
   facet normal -1.4791236e-01 -9.8900047e-01 0.0000000e+00
      outer loop
         vertex 2.1416745e+02 8.6001880e+02 1.0000000e-06
         vertex 2.1678812e+02 8.5962686e+02 1.0000000e-06
         vertex 2.1416745e+02 8.6001880e+02 6.4930010e+00
      endloop
   endfacet
   facet normal -1.4791236e-01 -9.8900047e-01 0.0000000e+00
      outer loop
         vertex 2.1416745e+02 8.6001880e+02 6.4930010e+00
         vertex 2.1678812e+02 8.5962686e+02 1.0000000e-06
         vertex 2.1678812e+02 8.5962686e+02 7.4930010e+00
      endloop
   endfacet
   facet normal -1.4791236e-01 -9.8900047e-01 -1.1245467e-13
      outer loop
         vertex 2.1416745e+02 8.6001880e+02 6.4930010e+00
         vertex 2.1678812e+02 8.5962686e+02 7.4930010e+00
         vertex 2.1416745e+02 8.6001880e+02 7.4930010e+00
      endloop
   endfacet
   facet normal -1.5236260e-01 -9.8832466e-01 -0.0000000e+00
      outer loop
         vertex 2.1678812e+02 8.5962686e+02 7.4930010e+00
         vertex 2.1678812e+02 8.5962686e+02 1.0000000e-06
         vertex 2.1940699e+02 8.5922313e+02 7.4930010e+00
      endloop
   endfacet
   facet normal -1.5236260e-01 -9.8832466e-01 0.0000000e+00
      outer loop
         vertex 2.1940699e+02 8.5922313e+02 7.4930010e+00
         vertex 2.1678812e+02 8.5962686e+02 1.0000000e-06
         vertex 2.1940699e+02 8.5922313e+02 1.0000000e-06
      endloop
   endfacet
   facet normal -1.5680974e-01 -9.8762883e-01 -0.0000000e+00
      outer loop
         vertex 2.1940699e+02 8.5922313e+02 7.4930010e+00
         vertex 2.1940699e+02 8.5922313e+02 1.0000000e-06
         vertex 2.2202402e+02 8.5880761e+02 7.4930010e+00
      endloop
   endfacet
   facet normal -1.5680974e-01 -9.8762883e-01 0.0000000e+00
      outer loop
         vertex 2.2202402e+02 8.5880761e+02 7.4930010e+00
         vertex 2.1940699e+02 8.5922313e+02 1.0000000e-06
         vertex 2.2202402e+02 8.5880761e+02 1.0000000e-06
      endloop
   endfacet
   facet normal -1.0000000e+00 0.0000000e+00 0.0000000e+00
      outer loop
         vertex 2.1416745e+02 8.6555481e+02 6.4930010e+00
         vertex 2.1416745e+02 8.6001880e+02 6.4930010e+00
         vertex 2.1416745e+02 8.6555481e+02 7.4930010e+00
      endloop
   endfacet
   facet normal -1.0000000e+00 -0.0000000e+00 0.0000000e+00
      outer loop
         vertex 2.1416745e+02 8.6555481e+02 7.4930010e+00
         vertex 2.1416745e+02 8.6001880e+02 6.4930010e+00
         vertex 2.1416745e+02 8.6001880e+02 7.4930010e+00
      endloop
   endfacet
   facet normal 1.6213090e-01 9.8676926e-01 0.0000000e+00
      outer loop
         vertex 2.2291890e+02 8.6416476e+02 7.4930010e+00
         vertex 2.2291890e+02 8.6416476e+02 1.0000000e-06
         vertex 2.2000423e+02 8.6464366e+02 7.4930010e+00
      endloop
   endfacet
   facet normal 1.6213090e-01 9.8676926e-01 0.0000000e+00
      outer loop
         vertex 2.2000423e+02 8.6464366e+02 7.4930010e+00
         vertex 2.2291890e+02 8.6416476e+02 1.0000000e-06
         vertex 2.2000423e+02 8.6464366e+02 1.0000000e-06
      endloop
   endfacet
   facet normal 1.5686954e-01 9.8761933e-01 0.0000000e+00
      outer loop
         vertex 2.2000423e+02 8.6464366e+02 7.4930010e+00
         vertex 2.2000423e+02 8.6464366e+02 1.0000000e-06
         vertex 2.1708705e+02 8.6510701e+02 7.4930010e+00
      endloop
   endfacet
   facet normal 1.5686954e-01 9.8761933e-01 0.0000000e+00
      outer loop
         vertex 2.1708705e+02 8.6510701e+02 7.4930010e+00
         vertex 2.2000423e+02 8.6464366e+02 1.0000000e-06
         vertex 2.1708705e+02 8.6510701e+02 1.0000000e-06
      endloop
   endfacet
   facet normal 1.5160373e-01 9.8844135e-01 0.0000000e+00
      outer loop
         vertex 2.1708705e+02 8.6510701e+02 7.4930010e+00
         vertex 2.1708705e+02 8.6510701e+02 1.0000000e-06
         vertex 2.1416745e+02 8.6555481e+02 6.4930010e+00
      endloop
   endfacet
   facet normal 1.5160373e-01 9.8844135e-01 0.0000000e+00
      outer loop
         vertex 2.1416745e+02 8.6555481e+02 6.4930010e+00
         vertex 2.1708705e+02 8.6510701e+02 1.0000000e-06
         vertex 2.1416745e+02 8.6555481e+02 1.0000000e-06
      endloop
   endfacet
   facet normal 1.5160373e-01 9.8844135e-01 -0.0000000e+00
      outer loop
         vertex 2.1416745e+02 8.6555481e+02 6.4930010e+00
         vertex 2.1416745e+02 8.6555481e+02 7.4930010e+00
         vertex 2.1708705e+02 8.6510701e+02 7.4930010e+00
      endloop
   endfacet
   facet normal -9.7304282e-01 -2.3062453e-01 1.1063407e-14
      outer loop
         vertex 2.1429725e+02 8.7754736e+02 1.0000000e-06
         vertex 2.1524520e+02 8.7354779e+02 1.0000000e-06
         vertex 2.1429725e+02 8.7754736e+02 5.0000010e+00
      endloop
   endfacet
   facet normal -9.7821529e-01 -2.0660873e-01 -2.0191228e-02
      outer loop
         vertex 2.1429725e+02 8.7754736e+02 5.0000010e+00
         vertex 2.1524520e+02 8.7354779e+02 1.0000000e-06
         vertex 2.1476168e+02 8.7510483e+02 7.4930010e+00
      endloop
   endfacet
   facet normal -9.8239877e-01 -1.8679574e-01 -3.7385965e-14
      outer loop
         vertex 2.1429725e+02 8.7754736e+02 5.0000010e+00
         vertex 2.1476168e+02 8.7510483e+02 7.4930010e+00
         vertex 2.1429725e+02 8.7754736e+02 6.4930010e+00
      endloop
   endfacet
   facet normal -9.8104434e-01 -1.2640306e-01 1.4688180e-01
      outer loop
         vertex 2.1429725e+02 8.7754736e+02 6.4930010e+00
         vertex 2.1476168e+02 8.7510483e+02 7.4930010e+00
         vertex 2.1416745e+02 8.7971677e+02 7.4930010e+00
      endloop
   endfacet
   facet normal -9.9589454e-01 -7.9521266e-02 4.3248532e-02
      outer loop
         vertex 2.1429725e+02 8.7754736e+02 6.4930010e+00
         vertex 2.1416745e+02 8.7971677e+02 7.4930010e+00
         vertex 2.1418189e+02 8.7899210e+02 6.4930010e+00
      endloop
   endfacet
   facet normal -9.9989580e-01 0.0000000e+00 -1.4435812e-02
      outer loop
         vertex 2.1418189e+02 8.7899210e+02 6.4930010e+00
         vertex 2.1416745e+02 8.7971677e+02 7.4930010e+00
         vertex 2.1418189e+02 8.8044144e+02 6.4930010e+00
      endloop
   endfacet
   facet normal -9.9589454e-01 7.9521266e-02 4.3248532e-02
      outer loop
         vertex 2.1418189e+02 8.8044144e+02 6.4930010e+00
         vertex 2.1416745e+02 8.7971677e+02 7.4930010e+00
         vertex 2.1429725e+02 8.8188618e+02 6.4930010e+00
      endloop
   endfacet
   facet normal -9.8104434e-01 1.2640306e-01 1.4688180e-01
      outer loop
         vertex 2.1429725e+02 8.8188618e+02 6.4930010e+00
         vertex 2.1416745e+02 8.7971677e+02 7.4930010e+00
         vertex 2.1476168e+02 8.8432870e+02 7.4930010e+00
      endloop
   endfacet
   facet normal -9.8239877e-01 1.8679574e-01 -3.7445782e-14
      outer loop
         vertex 2.1429725e+02 8.8188618e+02 6.4930010e+00
         vertex 2.1476168e+02 8.8432870e+02 7.4930010e+00
         vertex 2.1429725e+02 8.8188618e+02 5.0000010e+00
      endloop
   endfacet
   facet normal -9.7821529e-01 2.0660873e-01 -2.0191228e-02
      outer loop
         vertex 2.1429725e+02 8.8188618e+02 5.0000010e+00
         vertex 2.1476168e+02 8.8432870e+02 7.4930010e+00
         vertex 2.1524520e+02 8.8588574e+02 1.0000000e-06
      endloop
   endfacet
   facet normal -9.7304282e-01 2.3062453e-01 1.1063407e-14
      outer loop
         vertex 2.1429725e+02 8.8188618e+02 5.0000010e+00
         vertex 2.1524520e+02 8.8588574e+02 1.0000000e-06
         vertex 2.1429725e+02 8.8188618e+02 1.0000000e-06
      endloop
   endfacet
   facet normal -9.2686478e-01 -3.7495849e-01 1.8105405e-02
      outer loop
         vertex 2.1476168e+02 8.7510483e+02 7.4930010e+00
         vertex 2.1524520e+02 8.7354779e+02 1.0000000e-06
         vertex 2.1650554e+02 8.7079415e+02 7.4930010e+00
      endloop
   endfacet
   facet normal -8.9637822e-01 -4.4312561e-01 -1.2073615e-02
      outer loop
         vertex 2.1650554e+02 8.7079415e+02 7.4930010e+00
         vertex 2.1524520e+02 8.7354779e+02 1.0000000e-06
         vertex 2.1706675e+02 8.6986307e+02 1.0000000e-06
      endloop
   endfacet
   facet normal -8.0159802e-01 -5.9769396e-01 1.4231691e-02
      outer loop
         vertex 2.1650554e+02 8.7079415e+02 7.4930010e+00
         vertex 2.1706675e+02 8.6986307e+02 1.0000000e-06
         vertex 2.1928514e+02 8.6706629e+02 7.4930010e+00
      endloop
   endfacet
   facet normal -7.7407212e-01 -6.3305742e-01 -7.1171801e-03
      outer loop
         vertex 2.1928514e+02 8.6706629e+02 7.4930010e+00
         vertex 2.1706675e+02 8.6986307e+02 1.0000000e-06
         vertex 2.1966891e+02 8.6668127e+02 1.0000000e-06
      endloop
   endfacet
   facet normal -6.2395491e-01 -7.8141738e-01 8.1949357e-03
      outer loop
         vertex 2.1928514e+02 8.6706629e+02 7.4930010e+00
         vertex 2.1966891e+02 8.6668127e+02 1.0000000e-06
         vertex 2.2291890e+02 8.6416476e+02 7.4930010e+00
      endloop
   endfacet
   facet normal -6.1223189e-01 -7.9067826e-01 0.0000000e+00
      outer loop
         vertex 2.2291890e+02 8.6416476e+02 7.4930010e+00
         vertex 2.1966891e+02 8.6668127e+02 1.0000000e-06
         vertex 2.2291890e+02 8.6416476e+02 1.0000000e-06
      endloop
   endfacet
   facet normal -9.2686478e-01 3.7495849e-01 1.8105405e-02
      outer loop
         vertex 2.1476168e+02 8.8432870e+02 7.4930010e+00
         vertex 2.1650554e+02 8.8863939e+02 7.4930010e+00
         vertex 2.1524520e+02 8.8588574e+02 1.0000000e-06
      endloop
   endfacet
   facet normal -8.9637822e-01 4.4312561e-01 -1.2073615e-02
      outer loop
         vertex 2.1524520e+02 8.8588574e+02 1.0000000e-06
         vertex 2.1650554e+02 8.8863939e+02 7.4930010e+00
         vertex 2.1706675e+02 8.8957046e+02 1.0000000e-06
      endloop
   endfacet
   facet normal -8.0159802e-01 5.9769396e-01 1.4231691e-02
      outer loop
         vertex 2.1706675e+02 8.8957046e+02 1.0000000e-06
         vertex 2.1650554e+02 8.8863939e+02 7.4930010e+00
         vertex 2.1928514e+02 8.9236724e+02 7.4930010e+00
      endloop
   endfacet
   facet normal -7.7407212e-01 6.3305742e-01 -7.1171801e-03
      outer loop
         vertex 2.1706675e+02 8.8957046e+02 1.0000000e-06
         vertex 2.1928514e+02 8.9236724e+02 7.4930010e+00
         vertex 2.1966891e+02 8.9275227e+02 1.0000000e-06
      endloop
   endfacet
   facet normal -6.2395491e-01 7.8141738e-01 8.1949357e-03
      outer loop
         vertex 2.1966891e+02 8.9275227e+02 1.0000000e-06
         vertex 2.1928514e+02 8.9236724e+02 7.4930010e+00
         vertex 2.2291890e+02 8.9526877e+02 7.4930010e+00
      endloop
   endfacet
   facet normal -6.1223189e-01 7.9067826e-01 0.0000000e+00
      outer loop
         vertex 2.1966891e+02 8.9275227e+02 1.0000000e-06
         vertex 2.2291890e+02 8.9526877e+02 7.4930010e+00
         vertex 2.2291890e+02 8.9526877e+02 1.0000000e-06
      endloop
   endfacet
   facet normal 0.0000000e+00 0.0000000e+00 1.0000000e+00
      outer loop
         vertex 2.2064763e+02 8.8285555e+02 7.4930010e+00
         vertex 2.1476168e+02 8.8432870e+02 7.4930010e+00
         vertex 2.2023440e+02 8.7971677e+02 7.4930010e+00
      endloop
   endfacet
   facet normal 0.0000000e+00 0.0000000e+00 1.0000000e+00
      outer loop
         vertex 2.2023440e+02 8.7971677e+02 7.4930010e+00
         vertex 2.1476168e+02 8.8432870e+02 7.4930010e+00
         vertex 2.1416745e+02 8.7971677e+02 7.4930010e+00
      endloop
   endfacet
   facet normal 0.0000000e+00 0.0000000e+00 1.0000000e+00
      outer loop
         vertex 2.2023440e+02 8.7971677e+02 7.4930010e+00
         vertex 2.1416745e+02 8.7971677e+02 7.4930010e+00
         vertex 2.1476168e+02 8.7510483e+02 7.4930010e+00
      endloop
   endfacet
   facet normal -0.0000000e+00 -0.0000000e+00 1.0000000e+00
      outer loop
         vertex 2.1476168e+02 8.8432870e+02 7.4930010e+00
         vertex 2.2064763e+02 8.8285555e+02 7.4930010e+00
         vertex 2.1650554e+02 8.8863939e+02 7.4930010e+00
      endloop
   endfacet
   facet normal -0.0000000e+00 0.0000000e+00 1.0000000e+00
      outer loop
         vertex 2.1650554e+02 8.8863939e+02 7.4930010e+00
         vertex 2.2064763e+02 8.8285555e+02 7.4930010e+00
         vertex 2.2185915e+02 8.8578044e+02 7.4930010e+00
      endloop
   endfacet
   facet normal -0.0000000e+00 -0.0000000e+00 1.0000000e+00
      outer loop
         vertex 2.1650554e+02 8.8863939e+02 7.4930010e+00
         vertex 2.2185915e+02 8.8578044e+02 7.4930010e+00
         vertex 2.1928514e+02 8.9236724e+02 7.4930010e+00
      endloop
   endfacet
   facet normal -0.0000000e+00 0.0000000e+00 1.0000000e+00
      outer loop
         vertex 2.1928514e+02 8.9236724e+02 7.4930010e+00
         vertex 2.2185915e+02 8.8578044e+02 7.4930010e+00
         vertex 2.2378641e+02 8.8829209e+02 7.4930010e+00
      endloop
   endfacet
   facet normal -0.0000000e+00 -0.0000000e+00 1.0000000e+00
      outer loop
         vertex 2.1928514e+02 8.9236724e+02 7.4930010e+00
         vertex 2.2378641e+02 8.8829209e+02 7.4930010e+00
         vertex 2.2291890e+02 8.9526877e+02 7.4930010e+00
      endloop
   endfacet
   facet normal -0.0000000e+00 0.0000000e+00 1.0000000e+00
      outer loop
         vertex 2.2291890e+02 8.9526877e+02 7.4930010e+00
         vertex 2.2378641e+02 8.8829209e+02 7.4930010e+00
         vertex 2.2629807e+02 8.9021935e+02 7.4930010e+00
      endloop
   endfacet
   facet normal -0.0000000e+00 0.0000000e+00 1.0000000e+00
      outer loop
         vertex 2.2291890e+02 8.9526877e+02 7.4930010e+00
         vertex 2.2629807e+02 8.9021935e+02 7.4930010e+00
         vertex 2.2922295e+02 8.9143088e+02 7.4930010e+00
      endloop
   endfacet
   facet normal 0.0000000e+00 -0.0000000e+00 1.0000000e+00
      outer loop
         vertex 2.3236173e+02 8.9184410e+02 7.4930010e+00
         vertex 2.3306725e+02 9.0146462e+02 7.4930010e+00
         vertex 2.2922295e+02 8.9143088e+02 7.4930010e+00
      endloop
   endfacet
   facet normal 0.0000000e+00 -0.0000000e+00 1.0000000e+00
      outer loop
         vertex 2.2922295e+02 8.9143088e+02 7.4930010e+00
         vertex 2.3306725e+02 9.0146462e+02 7.4930010e+00
         vertex 2.2749224e+02 9.0174841e+02 7.4930010e+00
      endloop
   endfacet
   facet normal 0.0000000e+00 0.0000000e+00 1.0000000e+00
      outer loop
         vertex 2.2922295e+02 8.9143088e+02 7.4930010e+00
         vertex 2.2749224e+02 9.0174841e+02 7.4930010e+00
         vertex 2.2291890e+02 8.9526877e+02 7.4930010e+00
      endloop
   endfacet
   facet normal 0.0000000e+00 -0.0000000e+00 1.0000000e+00
      outer loop
         vertex 2.2291890e+02 8.9526877e+02 7.4930010e+00
         vertex 2.2749224e+02 9.0174841e+02 7.4930010e+00
         vertex 2.2202402e+02 9.0062592e+02 7.4930010e+00
      endloop
   endfacet
   facet normal 0.0000000e+00 0.0000000e+00 1.0000000e+00
      outer loop
         vertex 2.2291890e+02 8.9526877e+02 7.4930010e+00
         vertex 2.2202402e+02 9.0062592e+02 7.4930010e+00
         vertex 2.2000423e+02 8.9478988e+02 7.4930010e+00
      endloop
   endfacet
   facet normal 0.0000000e+00 -0.0000000e+00 1.0000000e+00
      outer loop
         vertex 2.2000423e+02 8.9478988e+02 7.4930010e+00
         vertex 2.2202402e+02 9.0062592e+02 7.4930010e+00
         vertex 2.1940699e+02 9.0021040e+02 7.4930010e+00
      endloop
   endfacet
   facet normal 0.0000000e+00 0.0000000e+00 1.0000000e+00
      outer loop
         vertex 2.2000423e+02 8.9478988e+02 7.4930010e+00
         vertex 2.1940699e+02 9.0021040e+02 7.4930010e+00
         vertex 2.1678812e+02 8.9980667e+02 7.4930010e+00
      endloop
   endfacet
   facet normal -0.0000000e+00 -0.0000000e+00 1.0000000e+00
      outer loop
         vertex 2.3236173e+02 8.9184410e+02 7.4930010e+00
         vertex 2.3550052e+02 8.9143088e+02 7.4930010e+00
         vertex 2.3306725e+02 9.0146462e+02 7.4930010e+00
      endloop
   endfacet
   facet normal -0.0000000e+00 0.0000000e+00 1.0000000e+00
      outer loop
         vertex 2.3306725e+02 9.0146462e+02 7.4930010e+00
         vertex 2.3550052e+02 8.9143088e+02 7.4930010e+00
         vertex 2.3839322e+02 8.9979267e+02 7.4930010e+00
      endloop
   endfacet
   facet normal 0.0000000e+00 0.0000000e+00 1.0000000e+00
      outer loop
         vertex 2.3839322e+02 8.9979267e+02 7.4930010e+00
         vertex 2.3550052e+02 8.9143088e+02 7.4930010e+00
         vertex 2.3842540e+02 8.9021935e+02 7.4930010e+00
      endloop
   endfacet
   facet normal -0.0000000e+00 0.0000000e+00 1.0000000e+00
      outer loop
         vertex 2.3839322e+02 8.9979267e+02 7.4930010e+00
         vertex 2.3842540e+02 8.9021935e+02 7.4930010e+00
         vertex 2.4313018e+02 8.9683927e+02 7.4930010e+00
      endloop
   endfacet
   facet normal 0.0000000e+00 0.0000000e+00 1.0000000e+00
      outer loop
         vertex 2.4313018e+02 8.9683927e+02 7.4930010e+00
         vertex 2.3842540e+02 8.9021935e+02 7.4930010e+00
         vertex 2.4093706e+02 8.8829209e+02 7.4930010e+00
      endloop
   endfacet
   facet normal -0.0000000e+00 0.0000000e+00 1.0000000e+00
      outer loop
         vertex 2.4313018e+02 8.9683927e+02 7.4930010e+00
         vertex 2.4093706e+02 8.8829209e+02 7.4930010e+00
         vertex 2.4697577e+02 8.9279294e+02 7.4930010e+00
      endloop
   endfacet
   facet normal 0.0000000e+00 0.0000000e+00 1.0000000e+00
      outer loop
         vertex 2.4697577e+02 8.9279294e+02 7.4930010e+00
         vertex 2.4093706e+02 8.8829209e+02 7.4930010e+00
         vertex 2.4286432e+02 8.8578044e+02 7.4930010e+00
      endloop
   endfacet
   facet normal -0.0000000e+00 0.0000000e+00 1.0000000e+00
      outer loop
         vertex 2.4697577e+02 8.9279294e+02 7.4930010e+00
         vertex 2.4286432e+02 8.8578044e+02 7.4930010e+00
         vertex 2.4968454e+02 8.8791196e+02 7.4930010e+00
      endloop
   endfacet
   facet normal 0.0000000e+00 0.0000000e+00 1.0000000e+00
      outer loop
         vertex 2.4968454e+02 8.8791196e+02 7.4930010e+00
         vertex 2.4286432e+02 8.8578044e+02 7.4930010e+00
         vertex 2.4407584e+02 8.8285555e+02 7.4930010e+00
      endloop
   endfacet
   facet normal 0.0000000e+00 0.0000000e+00 1.0000000e+00
      outer loop
         vertex 2.4968454e+02 8.8791196e+02 7.4930010e+00
         vertex 2.4407584e+02 8.8285555e+02 7.4930010e+00
         vertex 2.5108357e+02 8.8250789e+02 7.4930010e+00
      endloop
   endfacet
   facet normal 0.0000000e+00 0.0000000e+00 1.0000000e+00
      outer loop
         vertex 2.5108357e+02 8.8250789e+02 7.4930010e+00
         vertex 2.4407584e+02 8.8285555e+02 7.4930010e+00
         vertex 2.4448907e+02 8.7971677e+02 7.4930010e+00
      endloop
   endfacet
   facet normal 0.0000000e+00 0.0000000e+00 1.0000000e+00
      outer loop
         vertex 2.5108357e+02 8.8250789e+02 7.4930010e+00
         vertex 2.4448907e+02 8.7971677e+02 7.4930010e+00
         vertex 2.5108357e+02 8.7692565e+02 7.4930010e+00
      endloop
   endfacet
   facet normal 0.0000000e+00 0.0000000e+00 1.0000000e+00
      outer loop
         vertex 2.5108357e+02 8.7692565e+02 7.4930010e+00
         vertex 2.4448907e+02 8.7971677e+02 7.4930010e+00
         vertex 2.4407584e+02 8.7657798e+02 7.4930010e+00
      endloop
   endfacet
   facet normal 0.0000000e+00 0.0000000e+00 1.0000000e+00
      outer loop
         vertex 2.5108357e+02 8.7692565e+02 7.4930010e+00
         vertex 2.4407584e+02 8.7657798e+02 7.4930010e+00
         vertex 2.4968454e+02 8.7152157e+02 7.4930010e+00
      endloop
   endfacet
   facet normal 0.0000000e+00 0.0000000e+00 1.0000000e+00
      outer loop
         vertex 2.4968454e+02 8.7152157e+02 7.4930010e+00
         vertex 2.4407584e+02 8.7657798e+02 7.4930010e+00
         vertex 2.4286432e+02 8.7365310e+02 7.4930010e+00
      endloop
   endfacet
   facet normal 0.0000000e+00 0.0000000e+00 1.0000000e+00
      outer loop
         vertex 2.4968454e+02 8.7152157e+02 7.4930010e+00
         vertex 2.4286432e+02 8.7365310e+02 7.4930010e+00
         vertex 2.4697577e+02 8.6664059e+02 7.4930010e+00
      endloop
   endfacet
   facet normal 0.0000000e+00 0.0000000e+00 1.0000000e+00
      outer loop
         vertex 2.4697577e+02 8.6664059e+02 7.4930010e+00
         vertex 2.4286432e+02 8.7365310e+02 7.4930010e+00
         vertex 2.4093706e+02 8.7114145e+02 7.4930010e+00
      endloop
   endfacet
   facet normal 0.0000000e+00 0.0000000e+00 1.0000000e+00
      outer loop
         vertex 2.4697577e+02 8.6664059e+02 7.4930010e+00
         vertex 2.4093706e+02 8.7114145e+02 7.4930010e+00
         vertex 2.4313018e+02 8.6259427e+02 7.4930010e+00
      endloop
   endfacet
   facet normal 0.0000000e+00 0.0000000e+00 1.0000000e+00
      outer loop
         vertex 2.4313018e+02 8.6259427e+02 7.4930010e+00
         vertex 2.4093706e+02 8.7114145e+02 7.4930010e+00
         vertex 2.3842540e+02 8.6921419e+02 7.4930010e+00
      endloop
   endfacet
   facet normal 0.0000000e+00 0.0000000e+00 1.0000000e+00
      outer loop
         vertex 2.4313018e+02 8.6259427e+02 7.4930010e+00
         vertex 2.3842540e+02 8.6921419e+02 7.4930010e+00
         vertex 2.3839322e+02 8.5964087e+02 7.4930010e+00
      endloop
   endfacet
   facet normal 0.0000000e+00 -0.0000000e+00 1.0000000e+00
      outer loop
         vertex 2.3839322e+02 8.5964087e+02 7.4930010e+00
         vertex 2.3842540e+02 8.6921419e+02 7.4930010e+00
         vertex 2.3550052e+02 8.6800266e+02 7.4930010e+00
      endloop
   endfacet
   facet normal 0.0000000e+00 0.0000000e+00 1.0000000e+00
      outer loop
         vertex 2.3839322e+02 8.5964087e+02 7.4930010e+00
         vertex 2.3550052e+02 8.6800266e+02 7.4930010e+00
         vertex 2.3306725e+02 8.5796891e+02 7.4930010e+00
      endloop
   endfacet
   facet normal 0.0000000e+00 -0.0000000e+00 1.0000000e+00
      outer loop
         vertex 2.3306725e+02 8.5796891e+02 7.4930010e+00
         vertex 2.3550052e+02 8.6800266e+02 7.4930010e+00
         vertex 2.3236173e+02 8.6758943e+02 7.4930010e+00
      endloop
   endfacet
   facet normal 0.0000000e+00 0.0000000e+00 1.0000000e+00
      outer loop
         vertex 2.3306725e+02 8.5796891e+02 7.4930010e+00
         vertex 2.3236173e+02 8.6758943e+02 7.4930010e+00
         vertex 2.2922295e+02 8.6800266e+02 7.4930010e+00
      endloop
   endfacet
   facet normal -0.0000000e+00 0.0000000e+00 1.0000000e+00
      outer loop
         vertex 2.2629807e+02 8.6921419e+02 7.4930010e+00
         vertex 2.2291890e+02 8.6416476e+02 7.4930010e+00
         vertex 2.2922295e+02 8.6800266e+02 7.4930010e+00
      endloop
   endfacet
   facet normal 0.0000000e+00 0.0000000e+00 1.0000000e+00
      outer loop
         vertex 2.2922295e+02 8.6800266e+02 7.4930010e+00
         vertex 2.2291890e+02 8.6416476e+02 7.4930010e+00
         vertex 2.2749224e+02 8.5768512e+02 7.4930010e+00
      endloop
   endfacet
   facet normal -0.0000000e+00 0.0000000e+00 1.0000000e+00
      outer loop
         vertex 2.2922295e+02 8.6800266e+02 7.4930010e+00
         vertex 2.2749224e+02 8.5768512e+02 7.4930010e+00
         vertex 2.3306725e+02 8.5796891e+02 7.4930010e+00
      endloop
   endfacet
   facet normal 0.0000000e+00 0.0000000e+00 1.0000000e+00
      outer loop
         vertex 2.2629807e+02 8.6921419e+02 7.4930010e+00
         vertex 2.2378641e+02 8.7114145e+02 7.4930010e+00
         vertex 2.2291890e+02 8.6416476e+02 7.4930010e+00
      endloop
   endfacet
   facet normal 0.0000000e+00 -0.0000000e+00 1.0000000e+00
      outer loop
         vertex 2.2291890e+02 8.6416476e+02 7.4930010e+00
         vertex 2.2378641e+02 8.7114145e+02 7.4930010e+00
         vertex 2.1928514e+02 8.6706629e+02 7.4930010e+00
      endloop
   endfacet
   facet normal 0.0000000e+00 -0.0000000e+00 1.0000000e+00
      outer loop
         vertex 2.1928514e+02 8.6706629e+02 7.4930010e+00
         vertex 2.2378641e+02 8.7114145e+02 7.4930010e+00
         vertex 2.2185915e+02 8.7365310e+02 7.4930010e+00
      endloop
   endfacet
   facet normal 0.0000000e+00 -0.0000000e+00 1.0000000e+00
      outer loop
         vertex 2.1928514e+02 8.6706629e+02 7.4930010e+00
         vertex 2.2185915e+02 8.7365310e+02 7.4930010e+00
         vertex 2.1650554e+02 8.7079415e+02 7.4930010e+00
      endloop
   endfacet
   facet normal 0.0000000e+00 -0.0000000e+00 1.0000000e+00
      outer loop
         vertex 2.1650554e+02 8.7079415e+02 7.4930010e+00
         vertex 2.2185915e+02 8.7365310e+02 7.4930010e+00
         vertex 2.2064763e+02 8.7657798e+02 7.4930010e+00
      endloop
   endfacet
   facet normal 0.0000000e+00 -0.0000000e+00 1.0000000e+00
      outer loop
         vertex 2.1650554e+02 8.7079415e+02 7.4930010e+00
         vertex 2.2064763e+02 8.7657798e+02 7.4930010e+00
         vertex 2.1476168e+02 8.7510483e+02 7.4930010e+00
      endloop
   endfacet
   facet normal 0.0000000e+00 -0.0000000e+00 1.0000000e+00
      outer loop
         vertex 2.1476168e+02 8.7510483e+02 7.4930010e+00
         vertex 2.2064763e+02 8.7657798e+02 7.4930010e+00
         vertex 2.2023440e+02 8.7971677e+02 7.4930010e+00
      endloop
   endfacet
   facet normal 0.0000000e+00 0.0000000e+00 1.0000000e+00
      outer loop
         vertex 2.2749224e+02 8.5768512e+02 7.4930010e+00
         vertex 2.2291890e+02 8.6416476e+02 7.4930010e+00
         vertex 2.2202402e+02 8.5880761e+02 7.4930010e+00
      endloop
   endfacet
   facet normal 0.0000000e+00 -0.0000000e+00 1.0000000e+00
      outer loop
         vertex 2.2202402e+02 8.5880761e+02 7.4930010e+00
         vertex 2.2291890e+02 8.6416476e+02 7.4930010e+00
         vertex 2.2000423e+02 8.6464366e+02 7.4930010e+00
      endloop
   endfacet
   facet normal 0.0000000e+00 0.0000000e+00 1.0000000e+00
      outer loop
         vertex 2.2202402e+02 8.5880761e+02 7.4930010e+00
         vertex 2.2000423e+02 8.6464366e+02 7.4930010e+00
         vertex 2.1940699e+02 8.5922313e+02 7.4930010e+00
      endloop
   endfacet
   facet normal 0.0000000e+00 -0.0000000e+00 1.0000000e+00
      outer loop
         vertex 2.1940699e+02 8.5922313e+02 7.4930010e+00
         vertex 2.2000423e+02 8.6464366e+02 7.4930010e+00
         vertex 2.1678812e+02 8.5962686e+02 7.4930010e+00
      endloop
   endfacet
   facet normal 0.0000000e+00 -0.0000000e+00 1.0000000e+00
      outer loop
         vertex 2.1678812e+02 8.5962686e+02 7.4930010e+00
         vertex 2.2000423e+02 8.6464366e+02 7.4930010e+00
         vertex 2.1708705e+02 8.6510701e+02 7.4930010e+00
      endloop
   endfacet
   facet normal 0.0000000e+00 -0.0000000e+00 1.0000000e+00
      outer loop
         vertex 2.1678812e+02 8.5962686e+02 7.4930010e+00
         vertex 2.1708705e+02 8.6510701e+02 7.4930010e+00
         vertex 2.1416745e+02 8.6001880e+02 7.4930010e+00
      endloop
   endfacet
   facet normal 0.0000000e+00 -0.0000000e+00 1.0000000e+00
      outer loop
         vertex 2.1416745e+02 8.6001880e+02 7.4930010e+00
         vertex 2.1708705e+02 8.6510701e+02 7.4930010e+00
         vertex 2.1416745e+02 8.6555481e+02 7.4930010e+00
      endloop
   endfacet
   facet normal 0.0000000e+00 0.0000000e+00 1.0000000e+00
      outer loop
         vertex 2.2000423e+02 8.9478988e+02 7.4930010e+00
         vertex 2.1678812e+02 8.9980667e+02 7.4930010e+00
         vertex 2.1708705e+02 8.9432652e+02 7.4930010e+00
      endloop
   endfacet
   facet normal 0.0000000e+00 0.0000000e+00 1.0000000e+00
      outer loop
         vertex 2.1708705e+02 8.9432652e+02 7.4930010e+00
         vertex 2.1678812e+02 8.9980667e+02 7.4930010e+00
         vertex 2.1416745e+02 8.9941473e+02 7.4930010e+00
      endloop
   endfacet
   facet normal 0.0000000e+00 0.0000000e+00 1.0000000e+00
      outer loop
         vertex 2.1708705e+02 8.9432652e+02 7.4930010e+00
         vertex 2.1416745e+02 8.9941473e+02 7.4930010e+00
         vertex 2.1416745e+02 8.9387873e+02 7.4930010e+00
      endloop
   endfacet
   facet normal 0.0000000e+00 -1.0000000e+00 0.0000000e+00
      outer loop
         vertex 9.0128699e+01 8.7754736e+02 1.0000000e-06
         vertex 1.0515860e+02 8.7754736e+02 1.0000000e-06
         vertex 9.0128699e+01 8.7754736e+02 5.0000010e+00
      endloop
   endfacet
   facet normal 0.0000000e+00 -1.0000000e+00 0.0000000e+00
      outer loop
         vertex 9.0128699e+01 8.7754736e+02 5.0000010e+00
         vertex 1.0515860e+02 8.7754736e+02 1.0000000e-06
         vertex 1.0515860e+02 8.7754736e+02 5.0000010e+00
      endloop
   endfacet
   facet normal 0.0000000e+00 -1.0000000e+00 0.0000000e+00
      outer loop
         vertex 9.0128699e+01 8.7754736e+02 5.0000010e+00
         vertex 1.0515860e+02 8.7754736e+02 5.0000010e+00
         vertex 3.4403494e+01 8.7754736e+02 6.4930010e+00
      endloop
   endfacet
   facet normal 0.0000000e+00 -1.0000000e+00 0.0000000e+00
      outer loop
         vertex 3.4403494e+01 8.7754736e+02 6.4930010e+00
         vertex 1.0515860e+02 8.7754736e+02 5.0000010e+00
         vertex 1.0842196e+02 8.7754736e+02 5.0000010e+00
      endloop
   endfacet
   facet normal 0.0000000e+00 -1.0000000e+00 0.0000000e+00
      outer loop
         vertex 3.4403494e+01 8.7754736e+02 6.4930010e+00
         vertex 1.0842196e+02 8.7754736e+02 5.0000010e+00
         vertex 1.2179507e+02 8.7754736e+02 5.0000010e+00
      endloop
   endfacet
   facet normal -0.0000000e+00 -1.0000000e+00 -0.0000000e+00
      outer loop
         vertex 1.2179507e+02 8.7754736e+02 5.0000010e+00
         vertex 1.0842196e+02 8.7754736e+02 5.0000010e+00
         vertex 1.2179507e+02 8.7754736e+02 1.0000000e-06
      endloop
   endfacet
   facet normal -0.0000000e+00 -1.0000000e+00 -0.0000000e+00
      outer loop
         vertex 1.2179507e+02 8.7754736e+02 1.0000000e-06
         vertex 1.0842196e+02 8.7754736e+02 5.0000010e+00
         vertex 1.0842196e+02 8.7754736e+02 1.0000000e-06
      endloop
   endfacet
   facet normal 0.0000000e+00 -1.0000000e+00 0.0000000e+00
      outer loop
         vertex 1.2179507e+02 8.7754736e+02 5.0000010e+00
         vertex 1.2493491e+02 8.7754736e+02 5.0000010e+00
         vertex 3.4403494e+01 8.7754736e+02 6.4930010e+00
      endloop
   endfacet
   facet normal 0.0000000e+00 -1.0000000e+00 0.0000000e+00
      outer loop
         vertex 3.4403494e+01 8.7754736e+02 6.4930010e+00
         vertex 1.2493491e+02 8.7754736e+02 5.0000010e+00
         vertex 2.1429725e+02 8.7754736e+02 6.4930010e+00
      endloop
   endfacet
   facet normal 0.0000000e+00 -1.0000000e+00 -0.0000000e+00
      outer loop
         vertex 2.1429725e+02 8.7754736e+02 6.4930010e+00
         vertex 1.2493491e+02 8.7754736e+02 5.0000010e+00
         vertex 1.3553567e+02 8.7754736e+02 5.0000010e+00
      endloop
   endfacet
   facet normal 0.0000000e+00 -1.0000000e+00 -0.0000000e+00
      outer loop
         vertex 2.1429725e+02 8.7754736e+02 6.4930010e+00
         vertex 1.3553567e+02 8.7754736e+02 5.0000010e+00
         vertex 1.3845092e+02 8.7754736e+02 5.0000010e+00
      endloop
   endfacet
   facet normal 0.0000000e+00 -1.0000000e+00 0.0000000e+00
      outer loop
         vertex 1.2493491e+02 8.7754736e+02 1.0000000e-06
         vertex 1.3553567e+02 8.7754736e+02 1.0000000e-06
         vertex 1.2493491e+02 8.7754736e+02 5.0000010e+00
      endloop
   endfacet
   facet normal 0.0000000e+00 -1.0000000e+00 0.0000000e+00
      outer loop
         vertex 1.2493491e+02 8.7754736e+02 5.0000010e+00
         vertex 1.3553567e+02 8.7754736e+02 1.0000000e-06
         vertex 1.3553567e+02 8.7754736e+02 5.0000010e+00
      endloop
   endfacet
   facet normal 0.0000000e+00 -1.0000000e+00 0.0000000e+00
      outer loop
         vertex 1.3845092e+02 8.7754736e+02 1.0000000e-06
         vertex 1.4861560e+02 8.7754736e+02 1.0000000e-06
         vertex 1.3845092e+02 8.7754736e+02 5.0000010e+00
      endloop
   endfacet
   facet normal 0.0000000e+00 -1.0000000e+00 0.0000000e+00
      outer loop
         vertex 1.3845092e+02 8.7754736e+02 5.0000010e+00
         vertex 1.4861560e+02 8.7754736e+02 1.0000000e-06
         vertex 1.4861560e+02 8.7754736e+02 5.0000010e+00
      endloop
   endfacet
   facet normal 0.0000000e+00 -1.0000000e+00 0.0000000e+00
      outer loop
         vertex 1.3845092e+02 8.7754736e+02 5.0000010e+00
         vertex 1.4861560e+02 8.7754736e+02 5.0000010e+00
         vertex 2.1429725e+02 8.7754736e+02 6.4930010e+00
      endloop
   endfacet
   facet normal 0.0000000e+00 -1.0000000e+00 -0.0000000e+00
      outer loop
         vertex 2.1429725e+02 8.7754736e+02 6.4930010e+00
         vertex 1.4861560e+02 8.7754736e+02 5.0000010e+00
         vertex 1.5151722e+02 8.7754736e+02 5.0000010e+00
      endloop
   endfacet
   facet normal 0.0000000e+00 -1.0000000e+00 -0.0000000e+00
      outer loop
         vertex 2.1429725e+02 8.7754736e+02 6.4930010e+00
         vertex 1.5151722e+02 8.7754736e+02 5.0000010e+00
         vertex 1.6216842e+02 8.7754736e+02 5.0000010e+00
      endloop
   endfacet
   facet normal -0.0000000e+00 -1.0000000e+00 -0.0000000e+00
      outer loop
         vertex 1.6216842e+02 8.7754736e+02 5.0000010e+00
         vertex 1.5151722e+02 8.7754736e+02 5.0000010e+00
         vertex 1.6216842e+02 8.7754736e+02 1.0000000e-06
      endloop
   endfacet
   facet normal -0.0000000e+00 -1.0000000e+00 -0.0000000e+00
      outer loop
         vertex 1.6216842e+02 8.7754736e+02 1.0000000e-06
         vertex 1.5151722e+02 8.7754736e+02 5.0000010e+00
         vertex 1.5151722e+02 8.7754736e+02 1.0000000e-06
      endloop
   endfacet
   facet normal 0.0000000e+00 -1.0000000e+00 0.0000000e+00
      outer loop
         vertex 1.6216842e+02 8.7754736e+02 5.0000010e+00
         vertex 1.6509203e+02 8.7754736e+02 5.0000010e+00
         vertex 2.1429725e+02 8.7754736e+02 6.4930010e+00
      endloop
   endfacet
   facet normal 0.0000000e+00 -1.0000000e+00 -0.0000000e+00
      outer loop
         vertex 2.1429725e+02 8.7754736e+02 6.4930010e+00
         vertex 1.6509203e+02 8.7754736e+02 5.0000010e+00
         vertex 1.7910638e+02 8.7754736e+02 5.0000010e+00
      endloop
   endfacet
   facet normal 0.0000000e+00 -1.0000000e+00 -0.0000000e+00
      outer loop
         vertex 2.1429725e+02 8.7754736e+02 6.4930010e+00
         vertex 1.7910638e+02 8.7754736e+02 5.0000010e+00
         vertex 1.8194382e+02 8.7754736e+02 5.0000010e+00
      endloop
   endfacet
   facet normal 0.0000000e+00 -1.0000000e+00 0.0000000e+00
      outer loop
         vertex 1.6509203e+02 8.7754736e+02 1.0000000e-06
         vertex 1.7910638e+02 8.7754736e+02 1.0000000e-06
         vertex 1.6509203e+02 8.7754736e+02 5.0000010e+00
      endloop
   endfacet
   facet normal 0.0000000e+00 -1.0000000e+00 0.0000000e+00
      outer loop
         vertex 1.6509203e+02 8.7754736e+02 5.0000010e+00
         vertex 1.7910638e+02 8.7754736e+02 1.0000000e-06
         vertex 1.7910638e+02 8.7754736e+02 5.0000010e+00
      endloop
   endfacet
   facet normal 0.0000000e+00 -1.0000000e+00 0.0000000e+00
      outer loop
         vertex 1.8194382e+02 8.7754736e+02 1.0000000e-06
         vertex 1.9668067e+02 8.7754736e+02 1.0000000e-06
         vertex 1.8194382e+02 8.7754736e+02 5.0000010e+00
      endloop
   endfacet
   facet normal 0.0000000e+00 -1.0000000e+00 0.0000000e+00
      outer loop
         vertex 1.8194382e+02 8.7754736e+02 5.0000010e+00
         vertex 1.9668067e+02 8.7754736e+02 1.0000000e-06
         vertex 1.9668067e+02 8.7754736e+02 5.0000010e+00
      endloop
   endfacet
   facet normal 0.0000000e+00 -1.0000000e+00 0.0000000e+00
      outer loop
         vertex 1.8194382e+02 8.7754736e+02 5.0000010e+00
         vertex 1.9668067e+02 8.7754736e+02 5.0000010e+00
         vertex 2.1429725e+02 8.7754736e+02 6.4930010e+00
      endloop
   endfacet
   facet normal 0.0000000e+00 -1.0000000e+00 -0.0000000e+00
      outer loop
         vertex 2.1429725e+02 8.7754736e+02 6.4930010e+00
         vertex 1.9668067e+02 8.7754736e+02 5.0000010e+00
         vertex 1.9927686e+02 8.7754736e+02 5.0000010e+00
      endloop
   endfacet
   facet normal 0.0000000e+00 -1.0000000e+00 -0.0000000e+00
      outer loop
         vertex 2.1429725e+02 8.7754736e+02 6.4930010e+00
         vertex 1.9927686e+02 8.7754736e+02 5.0000010e+00
         vertex 2.1150342e+02 8.7754736e+02 5.0000010e+00
      endloop
   endfacet
   facet normal -0.0000000e+00 -1.0000000e+00 -0.0000000e+00
      outer loop
         vertex 2.1150342e+02 8.7754736e+02 5.0000010e+00
         vertex 1.9927686e+02 8.7754736e+02 5.0000010e+00
         vertex 2.1150342e+02 8.7754736e+02 1.0000000e-06
      endloop
   endfacet
   facet normal -0.0000000e+00 -1.0000000e+00 -0.0000000e+00
      outer loop
         vertex 2.1150342e+02 8.7754736e+02 1.0000000e-06
         vertex 1.9927686e+02 8.7754736e+02 5.0000010e+00
         vertex 1.9927686e+02 8.7754736e+02 1.0000000e-06
      endloop
   endfacet
   facet normal 0.0000000e+00 -1.0000000e+00 0.0000000e+00
      outer loop
         vertex 2.1150342e+02 8.7754736e+02 5.0000010e+00
         vertex 2.1429725e+02 8.7754736e+02 5.0000010e+00
         vertex 2.1429725e+02 8.7754736e+02 6.4930010e+00
      endloop
   endfacet
   facet normal 0.0000000e+00 -1.0000000e+00 0.0000000e+00
      outer loop
         vertex 3.4403494e+01 8.7754736e+02 1.0000000e-06
         vertex 4.6696733e+01 8.7754736e+02 5.0000010e+00
         vertex 3.4403494e+01 8.7754736e+02 6.4930010e+00
      endloop
   endfacet
   facet normal 0.0000000e+00 -1.0000000e+00 0.0000000e+00
      outer loop
         vertex 3.4403494e+01 8.7754736e+02 6.4930010e+00
         vertex 4.6696733e+01 8.7754736e+02 5.0000010e+00
         vertex 4.9388187e+01 8.7754736e+02 5.0000010e+00
      endloop
   endfacet
   facet normal 0.0000000e+00 -1.0000000e+00 0.0000000e+00
      outer loop
         vertex 3.4403494e+01 8.7754736e+02 6.4930010e+00
         vertex 4.9388187e+01 8.7754736e+02 5.0000010e+00
         vertex 6.4924806e+01 8.7754736e+02 5.0000010e+00
      endloop
   endfacet
   facet normal -0.0000000e+00 -1.0000000e+00 -0.0000000e+00
      outer loop
         vertex 6.4924806e+01 8.7754736e+02 5.0000010e+00
         vertex 4.9388187e+01 8.7754736e+02 5.0000010e+00
         vertex 6.4924806e+01 8.7754736e+02 1.0000000e-06
      endloop
   endfacet
   facet normal -0.0000000e+00 -1.0000000e+00 -0.0000000e+00
      outer loop
         vertex 6.4924806e+01 8.7754736e+02 1.0000000e-06
         vertex 4.9388187e+01 8.7754736e+02 5.0000010e+00
         vertex 4.9388187e+01 8.7754736e+02 1.0000000e-06
      endloop
   endfacet
   facet normal 0.0000000e+00 -1.0000000e+00 0.0000000e+00
      outer loop
         vertex 3.4403494e+01 8.7754736e+02 1.0000000e-06
         vertex 4.6696733e+01 8.7754736e+02 1.0000000e-06
         vertex 4.6696733e+01 8.7754736e+02 5.0000010e+00
      endloop
   endfacet
   facet normal 0.0000000e+00 -1.0000000e+00 0.0000000e+00
      outer loop
         vertex 6.4924806e+01 8.7754736e+02 5.0000010e+00
         vertex 6.7612191e+01 8.7754736e+02 5.0000010e+00
         vertex 3.4403494e+01 8.7754736e+02 6.4930010e+00
      endloop
   endfacet
   facet normal 0.0000000e+00 -1.0000000e+00 0.0000000e+00
      outer loop
         vertex 3.4403494e+01 8.7754736e+02 6.4930010e+00
         vertex 6.7612191e+01 8.7754736e+02 5.0000010e+00
         vertex 8.7332730e+01 8.7754736e+02 5.0000010e+00
      endloop
   endfacet
   facet normal 0.0000000e+00 -1.0000000e+00 0.0000000e+00
      outer loop
         vertex 3.4403494e+01 8.7754736e+02 6.4930010e+00
         vertex 8.7332730e+01 8.7754736e+02 5.0000010e+00
         vertex 9.0128699e+01 8.7754736e+02 5.0000010e+00
      endloop
   endfacet
   facet normal 0.0000000e+00 -1.0000000e+00 0.0000000e+00
      outer loop
         vertex 6.7612191e+01 8.7754736e+02 1.0000000e-06
         vertex 8.7332730e+01 8.7754736e+02 1.0000000e-06
         vertex 6.7612191e+01 8.7754736e+02 5.0000010e+00
      endloop
   endfacet
   facet normal 0.0000000e+00 -1.0000000e+00 0.0000000e+00
      outer loop
         vertex 6.7612191e+01 8.7754736e+02 5.0000010e+00
         vertex 8.7332730e+01 8.7754736e+02 1.0000000e-06
         vertex 8.7332730e+01 8.7754736e+02 5.0000010e+00
      endloop
   endfacet
   facet normal 0.0000000e+00 1.0000000e+00 -0.0000000e+00
      outer loop
         vertex 8.7332730e+01 8.8188618e+02 1.0000000e-06
         vertex 6.7612191e+01 8.8188618e+02 1.0000000e-06
         vertex 8.7332730e+01 8.8188618e+02 5.0000010e+00
      endloop
   endfacet
   facet normal 0.0000000e+00 1.0000000e+00 -0.0000000e+00
      outer loop
         vertex 8.7332730e+01 8.8188618e+02 5.0000010e+00
         vertex 6.7612191e+01 8.8188618e+02 1.0000000e-06
         vertex 6.7612191e+01 8.8188618e+02 5.0000010e+00
      endloop
   endfacet
   facet normal 0.0000000e+00 1.0000000e+00 0.0000000e+00
      outer loop
         vertex 8.7332730e+01 8.8188618e+02 5.0000010e+00
         vertex 6.7612191e+01 8.8188618e+02 5.0000010e+00
         vertex 3.4403494e+01 8.8188618e+02 6.4930010e+00
      endloop
   endfacet
   facet normal 0.0000000e+00 1.0000000e+00 0.0000000e+00
      outer loop
         vertex 3.4403494e+01 8.8188618e+02 6.4930010e+00
         vertex 6.7612191e+01 8.8188618e+02 5.0000010e+00
         vertex 6.4924806e+01 8.8188618e+02 5.0000010e+00
      endloop
   endfacet
   facet normal 0.0000000e+00 1.0000000e+00 0.0000000e+00
      outer loop
         vertex 3.4403494e+01 8.8188618e+02 6.4930010e+00
         vertex 6.4924806e+01 8.8188618e+02 5.0000010e+00
         vertex 4.9388187e+01 8.8188618e+02 5.0000010e+00
      endloop
   endfacet
   facet normal -0.0000000e+00 1.0000000e+00 0.0000000e+00
      outer loop
         vertex 4.9388187e+01 8.8188618e+02 5.0000010e+00
         vertex 6.4924806e+01 8.8188618e+02 5.0000010e+00
         vertex 4.9388187e+01 8.8188618e+02 1.0000000e-06
      endloop
   endfacet
   facet normal -0.0000000e+00 1.0000000e+00 0.0000000e+00
      outer loop
         vertex 4.9388187e+01 8.8188618e+02 1.0000000e-06
         vertex 6.4924806e+01 8.8188618e+02 5.0000010e+00
         vertex 6.4924806e+01 8.8188618e+02 1.0000000e-06
      endloop
   endfacet
   facet normal 0.0000000e+00 1.0000000e+00 0.0000000e+00
      outer loop
         vertex 4.9388187e+01 8.8188618e+02 5.0000010e+00
         vertex 4.6696733e+01 8.8188618e+02 5.0000010e+00
         vertex 3.4403494e+01 8.8188618e+02 6.4930010e+00
      endloop
   endfacet
   facet normal 0.0000000e+00 1.0000000e+00 0.0000000e+00
      outer loop
         vertex 3.4403494e+01 8.8188618e+02 6.4930010e+00
         vertex 4.6696733e+01 8.8188618e+02 5.0000010e+00
         vertex 3.4403494e+01 8.8188618e+02 1.0000000e-06
      endloop
   endfacet
   facet normal -0.0000000e+00 1.0000000e+00 0.0000000e+00
      outer loop
         vertex 3.4403494e+01 8.8188618e+02 1.0000000e-06
         vertex 4.6696733e+01 8.8188618e+02 5.0000010e+00
         vertex 4.6696733e+01 8.8188618e+02 1.0000000e-06
      endloop
   endfacet
   facet normal 0.0000000e+00 1.0000000e+00 0.0000000e+00
      outer loop
         vertex 2.1429725e+02 8.8188618e+02 6.4930010e+00
         vertex 1.2493491e+02 8.8188618e+02 5.0000010e+00
         vertex 3.4403494e+01 8.8188618e+02 6.4930010e+00
      endloop
   endfacet
   facet normal 0.0000000e+00 1.0000000e+00 0.0000000e+00
      outer loop
         vertex 3.4403494e+01 8.8188618e+02 6.4930010e+00
         vertex 1.2493491e+02 8.8188618e+02 5.0000010e+00
         vertex 1.2179507e+02 8.8188618e+02 5.0000010e+00
      endloop
   endfacet
   facet normal 0.0000000e+00 1.0000000e+00 0.0000000e+00
      outer loop
         vertex 3.4403494e+01 8.8188618e+02 6.4930010e+00
         vertex 1.2179507e+02 8.8188618e+02 5.0000010e+00
         vertex 1.0842196e+02 8.8188618e+02 5.0000010e+00
      endloop
   endfacet
   facet normal -0.0000000e+00 1.0000000e+00 0.0000000e+00
      outer loop
         vertex 1.0842196e+02 8.8188618e+02 5.0000010e+00
         vertex 1.2179507e+02 8.8188618e+02 5.0000010e+00
         vertex 1.0842196e+02 8.8188618e+02 1.0000000e-06
      endloop
   endfacet
   facet normal -0.0000000e+00 1.0000000e+00 0.0000000e+00
      outer loop
         vertex 1.0842196e+02 8.8188618e+02 1.0000000e-06
         vertex 1.2179507e+02 8.8188618e+02 5.0000010e+00
         vertex 1.2179507e+02 8.8188618e+02 1.0000000e-06
      endloop
   endfacet
   facet normal 0.0000000e+00 1.0000000e+00 -0.0000000e+00
      outer loop
         vertex 2.1429725e+02 8.8188618e+02 5.0000010e+00
         vertex 2.1150342e+02 8.8188618e+02 5.0000010e+00
         vertex 2.1429725e+02 8.8188618e+02 6.4930010e+00
      endloop
   endfacet
   facet normal 0.0000000e+00 1.0000000e+00 0.0000000e+00
      outer loop
         vertex 2.1429725e+02 8.8188618e+02 6.4930010e+00
         vertex 2.1150342e+02 8.8188618e+02 5.0000010e+00
         vertex 1.9927686e+02 8.8188618e+02 5.0000010e+00
      endloop
   endfacet
   facet normal 0.0000000e+00 1.0000000e+00 0.0000000e+00
      outer loop
         vertex 2.1429725e+02 8.8188618e+02 6.4930010e+00
         vertex 1.9927686e+02 8.8188618e+02 5.0000010e+00
         vertex 1.9668067e+02 8.8188618e+02 5.0000010e+00
      endloop
   endfacet
   facet normal 0.0000000e+00 1.0000000e+00 -0.0000000e+00
      outer loop
         vertex 2.1150342e+02 8.8188618e+02 1.0000000e-06
         vertex 1.9927686e+02 8.8188618e+02 1.0000000e-06
         vertex 2.1150342e+02 8.8188618e+02 5.0000010e+00
      endloop
   endfacet
   facet normal 0.0000000e+00 1.0000000e+00 -0.0000000e+00
      outer loop
         vertex 2.1150342e+02 8.8188618e+02 5.0000010e+00
         vertex 1.9927686e+02 8.8188618e+02 1.0000000e-06
         vertex 1.9927686e+02 8.8188618e+02 5.0000010e+00
      endloop
   endfacet
   facet normal 0.0000000e+00 1.0000000e+00 -0.0000000e+00
      outer loop
         vertex 1.9668067e+02 8.8188618e+02 1.0000000e-06
         vertex 1.8194382e+02 8.8188618e+02 1.0000000e-06
         vertex 1.9668067e+02 8.8188618e+02 5.0000010e+00
      endloop
   endfacet
   facet normal 0.0000000e+00 1.0000000e+00 -0.0000000e+00
      outer loop
         vertex 1.9668067e+02 8.8188618e+02 5.0000010e+00
         vertex 1.8194382e+02 8.8188618e+02 1.0000000e-06
         vertex 1.8194382e+02 8.8188618e+02 5.0000010e+00
      endloop
   endfacet
   facet normal 0.0000000e+00 1.0000000e+00 -0.0000000e+00
      outer loop
         vertex 1.9668067e+02 8.8188618e+02 5.0000010e+00
         vertex 1.8194382e+02 8.8188618e+02 5.0000010e+00
         vertex 2.1429725e+02 8.8188618e+02 6.4930010e+00
      endloop
   endfacet
   facet normal 0.0000000e+00 1.0000000e+00 0.0000000e+00
      outer loop
         vertex 2.1429725e+02 8.8188618e+02 6.4930010e+00
         vertex 1.8194382e+02 8.8188618e+02 5.0000010e+00
         vertex 1.7910638e+02 8.8188618e+02 5.0000010e+00
      endloop
   endfacet
   facet normal 0.0000000e+00 1.0000000e+00 0.0000000e+00
      outer loop
         vertex 2.1429725e+02 8.8188618e+02 6.4930010e+00
         vertex 1.7910638e+02 8.8188618e+02 5.0000010e+00
         vertex 1.6509203e+02 8.8188618e+02 5.0000010e+00
      endloop
   endfacet
   facet normal -0.0000000e+00 1.0000000e+00 0.0000000e+00
      outer loop
         vertex 1.6509203e+02 8.8188618e+02 5.0000010e+00
         vertex 1.7910638e+02 8.8188618e+02 5.0000010e+00
         vertex 1.6509203e+02 8.8188618e+02 1.0000000e-06
      endloop
   endfacet
   facet normal -0.0000000e+00 1.0000000e+00 0.0000000e+00
      outer loop
         vertex 1.6509203e+02 8.8188618e+02 1.0000000e-06
         vertex 1.7910638e+02 8.8188618e+02 5.0000010e+00
         vertex 1.7910638e+02 8.8188618e+02 1.0000000e-06
      endloop
   endfacet
   facet normal 0.0000000e+00 1.0000000e+00 -0.0000000e+00
      outer loop
         vertex 1.6509203e+02 8.8188618e+02 5.0000010e+00
         vertex 1.6216842e+02 8.8188618e+02 5.0000010e+00
         vertex 2.1429725e+02 8.8188618e+02 6.4930010e+00
      endloop
   endfacet
   facet normal 0.0000000e+00 1.0000000e+00 0.0000000e+00
      outer loop
         vertex 2.1429725e+02 8.8188618e+02 6.4930010e+00
         vertex 1.6216842e+02 8.8188618e+02 5.0000010e+00
         vertex 1.5151722e+02 8.8188618e+02 5.0000010e+00
      endloop
   endfacet
   facet normal 0.0000000e+00 1.0000000e+00 0.0000000e+00
      outer loop
         vertex 2.1429725e+02 8.8188618e+02 6.4930010e+00
         vertex 1.5151722e+02 8.8188618e+02 5.0000010e+00
         vertex 1.4861560e+02 8.8188618e+02 5.0000010e+00
      endloop
   endfacet
   facet normal 0.0000000e+00 1.0000000e+00 -0.0000000e+00
      outer loop
         vertex 1.6216842e+02 8.8188618e+02 1.0000000e-06
         vertex 1.5151722e+02 8.8188618e+02 1.0000000e-06
         vertex 1.6216842e+02 8.8188618e+02 5.0000010e+00
      endloop
   endfacet
   facet normal 0.0000000e+00 1.0000000e+00 -0.0000000e+00
      outer loop
         vertex 1.6216842e+02 8.8188618e+02 5.0000010e+00
         vertex 1.5151722e+02 8.8188618e+02 1.0000000e-06
         vertex 1.5151722e+02 8.8188618e+02 5.0000010e+00
      endloop
   endfacet
   facet normal 0.0000000e+00 1.0000000e+00 -0.0000000e+00
      outer loop
         vertex 1.4861560e+02 8.8188618e+02 1.0000000e-06
         vertex 1.3845092e+02 8.8188618e+02 1.0000000e-06
         vertex 1.4861560e+02 8.8188618e+02 5.0000010e+00
      endloop
   endfacet
   facet normal 0.0000000e+00 1.0000000e+00 -0.0000000e+00
      outer loop
         vertex 1.4861560e+02 8.8188618e+02 5.0000010e+00
         vertex 1.3845092e+02 8.8188618e+02 1.0000000e-06
         vertex 1.3845092e+02 8.8188618e+02 5.0000010e+00
      endloop
   endfacet
   facet normal 0.0000000e+00 1.0000000e+00 -0.0000000e+00
      outer loop
         vertex 1.4861560e+02 8.8188618e+02 5.0000010e+00
         vertex 1.3845092e+02 8.8188618e+02 5.0000010e+00
         vertex 2.1429725e+02 8.8188618e+02 6.4930010e+00
      endloop
   endfacet
   facet normal 0.0000000e+00 1.0000000e+00 0.0000000e+00
      outer loop
         vertex 2.1429725e+02 8.8188618e+02 6.4930010e+00
         vertex 1.3845092e+02 8.8188618e+02 5.0000010e+00
         vertex 1.3553567e+02 8.8188618e+02 5.0000010e+00
      endloop
   endfacet
   facet normal 0.0000000e+00 1.0000000e+00 0.0000000e+00
      outer loop
         vertex 2.1429725e+02 8.8188618e+02 6.4930010e+00
         vertex 1.3553567e+02 8.8188618e+02 5.0000010e+00
         vertex 1.2493491e+02 8.8188618e+02 5.0000010e+00
      endloop
   endfacet
   facet normal -0.0000000e+00 1.0000000e+00 0.0000000e+00
      outer loop
         vertex 1.2493491e+02 8.8188618e+02 5.0000010e+00
         vertex 1.3553567e+02 8.8188618e+02 5.0000010e+00
         vertex 1.2493491e+02 8.8188618e+02 1.0000000e-06
      endloop
   endfacet
   facet normal -0.0000000e+00 1.0000000e+00 0.0000000e+00
      outer loop
         vertex 1.2493491e+02 8.8188618e+02 1.0000000e-06
         vertex 1.3553567e+02 8.8188618e+02 5.0000010e+00
         vertex 1.3553567e+02 8.8188618e+02 1.0000000e-06
      endloop
   endfacet
   facet normal 0.0000000e+00 1.0000000e+00 0.0000000e+00
      outer loop
         vertex 1.0842196e+02 8.8188618e+02 5.0000010e+00
         vertex 1.0515860e+02 8.8188618e+02 5.0000010e+00
         vertex 3.4403494e+01 8.8188618e+02 6.4930010e+00
      endloop
   endfacet
   facet normal 0.0000000e+00 1.0000000e+00 0.0000000e+00
      outer loop
         vertex 3.4403494e+01 8.8188618e+02 6.4930010e+00
         vertex 1.0515860e+02 8.8188618e+02 5.0000010e+00
         vertex 9.0128699e+01 8.8188618e+02 5.0000010e+00
      endloop
   endfacet
   facet normal 0.0000000e+00 1.0000000e+00 0.0000000e+00
      outer loop
         vertex 3.4403494e+01 8.8188618e+02 6.4930010e+00
         vertex 9.0128699e+01 8.8188618e+02 5.0000010e+00
         vertex 8.7332730e+01 8.8188618e+02 5.0000010e+00
      endloop
   endfacet
   facet normal 0.0000000e+00 1.0000000e+00 -0.0000000e+00
      outer loop
         vertex 1.0515860e+02 8.8188618e+02 1.0000000e-06
         vertex 9.0128699e+01 8.8188618e+02 1.0000000e-06
         vertex 1.0515860e+02 8.8188618e+02 5.0000010e+00
      endloop
   endfacet
   facet normal 0.0000000e+00 1.0000000e+00 -0.0000000e+00
      outer loop
         vertex 1.0515860e+02 8.8188618e+02 5.0000010e+00
         vertex 9.0128699e+01 8.8188618e+02 1.0000000e-06
         vertex 9.0128699e+01 8.8188618e+02 5.0000010e+00
      endloop
   endfacet
   facet normal 0.0000000e+00 0.0000000e+00 1.0000000e+00
      outer loop
         vertex 2.1429725e+02 8.7754736e+02 6.4930010e+00
         vertex 2.1418189e+02 8.7899210e+02 6.4930010e+00
         vertex 3.4403494e+01 8.7754736e+02 6.4930010e+00
      endloop
   endfacet
   facet normal 0.0000000e+00 0.0000000e+00 1.0000000e+00
      outer loop
         vertex 3.4403494e+01 8.7754736e+02 6.4930010e+00
         vertex 2.1418189e+02 8.7899210e+02 6.4930010e+00
         vertex 2.1418189e+02 8.8044144e+02 6.4930010e+00
      endloop
   endfacet
   facet normal 0.0000000e+00 -0.0000000e+00 1.0000000e+00
      outer loop
         vertex 3.4403494e+01 8.7754736e+02 6.4930010e+00
         vertex 2.1418189e+02 8.8044144e+02 6.4930010e+00
         vertex 3.4403494e+01 8.8188618e+02 6.4930010e+00
      endloop
   endfacet
   facet normal -0.0000000e+00 0.0000000e+00 1.0000000e+00
      outer loop
         vertex 3.4403494e+01 8.8188618e+02 6.4930010e+00
         vertex 2.1418189e+02 8.8044144e+02 6.4930010e+00
         vertex 2.1429725e+02 8.8188618e+02 6.4930010e+00
      endloop
   endfacet
   facet normal -1.2036613e-01 9.9272957e-01 0.0000000e+00
      outer loop
         vertex 2.1416745e+02 8.9941473e+02 6.4930010e+00
         vertex 2.1416745e+02 8.9941473e+02 1.0000000e-06
         vertex 1.8431032e+02 8.9579462e+02 6.4930010e+00
      endloop
   endfacet
   facet normal -1.2036613e-01 9.9272957e-01 0.0000000e+00
      outer loop
         vertex 1.8431032e+02 8.9579462e+02 6.4930010e+00
         vertex 2.1416745e+02 8.9941473e+02 1.0000000e-06
         vertex 1.8431032e+02 8.9579462e+02 1.0000000e-06
      endloop
   endfacet
   facet normal -6.9507061e-02 9.9758146e-01 0.0000000e+00
      outer loop
         vertex 1.8431032e+02 8.9579462e+02 6.4930010e+00
         vertex 1.8431032e+02 8.9579462e+02 1.0000000e-06
         vertex 1.5430727e+02 8.9370414e+02 6.4930010e+00
      endloop
   endfacet
   facet normal -6.9507061e-02 9.9758146e-01 0.0000000e+00
      outer loop
         vertex 1.5430727e+02 8.9370414e+02 6.4930010e+00
         vertex 1.8431032e+02 8.9579462e+02 1.0000000e-06
         vertex 1.5430727e+02 8.9370414e+02 1.0000000e-06
      endloop
   endfacet
   facet normal -1.8466569e-02 9.9982948e-01 0.0000000e+00
      outer loop
         vertex 1.5430727e+02 8.9370414e+02 6.4930010e+00
         vertex 1.5430727e+02 8.9370414e+02 1.0000000e-06
         vertex 1.2423660e+02 8.9314875e+02 6.4930010e+00
      endloop
   endfacet
   facet normal -1.8466569e-02 9.9982948e-01 0.0000000e+00
      outer loop
         vertex 1.2423660e+02 8.9314875e+02 6.4930010e+00
         vertex 1.5430727e+02 8.9370414e+02 1.0000000e-06
         vertex 1.2423660e+02 8.9314875e+02 1.0000000e-06
      endloop
   endfacet
   facet normal 3.2622124e-02 9.9946776e-01 0.0000000e+00
      outer loop
         vertex 1.2423660e+02 8.9314875e+02 6.4930010e+00
         vertex 1.2423660e+02 8.9314875e+02 1.0000000e-06
         vertex 9.4176815e+01 8.9412988e+02 6.4930010e+00
      endloop
   endfacet
   facet normal 3.2622124e-02 9.9946776e-01 0.0000000e+00
      outer loop
         vertex 9.4176815e+01 8.9412988e+02 6.4930010e+00
         vertex 1.2423660e+02 8.9314875e+02 1.0000000e-06
         vertex 9.4176815e+01 8.9412988e+02 1.0000000e-06
      endloop
   endfacet
   facet normal 8.3625667e-02 9.9649724e-01 0.0000000e+00
      outer loop
         vertex 9.4176815e+01 8.9412988e+02 6.4930010e+00
         vertex 9.4176815e+01 8.9412988e+02 1.0000000e-06
         vertex 6.4206370e+01 8.9664499e+02 6.4930010e+00
      endloop
   endfacet
   facet normal 8.3625667e-02 9.9649724e-01 0.0000000e+00
      outer loop
         vertex 6.4206370e+01 8.9664499e+02 6.4930010e+00
         vertex 9.4176815e+01 8.9412988e+02 1.0000000e-06
         vertex 6.4206370e+01 8.9664499e+02 1.0000000e-06
      endloop
   endfacet
   facet normal 1.3441093e-01 9.9092568e-01 0.0000000e+00
      outer loop
         vertex 6.4206370e+01 8.9664499e+02 6.4930010e+00
         vertex 6.4206370e+01 8.9664499e+02 1.0000000e-06
         vertex 3.4403494e+01 9.0068751e+02 6.4930010e+00
      endloop
   endfacet
   facet normal 1.3441093e-01 9.9092568e-01 0.0000000e+00
      outer loop
         vertex 3.4403494e+01 9.0068751e+02 6.4930010e+00
         vertex 6.4206370e+01 8.9664499e+02 1.0000000e-06
         vertex 3.4403494e+01 9.0068751e+02 1.0000000e-06
      endloop
   endfacet
   facet normal 1.3977556e-01 -9.9018321e-01 -5.2608744e-15
      outer loop
         vertex 2.0805232e+02 8.9299231e+02 1.0000000e-06
         vertex 2.1009179e+02 8.9328021e+02 1.0000000e-06
         vertex 2.0805232e+02 8.9299231e+02 5.0000010e+00
      endloop
   endfacet
   facet normal 1.3977556e-01 -9.9018321e-01 0.0000000e+00
      outer loop
         vertex 2.0805232e+02 8.9299231e+02 5.0000010e+00
         vertex 2.1009179e+02 8.9328021e+02 1.0000000e-06
         vertex 2.1009179e+02 8.9328021e+02 6.4930010e+00
      endloop
   endfacet
   facet normal 1.3977556e-01 -9.9018321e-01 1.7618467e-14
      outer loop
         vertex 2.0805232e+02 8.9299231e+02 5.0000010e+00
         vertex 2.1009179e+02 8.9328021e+02 6.4930010e+00
         vertex 2.0805232e+02 8.9299231e+02 6.4930010e+00
      endloop
   endfacet
   facet normal 1.4345451e-01 -9.8965691e-01 0.0000000e+00
      outer loop
         vertex 2.1009179e+02 8.9328021e+02 6.4930010e+00
         vertex 2.1009179e+02 8.9328021e+02 1.0000000e-06
         vertex 2.1213017e+02 8.9357568e+02 6.4930010e+00
      endloop
   endfacet
   facet normal 1.4345451e-01 -9.8965691e-01 0.0000000e+00
      outer loop
         vertex 2.1213017e+02 8.9357568e+02 6.4930010e+00
         vertex 2.1009179e+02 8.9328021e+02 1.0000000e-06
         vertex 2.1213017e+02 8.9357568e+02 1.0000000e-06
      endloop
   endfacet
   facet normal 1.4713147e-01 -9.8911694e-01 0.0000000e+00
      outer loop
         vertex 2.1213017e+02 8.9357568e+02 6.4930010e+00
         vertex 2.1213017e+02 8.9357568e+02 1.0000000e-06
         vertex 2.1416745e+02 8.9387873e+02 6.4930010e+00
      endloop
   endfacet
   facet normal 1.4713147e-01 -9.8911694e-01 0.0000000e+00
      outer loop
         vertex 2.1416745e+02 8.9387873e+02 6.4930010e+00
         vertex 2.1213017e+02 8.9357568e+02 1.0000000e-06
         vertex 2.1416745e+02 8.9387873e+02 1.0000000e-06
      endloop
   endfacet
   facet normal 1.0943602e-01 -9.9399384e-01 -2.8655203e-14
      outer loop
         vertex 1.9015742e+02 8.9079623e+02 1.0000000e-06
         vertex 1.9435672e+02 8.9125857e+02 1.0000000e-06
         vertex 1.9015742e+02 8.9079623e+02 5.0000010e+00
      endloop
   endfacet
   facet normal 1.0943602e-01 -9.9399384e-01 0.0000000e+00
      outer loop
         vertex 1.9015742e+02 8.9079623e+02 5.0000010e+00
         vertex 1.9435672e+02 8.9125857e+02 1.0000000e-06
         vertex 1.9435672e+02 8.9125857e+02 6.4930010e+00
      endloop
   endfacet
   facet normal 1.0943602e-01 -9.9399384e-01 9.5965180e-14
      outer loop
         vertex 1.9015742e+02 8.9079623e+02 5.0000010e+00
         vertex 1.9435672e+02 8.9125857e+02 6.4930010e+00
         vertex 1.9015742e+02 8.9079623e+02 6.4930010e+00
      endloop
   endfacet
   facet normal 1.1700977e-01 -9.9313076e-01 0.0000000e+00
      outer loop
         vertex 1.9435672e+02 8.9125857e+02 6.4930010e+00
         vertex 1.9435672e+02 8.9125857e+02 1.0000000e-06
         vertex 1.9855236e+02 8.9175289e+02 6.4930010e+00
      endloop
   endfacet
   facet normal 1.1700977e-01 -9.9313076e-01 0.0000000e+00
      outer loop
         vertex 1.9855236e+02 8.9175289e+02 6.4930010e+00
         vertex 1.9435672e+02 8.9125857e+02 1.0000000e-06
         vertex 1.9855236e+02 8.9175289e+02 1.0000000e-06
      endloop
   endfacet
   facet normal 1.2457673e-01 -9.9220998e-01 0.0000000e+00
      outer loop
         vertex 1.9855236e+02 8.9175289e+02 6.4930010e+00
         vertex 1.9855236e+02 8.9175289e+02 1.0000000e-06
         vertex 2.0274412e+02 8.9227919e+02 5.0000010e+00
      endloop
   endfacet
   facet normal 1.2457673e-01 -9.9220998e-01 5.0982294e-14
      outer loop
         vertex 2.0274412e+02 8.9227919e+02 5.0000010e+00
         vertex 1.9855236e+02 8.9175289e+02 1.0000000e-06
         vertex 2.0274412e+02 8.9227919e+02 1.0000000e-06
      endloop
   endfacet
   facet normal 1.2457673e-01 -9.9220998e-01 -1.7074965e-13
      outer loop
         vertex 2.0274412e+02 8.9227919e+02 5.0000010e+00
         vertex 2.0274412e+02 8.9227919e+02 6.4930010e+00
         vertex 1.9855236e+02 8.9175289e+02 6.4930010e+00
      endloop
   endfacet
   facet normal 7.8459899e-02 -9.9691727e-01 -1.6791949e-14
      outer loop
         vertex 1.7260996e+02 8.8921360e+02 1.0000000e-06
         vertex 1.7756923e+02 8.8960390e+02 1.0000000e-06
         vertex 1.7260996e+02 8.8921360e+02 5.0000010e+00
      endloop
   endfacet
   facet normal 7.8459899e-02 -9.9691727e-01 0.0000000e+00
      outer loop
         vertex 1.7260996e+02 8.8921360e+02 5.0000010e+00
         vertex 1.7756923e+02 8.8960390e+02 1.0000000e-06
         vertex 1.7756923e+02 8.8960390e+02 6.4930010e+00
      endloop
   endfacet
   facet normal 7.8459899e-02 -9.9691727e-01 5.6235597e-14
      outer loop
         vertex 1.7260996e+02 8.8921360e+02 5.0000010e+00
         vertex 1.7756923e+02 8.8960390e+02 6.4930010e+00
         vertex 1.7260996e+02 8.8921360e+02 6.4930010e+00
      endloop
   endfacet
   facet normal 8.7404887e-02 -9.9617287e-01 0.0000000e+00
      outer loop
         vertex 1.7756923e+02 8.8960390e+02 6.4930010e+00
         vertex 1.7756923e+02 8.8960390e+02 1.0000000e-06
         vertex 1.8252478e+02 8.9003871e+02 6.4930010e+00
      endloop
   endfacet
   facet normal 8.7404887e-02 -9.9617287e-01 0.0000000e+00
      outer loop
         vertex 1.8252478e+02 8.9003871e+02 6.4930010e+00
         vertex 1.7756923e+02 8.8960390e+02 1.0000000e-06
         vertex 1.8252478e+02 8.9003871e+02 1.0000000e-06
      endloop
   endfacet
   facet normal 9.6342832e-02 -9.9534821e-01 0.0000000e+00
      outer loop
         vertex 1.8252478e+02 8.9003871e+02 6.4930010e+00
         vertex 1.8252478e+02 8.9003871e+02 1.0000000e-06
         vertex 1.8747624e+02 8.9051798e+02 5.0000010e+00
      endloop
   endfacet
   facet normal 9.6342832e-02 -9.9534821e-01 -3.5779975e-14
      outer loop
         vertex 1.8747624e+02 8.9051798e+02 5.0000010e+00
         vertex 1.8252478e+02 8.9003871e+02 1.0000000e-06
         vertex 1.8747624e+02 8.9051798e+02 1.0000000e-06
      endloop
   endfacet
   facet normal 9.6342832e-02 -9.9534821e-01 1.1980942e-13
      outer loop
         vertex 1.8747624e+02 8.9051798e+02 5.0000010e+00
         vertex 1.8747624e+02 8.9051798e+02 6.4930010e+00
         vertex 1.8252478e+02 8.9003871e+02 6.4930010e+00
      endloop
   endfacet
   facet normal 5.0991390e-02 -9.9869909e-01 -3.7681604e-14
      outer loop
         vertex 1.5794226e+02 8.8832078e+02 1.0000000e-06
         vertex 1.6179046e+02 8.8851726e+02 1.0000000e-06
         vertex 1.5794226e+02 8.8832078e+02 5.0000010e+00
      endloop
   endfacet
   facet normal 5.0991390e-02 -9.9869909e-01 0.0000000e+00
      outer loop
         vertex 1.5794226e+02 8.8832078e+02 5.0000010e+00
         vertex 1.6179046e+02 8.8851726e+02 1.0000000e-06
         vertex 1.6179046e+02 8.8851726e+02 6.4930010e+00
      endloop
   endfacet
   facet normal 5.0991390e-02 -9.9869909e-01 1.2619425e-13
      outer loop
         vertex 1.5794226e+02 8.8832078e+02 5.0000010e+00
         vertex 1.6179046e+02 8.8851726e+02 6.4930010e+00
         vertex 1.5794226e+02 8.8832078e+02 6.4930010e+00
      endloop
   endfacet
   facet normal 5.7933599e-02 -9.9832044e-01 0.0000000e+00
      outer loop
         vertex 1.6179046e+02 8.8851726e+02 6.4930010e+00
         vertex 1.6179046e+02 8.8851726e+02 1.0000000e-06
         vertex 1.6563719e+02 8.8874049e+02 6.4930010e+00
      endloop
   endfacet
   facet normal 5.7933599e-02 -9.9832044e-01 0.0000000e+00
      outer loop
         vertex 1.6563719e+02 8.8874049e+02 6.4930010e+00
         vertex 1.6179046e+02 8.8851726e+02 1.0000000e-06
         vertex 1.6563719e+02 8.8874049e+02 1.0000000e-06
      endloop
   endfacet
   facet normal 6.4873007e-02 -9.9789353e-01 0.0000000e+00
      outer loop
         vertex 1.6563719e+02 8.8874049e+02 6.4930010e+00
         vertex 1.6563719e+02 8.8874049e+02 1.0000000e-06
         vertex 1.6948228e+02 8.8899045e+02 5.0000010e+00
      endloop
   endfacet
   facet normal 6.4873007e-02 -9.9789353e-01 -3.0801067e-14
      outer loop
         vertex 1.6948228e+02 8.8899045e+02 5.0000010e+00
         vertex 1.6563719e+02 8.8874049e+02 1.0000000e-06
         vertex 1.6948228e+02 8.8899045e+02 1.0000000e-06
      endloop
   endfacet
   facet normal 6.4873007e-02 -9.9789353e-01 1.0315539e-13
      outer loop
         vertex 1.6948228e+02 8.8899045e+02 5.0000010e+00
         vertex 1.6948228e+02 8.8899045e+02 6.4930010e+00
         vertex 1.6563719e+02 8.8874049e+02 6.4930010e+00
      endloop
   endfacet
   facet normal 2.6680878e-02 -9.9964400e-01 1.6622208e-14
      outer loop
         vertex 1.4466956e+02 8.8784866e+02 1.0000000e-06
         vertex 1.4811678e+02 8.8794067e+02 1.0000000e-06
         vertex 1.4466956e+02 8.8784866e+02 5.0000010e+00
      endloop
   endfacet
   facet normal 2.6680878e-02 -9.9964400e-01 0.0000000e+00
      outer loop
         vertex 1.4466956e+02 8.8784866e+02 5.0000010e+00
         vertex 1.4811678e+02 8.8794067e+02 1.0000000e-06
         vertex 1.4811678e+02 8.8794067e+02 6.4930010e+00
      endloop
   endfacet
   facet normal 2.6680878e-02 -9.9964400e-01 -5.5667141e-14
      outer loop
         vertex 1.4466956e+02 8.8784866e+02 5.0000010e+00
         vertex 1.4811678e+02 8.8794067e+02 6.4930010e+00
         vertex 1.4466956e+02 8.8784866e+02 6.4930010e+00
      endloop
   endfacet
   facet normal 3.2900319e-02 -9.9945864e-01 0.0000000e+00
      outer loop
         vertex 1.4811678e+02 8.8794067e+02 6.4930010e+00
         vertex 1.4811678e+02 8.8794067e+02 1.0000000e-06
         vertex 1.5156336e+02 8.8805413e+02 6.4930010e+00
      endloop
   endfacet
   facet normal 3.2900319e-02 -9.9945864e-01 0.0000000e+00
      outer loop
         vertex 1.5156336e+02 8.8805413e+02 6.4930010e+00
         vertex 1.4811678e+02 8.8794067e+02 1.0000000e-06
         vertex 1.5156336e+02 8.8805413e+02 1.0000000e-06
      endloop
   endfacet
   facet normal 3.9118486e-02 -9.9923458e-01 0.0000000e+00
      outer loop
         vertex 1.5156336e+02 8.8805413e+02 6.4930010e+00
         vertex 1.5156336e+02 8.8805413e+02 1.0000000e-06
         vertex 1.5500917e+02 8.8818903e+02 5.0000010e+00
      endloop
   endfacet
   facet normal 3.9118486e-02 -9.9923458e-01 2.4941361e-14
      outer loop
         vertex 1.5500917e+02 8.8818903e+02 5.0000010e+00
         vertex 1.5156336e+02 8.8805413e+02 1.0000000e-06
         vertex 1.5500917e+02 8.8818903e+02 1.0000000e-06
      endloop
   endfacet
   facet normal 3.9118486e-02 -9.9923458e-01 -8.3535139e-14
      outer loop
         vertex 1.5500917e+02 8.8818903e+02 5.0000010e+00
         vertex 1.5500917e+02 8.8818903e+02 6.4930010e+00
         vertex 1.5156336e+02 8.8805413e+02 6.4930010e+00
      endloop
   endfacet
   facet normal 3.2778096e-03 -9.9999463e-01 2.5649575e-14
      outer loop
         vertex 1.3179255e+02 8.8769472e+02 1.0000000e-06
         vertex 1.3505319e+02 8.8770541e+02 1.0000000e-06
         vertex 1.3179255e+02 8.8769472e+02 5.0000010e+00
      endloop
   endfacet
   facet normal 3.2778096e-03 -9.9999463e-01 0.0000000e+00
      outer loop
         vertex 1.3179255e+02 8.8769472e+02 5.0000010e+00
         vertex 1.3505319e+02 8.8770541e+02 1.0000000e-06
         vertex 1.3505319e+02 8.8770541e+02 6.4930010e+00
      endloop
   endfacet
   facet normal 3.2778096e-03 -9.9999463e-01 -8.5899447e-14
      outer loop
         vertex 1.3179255e+02 8.8769472e+02 5.0000010e+00
         vertex 1.3505319e+02 8.8770541e+02 6.4930010e+00
         vertex 1.3179255e+02 8.8769472e+02 6.4930010e+00
      endloop
   endfacet
   facet normal 9.1610603e-03 -9.9995804e-01 0.0000000e+00
      outer loop
         vertex 1.3505319e+02 8.8770541e+02 6.4930010e+00
         vertex 1.3505319e+02 8.8770541e+02 1.0000000e-06
         vertex 1.3831371e+02 8.8773528e+02 6.4930010e+00
      endloop
   endfacet
   facet normal 9.1610603e-03 -9.9995804e-01 0.0000000e+00
      outer loop
         vertex 1.3831371e+02 8.8773528e+02 6.4930010e+00
         vertex 1.3505319e+02 8.8770541e+02 1.0000000e-06
         vertex 1.3831371e+02 8.8773528e+02 1.0000000e-06
      endloop
   endfacet
   facet normal 1.5043994e-02 -9.9988683e-01 0.0000000e+00
      outer loop
         vertex 1.3831371e+02 8.8773528e+02 6.4930010e+00
         vertex 1.3831371e+02 8.8773528e+02 1.0000000e-06
         vertex 1.4157400e+02 8.8778433e+02 5.0000010e+00
      endloop
   endfacet
   facet normal 1.5043994e-02 -9.9988683e-01 4.2074411e-14
      outer loop
         vertex 1.4157400e+02 8.8778433e+02 5.0000010e+00
         vertex 1.3831371e+02 8.8773528e+02 1.0000000e-06
         vertex 1.4157400e+02 8.8778433e+02 1.0000000e-06
      endloop
   endfacet
   facet normal 1.5043994e-02 -9.9988683e-01 -1.4090248e-13
      outer loop
         vertex 1.4157400e+02 8.8778433e+02 5.0000010e+00
         vertex 1.4157400e+02 8.8778433e+02 6.4930010e+00
         vertex 1.3831371e+02 8.8773528e+02 6.4930010e+00
      endloop
   endfacet
   facet normal -2.3453201e-02 -9.9972494e-01 -5.7192998e-14
      outer loop
         vertex 1.1660660e+02 8.8789770e+02 1.0000000e-06
         vertex 1.2060978e+02 8.8780379e+02 1.0000000e-06
         vertex 1.1660660e+02 8.8789770e+02 5.0000010e+00
      endloop
   endfacet
   facet normal -2.3453201e-02 -9.9972494e-01 0.0000000e+00
      outer loop
         vertex 1.1660660e+02 8.8789770e+02 5.0000010e+00
         vertex 1.2060978e+02 8.8780379e+02 1.0000000e-06
         vertex 1.2060978e+02 8.8780379e+02 6.4930010e+00
      endloop
   endfacet
   facet normal -2.3453201e-02 -9.9972494e-01 1.9153717e-13
      outer loop
         vertex 1.1660660e+02 8.8789770e+02 5.0000010e+00
         vertex 1.2060978e+02 8.8780379e+02 6.4930010e+00
         vertex 1.1660660e+02 8.8789770e+02 6.4930010e+00
      endloop
   endfacet
   facet normal -1.6229504e-02 -9.9986829e-01 -0.0000000e+00
      outer loop
         vertex 1.2060978e+02 8.8780379e+02 6.4930010e+00
         vertex 1.2060978e+02 8.8780379e+02 1.0000000e-06
         vertex 1.2461354e+02 8.8773880e+02 6.4930010e+00
      endloop
   endfacet
   facet normal -1.6229504e-02 -9.9986829e-01 0.0000000e+00
      outer loop
         vertex 1.2461354e+02 8.8773880e+02 6.4930010e+00
         vertex 1.2060978e+02 8.8780379e+02 1.0000000e-06
         vertex 1.2461354e+02 8.8773880e+02 1.0000000e-06
      endloop
   endfacet
   facet normal -9.0049598e-03 -9.9995945e-01 -0.0000000e+00
      outer loop
         vertex 1.2461354e+02 8.8773880e+02 6.4930010e+00
         vertex 1.2461354e+02 8.8773880e+02 1.0000000e-06
         vertex 1.2861765e+02 8.8770275e+02 5.0000010e+00
      endloop
   endfacet
   facet normal -9.0049598e-03 -9.9995945e-01 -4.5872511e-14
      outer loop
         vertex 1.2861765e+02 8.8770275e+02 5.0000010e+00
         vertex 1.2461354e+02 8.8773880e+02 1.0000000e-06
         vertex 1.2861765e+02 8.8770275e+02 1.0000000e-06
      endloop
   endfacet
   facet normal -9.0049598e-03 -9.9995945e-01 1.5362723e-13
      outer loop
         vertex 1.2861765e+02 8.8770275e+02 5.0000010e+00
         vertex 1.2861765e+02 8.8770275e+02 6.4930010e+00
         vertex 1.2461354e+02 8.8773880e+02 6.4930010e+00
      endloop
   endfacet
   facet normal -5.3032927e-02 -9.9859276e-01 -2.1295483e-14
      outer loop
         vertex 1.0009327e+02 8.8859133e+02 1.0000000e-06
         vertex 1.0433623e+02 8.8836600e+02 1.0000000e-06
         vertex 1.0009327e+02 8.8859133e+02 5.0000010e+00
      endloop
   endfacet
   facet normal -5.3032927e-02 -9.9859276e-01 0.0000000e+00
      outer loop
         vertex 1.0009327e+02 8.8859133e+02 5.0000010e+00
         vertex 1.0433623e+02 8.8836600e+02 1.0000000e-06
         vertex 1.0433623e+02 8.8836600e+02 6.4930010e+00
      endloop
   endfacet
   facet normal -5.3032927e-02 -9.9859276e-01 7.1317760e-14
      outer loop
         vertex 1.0009327e+02 8.8859133e+02 5.0000010e+00
         vertex 1.0433623e+02 8.8836600e+02 6.4930010e+00
         vertex 1.0009327e+02 8.8859133e+02 6.4930010e+00
      endloop
   endfacet
   facet normal -4.5375648e-02 -9.9896999e-01 -0.0000000e+00
      outer loop
         vertex 1.0433623e+02 8.8836600e+02 6.4930010e+00
         vertex 1.0433623e+02 8.8836600e+02 1.0000000e-06
         vertex 1.0858079e+02 8.8817320e+02 6.4930010e+00
      endloop
   endfacet
   facet normal -4.5375648e-02 -9.9896999e-01 0.0000000e+00
      outer loop
         vertex 1.0858079e+02 8.8817320e+02 6.4930010e+00
         vertex 1.0433623e+02 8.8836600e+02 1.0000000e-06
         vertex 1.0858079e+02 8.8817320e+02 1.0000000e-06
      endloop
   endfacet
   facet normal -3.7715701e-02 -9.9928851e-01 -0.0000000e+00
      outer loop
         vertex 1.0858079e+02 8.8817320e+02 6.4930010e+00
         vertex 1.0858079e+02 8.8817320e+02 1.0000000e-06
         vertex 1.1282671e+02 8.8801295e+02 5.0000010e+00
      endloop
   endfacet
   facet normal -3.7715701e-02 -9.9928851e-01 3.3445667e-14
      outer loop
         vertex 1.1282671e+02 8.8801295e+02 5.0000010e+00
         vertex 1.0858079e+02 8.8817320e+02 1.0000000e-06
         vertex 1.1282671e+02 8.8801295e+02 1.0000000e-06
      endloop
   endfacet
   facet normal -3.7715701e-02 -9.9928851e-01 -1.1200494e-13
      outer loop
         vertex 1.1282671e+02 8.8801295e+02 5.0000010e+00
         vertex 1.1282671e+02 8.8801295e+02 6.4930010e+00
         vertex 1.0858079e+02 8.8817320e+02 6.4930010e+00
      endloop
   endfacet
   facet normal -8.6750204e-02 -9.9623009e-01 -2.2144040e-14
      outer loop
         vertex 8.1426425e+01 8.8997105e+02 1.0000000e-06
         vertex 8.5629999e+01 8.8960501e+02 1.0000000e-06
         vertex 8.1426425e+01 8.8997105e+02 5.0000010e+00
      endloop
   endfacet
   facet normal -8.6750204e-02 -9.9623009e-01 0.0000000e+00
      outer loop
         vertex 8.1426425e+01 8.8997105e+02 5.0000010e+00
         vertex 8.5629999e+01 8.8960501e+02 1.0000000e-06
         vertex 8.5629999e+01 8.8960501e+02 6.4930010e+00
      endloop
   endfacet
   facet normal -8.6750204e-02 -9.9623009e-01 7.4159545e-14
      outer loop
         vertex 8.1426425e+01 8.8997105e+02 5.0000010e+00
         vertex 8.5629999e+01 8.8960501e+02 6.4930010e+00
         vertex 8.1426425e+01 8.8997105e+02 6.4930010e+00
      endloop
   endfacet
   facet normal -7.9163029e-02 -9.9686168e-01 -0.0000000e+00
      outer loop
         vertex 8.5629999e+01 8.8960501e+02 6.4930010e+00
         vertex 8.5629999e+01 8.8960501e+02 1.0000000e-06
         vertex 8.9836239e+01 8.8927098e+02 6.4930010e+00
      endloop
   endfacet
   facet normal -7.9163029e-02 -9.9686168e-01 0.0000000e+00
      outer loop
         vertex 8.9836239e+01 8.8927098e+02 6.4930010e+00
         vertex 8.5629999e+01 8.8960501e+02 1.0000000e-06
         vertex 8.9836239e+01 8.8927098e+02 1.0000000e-06
      endloop
   endfacet
   facet normal -7.1571266e-02 -9.9743549e-01 -0.0000000e+00
      outer loop
         vertex 8.9836239e+01 8.8927098e+02 6.4930010e+00
         vertex 8.9836239e+01 8.8927098e+02 1.0000000e-06
         vertex 9.4044900e+01 8.8896899e+02 5.0000010e+00
      endloop
   endfacet
   facet normal -7.1571266e-02 -9.9743549e-01 -1.3324313e-14
      outer loop
         vertex 9.4044900e+01 8.8896899e+02 5.0000010e+00
         vertex 8.9836239e+01 8.8927098e+02 1.0000000e-06
         vertex 9.4044900e+01 8.8896899e+02 1.0000000e-06
      endloop
   endfacet
   facet normal -7.1571266e-02 -9.9743549e-01 4.4641451e-14
      outer loop
         vertex 9.4044900e+01 8.8896899e+02 5.0000010e+00
         vertex 9.4044900e+01 8.8896899e+02 6.4930010e+00
         vertex 8.9836239e+01 8.8927098e+02 6.4930010e+00
      endloop
   endfacet
   facet normal -1.0666586e-01 -9.9429492e-01 1.4884793e-13
      outer loop
         vertex 7.5147844e+01 8.9057792e+02 6.4930010e+00
         vertex 7.5147844e+01 8.9057792e+02 5.0000010e+00
         vertex 7.6109863e+01 8.9047471e+02 6.4930010e+00
      endloop
   endfacet
   facet normal -1.0666586e-01 -9.9429492e-01 -4.2040645e-14
      outer loop
         vertex 7.6109863e+01 8.9047471e+02 6.4930010e+00
         vertex 7.5147844e+01 8.9057792e+02 5.0000010e+00
         vertex 7.6109863e+01 8.9047471e+02 5.0000010e+00
      endloop
   endfacet
   facet normal -9.9265339e-02 -9.9506100e-01 4.0543547e-14
      outer loop
         vertex 7.6109863e+01 8.9047471e+02 6.4930010e+00
         vertex 7.6109863e+01 8.9047471e+02 5.0000010e+00
         vertex 7.7072623e+01 8.9037867e+02 6.4930010e+00
      endloop
   endfacet
   facet normal -9.9265339e-02 -9.9506100e-01 -7.5031408e-14
      outer loop
         vertex 7.7072623e+01 8.9037867e+02 6.4930010e+00
         vertex 7.6109863e+01 8.9047471e+02 5.0000010e+00
         vertex 7.7072623e+01 8.9037867e+02 5.0000010e+00
      endloop
   endfacet
   facet normal -9.1859320e-02 -9.9577199e-01 -5.2317025e-14
      outer loop
         vertex 7.7072623e+01 8.9037867e+02 6.4930010e+00
         vertex 7.7072623e+01 8.9037867e+02 5.0000010e+00
         vertex 7.8036071e+01 8.9028979e+02 6.4930010e+00
      endloop
   endfacet
   facet normal -9.1859320e-02 -9.9577199e-01 2.0693681e-14
      outer loop
         vertex 7.8036071e+01 8.9028979e+02 6.4930010e+00
         vertex 7.7072623e+01 8.9037867e+02 5.0000010e+00
         vertex 7.8036071e+01 8.9028979e+02 5.0000010e+00
      endloop
   endfacet
   facet normal -1.2700084e-01 -9.9190261e-01 0.0000000e+00
      outer loop
         vertex 5.8439908e+01 8.9254554e+02 1.0000000e-06
         vertex 6.4002488e+01 8.9183332e+02 1.0000000e-06
         vertex 5.8439908e+01 8.9254554e+02 5.0000010e+00
      endloop
   endfacet
   facet normal -1.2700084e-01 -9.9190261e-01 0.0000000e+00
      outer loop
         vertex 5.8439908e+01 8.9254554e+02 5.0000010e+00
         vertex 6.4002488e+01 8.9183332e+02 1.0000000e-06
         vertex 6.4002488e+01 8.9183332e+02 6.4930010e+00
      endloop
   endfacet
   facet normal -1.2700084e-01 -9.9190261e-01 -1.9927112e-13
      outer loop
         vertex 5.8439908e+01 8.9254554e+02 5.0000010e+00
         vertex 6.4002488e+01 8.9183332e+02 6.4930010e+00
         vertex 5.8439908e+01 8.9254554e+02 6.4930010e+00
      endloop
   endfacet
   facet normal -1.1695763e-01 -9.9313691e-01 -0.0000000e+00
      outer loop
         vertex 6.4002488e+01 8.9183332e+02 6.4930010e+00
         vertex 6.4002488e+01 8.9183332e+02 1.0000000e-06
         vertex 6.9571990e+01 8.9117742e+02 6.4930010e+00
      endloop
   endfacet
   facet normal -1.1695763e-01 -9.9313691e-01 0.0000000e+00
      outer loop
         vertex 6.9571990e+01 8.9117742e+02 6.4930010e+00
         vertex 6.4002488e+01 8.9183332e+02 1.0000000e-06
         vertex 6.9571990e+01 8.9117742e+02 1.0000000e-06
      endloop
   endfacet
   facet normal -1.0690244e-01 -9.9426951e-01 -0.0000000e+00
      outer loop
         vertex 6.9571990e+01 8.9117742e+02 6.4930010e+00
         vertex 6.9571990e+01 8.9117742e+02 1.0000000e-06
         vertex 7.5147844e+01 8.9057792e+02 5.0000010e+00
      endloop
   endfacet
   facet normal -1.0690244e-01 -9.9426951e-01 0.0000000e+00
      outer loop
         vertex 7.5147844e+01 8.9057792e+02 5.0000010e+00
         vertex 6.9571990e+01 8.9117742e+02 1.0000000e-06
         vertex 7.5147844e+01 8.9057792e+02 1.0000000e-06
      endloop
   endfacet
   facet normal -1.0690244e-01 -9.9426951e-01 1.4425207e-13
      outer loop
         vertex 7.5147844e+01 8.9057792e+02 5.0000010e+00
         vertex 7.5147844e+01 8.9057792e+02 6.4930010e+00
         vertex 6.9571990e+01 8.9117742e+02 6.4930010e+00
      endloop
   endfacet
   facet normal -1.3951843e-01 -9.9021947e-01 1.6881516e-13
      outer loop
         vertex 5.6043087e+01 8.9287008e+02 6.4930010e+00
         vertex 5.6043087e+01 8.9287008e+02 5.0000010e+00
         vertex 5.6841440e+01 8.9275760e+02 6.4930010e+00
      endloop
   endfacet
   facet normal -1.3951843e-01 -9.9021947e-01 -1.8295581e-13
      outer loop
         vertex 5.6841440e+01 8.9275760e+02 6.4930010e+00
         vertex 5.6043087e+01 8.9287008e+02 5.0000010e+00
         vertex 5.6841440e+01 8.9275760e+02 5.0000010e+00
      endloop
   endfacet
   facet normal -1.3418030e-01 -9.9095694e-01 -1.5242159e-13
      outer loop
         vertex 5.6841440e+01 8.9275760e+02 6.4930010e+00
         vertex 5.6841440e+01 8.9275760e+02 5.0000010e+00
         vertex 5.7640388e+01 8.9264941e+02 6.4930010e+00
      endloop
   endfacet
   facet normal -1.3418030e-01 -9.9095694e-01 -2.2202805e-13
      outer loop
         vertex 5.7640388e+01 8.9264941e+02 6.4930010e+00
         vertex 5.6841440e+01 8.9275760e+02 5.0000010e+00
         vertex 5.7640388e+01 8.9264941e+02 5.0000010e+00
      endloop
   endfacet
   facet normal -1.2883828e-01 -9.9166562e-01 -3.9361881e-13
      outer loop
         vertex 5.7640388e+01 8.9264941e+02 6.4930010e+00
         vertex 5.7640388e+01 8.9264941e+02 5.0000010e+00
         vertex 5.8439908e+01 8.9254554e+02 6.4930010e+00
      endloop
   endfacet
   facet normal -1.2883828e-01 -9.9166562e-01 -7.1065577e-14
      outer loop
         vertex 5.8439908e+01 8.9254554e+02 6.4930010e+00
         vertex 5.7640388e+01 8.9264941e+02 5.0000010e+00
         vertex 5.8439908e+01 8.9254554e+02 5.0000010e+00
      endloop
   endfacet
   facet normal -1.6413399e-01 -9.8643805e-01 0.0000000e+00
      outer loop
         vertex 3.7568206e+01 8.9573102e+02 1.0000000e-06
         vertex 4.3715646e+01 8.9470815e+02 1.0000000e-06
         vertex 3.7568206e+01 8.9573102e+02 5.0000010e+00
      endloop
   endfacet
   facet normal -1.6413399e-01 -9.8643805e-01 0.0000000e+00
      outer loop
         vertex 3.7568206e+01 8.9573102e+02 5.0000010e+00
         vertex 4.3715646e+01 8.9470815e+02 1.0000000e-06
         vertex 4.3715646e+01 8.9470815e+02 6.4930010e+00
      endloop
   endfacet
   facet normal -1.6413399e-01 -9.8643805e-01 -1.1455054e-14
      outer loop
         vertex 3.7568206e+01 8.9573102e+02 5.0000010e+00
         vertex 4.3715646e+01 8.9470815e+02 6.4930010e+00
         vertex 3.7568206e+01 8.9573102e+02 6.4930010e+00
      endloop
   endfacet
   facet normal -1.5303167e-01 -9.8822129e-01 -0.0000000e+00
      outer loop
         vertex 4.3715646e+01 8.9470815e+02 6.4930010e+00
         vertex 4.3715646e+01 8.9470815e+02 1.0000000e-06
         vertex 4.9874199e+01 8.9375446e+02 6.4930010e+00
      endloop
   endfacet
   facet normal -1.5303167e-01 -9.8822129e-01 0.0000000e+00
      outer loop
         vertex 4.9874199e+01 8.9375446e+02 6.4930010e+00
         vertex 4.3715646e+01 8.9470815e+02 1.0000000e-06
         vertex 4.9874199e+01 8.9375446e+02 1.0000000e-06
      endloop
   endfacet
   facet normal -1.4190999e-01 -9.8987957e-01 -0.0000000e+00
      outer loop
         vertex 4.9874199e+01 8.9375446e+02 6.4930010e+00
         vertex 4.9874199e+01 8.9375446e+02 1.0000000e-06
         vertex 5.6043087e+01 8.9287008e+02 5.0000010e+00
      endloop
   endfacet
   facet normal -1.4190999e-01 -9.8987957e-01 0.0000000e+00
      outer loop
         vertex 5.6043087e+01 8.9287008e+02 5.0000010e+00
         vertex 4.9874199e+01 8.9375446e+02 1.0000000e-06
         vertex 5.6043087e+01 8.9287008e+02 1.0000000e-06
      endloop
   endfacet
   facet normal -1.4190999e-01 -9.8987957e-01 6.4919681e-14
      outer loop
         vertex 5.6043087e+01 8.9287008e+02 5.0000010e+00
         vertex 5.6043087e+01 8.9287008e+02 6.4930010e+00
         vertex 4.9874199e+01 8.9375446e+02 6.4930010e+00
      endloop
   endfacet
   facet normal -1.7871686e-01 -9.8390055e-01 -0.0000000e+00
      outer loop
         vertex 3.4403494e+01 8.9628535e+02 6.4930010e+00
         vertex 3.4403494e+01 8.9628535e+02 5.0000010e+00
         vertex 3.5457230e+01 8.9609395e+02 6.4930010e+00
      endloop
   endfacet
   facet normal -1.7871686e-01 -9.8390055e-01 8.1949003e-14
      outer loop
         vertex 3.5457230e+01 8.9609395e+02 6.4930010e+00
         vertex 3.4403494e+01 8.9628535e+02 5.0000010e+00
         vertex 3.5457230e+01 8.9609395e+02 5.0000010e+00
      endloop
   endfacet
   facet normal -1.7253331e-01 -9.8500368e-01 8.9813498e-14
      outer loop
         vertex 3.5457230e+01 8.9609395e+02 6.4930010e+00
         vertex 3.5457230e+01 8.9609395e+02 5.0000010e+00
         vertex 3.6512148e+01 8.9590917e+02 6.4930010e+00
      endloop
   endfacet
   facet normal -1.7253331e-01 -9.8500368e-01 -5.8515164e-14
      outer loop
         vertex 3.6512148e+01 8.9590917e+02 6.4930010e+00
         vertex 3.5457230e+01 8.9609395e+02 5.0000010e+00
         vertex 3.6512148e+01 8.9590917e+02 5.0000010e+00
      endloop
   endfacet
   facet normal -1.6634296e-01 -9.8606796e-01 -4.2564246e-14
      outer loop
         vertex 3.6512148e+01 8.9590917e+02 6.4930010e+00
         vertex 3.6512148e+01 8.9590917e+02 5.0000010e+00
         vertex 3.7568206e+01 8.9573102e+02 6.4930010e+00
      endloop
   endfacet
   facet normal -1.6634296e-01 -9.8606796e-01 -1.9979518e-14
      outer loop
         vertex 3.7568206e+01 8.9573102e+02 6.4930010e+00
         vertex 3.6512148e+01 8.9590917e+02 5.0000010e+00
         vertex 3.7568206e+01 8.9573102e+02 5.0000010e+00
      endloop
   endfacet
   facet normal -0.0000000e+00 0.0000000e+00 1.0000000e+00
      outer loop
         vertex 3.4403494e+01 9.0068751e+02 6.4930010e+00
         vertex 3.4403494e+01 8.9628535e+02 6.4930010e+00
         vertex 6.4206370e+01 8.9664499e+02 6.4930010e+00
      endloop
   endfacet
   facet normal 0.0000000e+00 0.0000000e+00 1.0000000e+00
      outer loop
         vertex 6.4206370e+01 8.9664499e+02 6.4930010e+00
         vertex 3.4403494e+01 8.9628535e+02 6.4930010e+00
         vertex 3.5457230e+01 8.9609395e+02 6.4930010e+00
      endloop
   endfacet
   facet normal 0.0000000e+00 0.0000000e+00 1.0000000e+00
      outer loop
         vertex 6.4206370e+01 8.9664499e+02 6.4930010e+00
         vertex 3.5457230e+01 8.9609395e+02 6.4930010e+00
         vertex 3.6512148e+01 8.9590917e+02 6.4930010e+00
      endloop
   endfacet
   facet normal -0.0000000e+00 0.0000000e+00 1.0000000e+00
      outer loop
         vertex 3.6512148e+01 8.9590917e+02 6.4930010e+00
         vertex 3.7568206e+01 8.9573102e+02 6.4930010e+00
         vertex 6.4206370e+01 8.9664499e+02 6.4930010e+00
      endloop
   endfacet
   facet normal 0.0000000e+00 0.0000000e+00 1.0000000e+00
      outer loop
         vertex 6.4206370e+01 8.9664499e+02 6.4930010e+00
         vertex 3.7568206e+01 8.9573102e+02 6.4930010e+00
         vertex 4.3715646e+01 8.9470815e+02 6.4930010e+00
      endloop
   endfacet
   facet normal 0.0000000e+00 0.0000000e+00 1.0000000e+00
      outer loop
         vertex 6.4206370e+01 8.9664499e+02 6.4930010e+00
         vertex 4.3715646e+01 8.9470815e+02 6.4930010e+00
         vertex 4.9874199e+01 8.9375446e+02 6.4930010e+00
      endloop
   endfacet
   facet normal -0.0000000e+00 0.0000000e+00 1.0000000e+00
      outer loop
         vertex 6.4206370e+01 8.9664499e+02 6.4930010e+00
         vertex 4.9874199e+01 8.9375446e+02 6.4930010e+00
         vertex 9.4176815e+01 8.9412988e+02 6.4930010e+00
      endloop
   endfacet
   facet normal 0.0000000e+00 0.0000000e+00 1.0000000e+00
      outer loop
         vertex 9.4176815e+01 8.9412988e+02 6.4930010e+00
         vertex 4.9874199e+01 8.9375446e+02 6.4930010e+00
         vertex 5.6043087e+01 8.9287008e+02 6.4930010e+00
      endloop
   endfacet
   facet normal 0.0000000e+00 0.0000000e+00 1.0000000e+00
      outer loop
         vertex 9.4176815e+01 8.9412988e+02 6.4930010e+00
         vertex 5.6043087e+01 8.9287008e+02 6.4930010e+00
         vertex 5.6841440e+01 8.9275760e+02 6.4930010e+00
      endloop
   endfacet
   facet normal -0.0000000e+00 0.0000000e+00 1.0000000e+00
      outer loop
         vertex 5.6841440e+01 8.9275760e+02 6.4930010e+00
         vertex 5.7640388e+01 8.9264941e+02 6.4930010e+00
         vertex 9.4176815e+01 8.9412988e+02 6.4930010e+00
      endloop
   endfacet
   facet normal 0.0000000e+00 0.0000000e+00 1.0000000e+00
      outer loop
         vertex 9.4176815e+01 8.9412988e+02 6.4930010e+00
         vertex 5.7640388e+01 8.9264941e+02 6.4930010e+00
         vertex 5.8439908e+01 8.9254554e+02 6.4930010e+00
      endloop
   endfacet
   facet normal 0.0000000e+00 0.0000000e+00 1.0000000e+00
      outer loop
         vertex 9.4176815e+01 8.9412988e+02 6.4930010e+00
         vertex 5.8439908e+01 8.9254554e+02 6.4930010e+00
         vertex 6.4002488e+01 8.9183332e+02 6.4930010e+00
      endloop
   endfacet
   facet normal -0.0000000e+00 0.0000000e+00 1.0000000e+00
      outer loop
         vertex 6.4002488e+01 8.9183332e+02 6.4930010e+00
         vertex 6.9571990e+01 8.9117742e+02 6.4930010e+00
         vertex 9.4176815e+01 8.9412988e+02 6.4930010e+00
      endloop
   endfacet
   facet normal 0.0000000e+00 0.0000000e+00 1.0000000e+00
      outer loop
         vertex 9.4176815e+01 8.9412988e+02 6.4930010e+00
         vertex 6.9571990e+01 8.9117742e+02 6.4930010e+00
         vertex 7.5147844e+01 8.9057792e+02 6.4930010e+00
      endloop
   endfacet
   facet normal -0.0000000e+00 0.0000000e+00 1.0000000e+00
      outer loop
         vertex 9.4176815e+01 8.9412988e+02 6.4930010e+00
         vertex 7.5147844e+01 8.9057792e+02 6.4930010e+00
         vertex 1.2423660e+02 8.9314875e+02 6.4930010e+00
      endloop
   endfacet
   facet normal 0.0000000e+00 0.0000000e+00 1.0000000e+00
      outer loop
         vertex 1.2423660e+02 8.9314875e+02 6.4930010e+00
         vertex 7.5147844e+01 8.9057792e+02 6.4930010e+00
         vertex 7.6109863e+01 8.9047471e+02 6.4930010e+00
      endloop
   endfacet
   facet normal 0.0000000e+00 0.0000000e+00 1.0000000e+00
      outer loop
         vertex 1.2423660e+02 8.9314875e+02 6.4930010e+00
         vertex 7.6109863e+01 8.9047471e+02 6.4930010e+00
         vertex 7.7072623e+01 8.9037867e+02 6.4930010e+00
      endloop
   endfacet
   facet normal -0.0000000e+00 0.0000000e+00 1.0000000e+00
      outer loop
         vertex 7.7072623e+01 8.9037867e+02 6.4930010e+00
         vertex 7.8036071e+01 8.9028979e+02 6.4930010e+00
         vertex 1.2423660e+02 8.9314875e+02 6.4930010e+00
      endloop
   endfacet
   facet normal 0.0000000e+00 0.0000000e+00 1.0000000e+00
      outer loop
         vertex 1.2423660e+02 8.9314875e+02 6.4930010e+00
         vertex 7.8036071e+01 8.9028979e+02 6.4930010e+00
         vertex 7.9165222e+01 8.9017342e+02 6.4930010e+00
      endloop
   endfacet
   facet normal 0.0000000e+00 0.0000000e+00 1.0000000e+00
      outer loop
         vertex 1.2423660e+02 8.9314875e+02 6.4930010e+00
         vertex 7.9165222e+01 8.9017342e+02 6.4930010e+00
         vertex 8.0295370e+01 8.9006717e+02 6.4930010e+00
      endloop
   endfacet
   facet normal -0.0000000e+00 0.0000000e+00 1.0000000e+00
      outer loop
         vertex 8.0295370e+01 8.9006717e+02 6.4930010e+00
         vertex 8.1426425e+01 8.8997105e+02 6.4930010e+00
         vertex 1.2423660e+02 8.9314875e+02 6.4930010e+00
      endloop
   endfacet
   facet normal 0.0000000e+00 0.0000000e+00 1.0000000e+00
      outer loop
         vertex 1.2423660e+02 8.9314875e+02 6.4930010e+00
         vertex 8.1426425e+01 8.8997105e+02 6.4930010e+00
         vertex 8.5629999e+01 8.8960501e+02 6.4930010e+00
      endloop
   endfacet
   facet normal 0.0000000e+00 0.0000000e+00 1.0000000e+00
      outer loop
         vertex 1.2423660e+02 8.9314875e+02 6.4930010e+00
         vertex 8.5629999e+01 8.8960501e+02 6.4930010e+00
         vertex 8.9836239e+01 8.8927098e+02 6.4930010e+00
      endloop
   endfacet
   facet normal -0.0000000e+00 0.0000000e+00 1.0000000e+00
      outer loop
         vertex 8.9836239e+01 8.8927098e+02 6.4930010e+00
         vertex 9.4044900e+01 8.8896899e+02 6.4930010e+00
         vertex 1.2423660e+02 8.9314875e+02 6.4930010e+00
      endloop
   endfacet
   facet normal 0.0000000e+00 0.0000000e+00 1.0000000e+00
      outer loop
         vertex 1.2423660e+02 8.9314875e+02 6.4930010e+00
         vertex 9.4044900e+01 8.8896899e+02 6.4930010e+00
         vertex 1.0009327e+02 8.8859133e+02 6.4930010e+00
      endloop
   endfacet
   facet normal 0.0000000e+00 0.0000000e+00 1.0000000e+00
      outer loop
         vertex 1.2423660e+02 8.9314875e+02 6.4930010e+00
         vertex 1.0009327e+02 8.8859133e+02 6.4930010e+00
         vertex 1.0433623e+02 8.8836600e+02 6.4930010e+00
      endloop
   endfacet
   facet normal 0.0000000e+00 0.0000000e+00 1.0000000e+00
      outer loop
         vertex 9.4044900e+01 8.8896899e+02 6.4930010e+00
         vertex 9.4907131e+01 8.8889461e+02 6.4930010e+00
         vertex 1.0009327e+02 8.8859133e+02 6.4930010e+00
      endloop
   endfacet
   facet normal 0.0000000e+00 0.0000000e+00 1.0000000e+00
      outer loop
         vertex 1.0009327e+02 8.8859133e+02 6.4930010e+00
         vertex 9.4907131e+01 8.8889461e+02 6.4930010e+00
         vertex 9.5769913e+01 8.8882692e+02 6.4930010e+00
      endloop
   endfacet
   facet normal 0.0000000e+00 0.0000000e+00 1.0000000e+00
      outer loop
         vertex 1.0009327e+02 8.8859133e+02 6.4930010e+00
         vertex 9.5769913e+01 8.8882692e+02 6.4930010e+00
         vertex 9.6633195e+01 8.8876594e+02 6.4930010e+00
      endloop
   endfacet
   facet normal 0.0000000e+00 0.0000000e+00 1.0000000e+00
      outer loop
         vertex 9.6633195e+01 8.8876594e+02 6.4930010e+00
         vertex 9.7785910e+01 8.8869541e+02 6.4930010e+00
         vertex 1.0009327e+02 8.8859133e+02 6.4930010e+00
      endloop
   endfacet
   facet normal 0.0000000e+00 0.0000000e+00 1.0000000e+00
      outer loop
         vertex 1.0009327e+02 8.8859133e+02 6.4930010e+00
         vertex 9.7785910e+01 8.8869541e+02 6.4930010e+00
         vertex 9.8939313e+01 8.8863721e+02 6.4930010e+00
      endloop
   endfacet
   facet normal -0.0000000e+00 0.0000000e+00 1.0000000e+00
      outer loop
         vertex 1.0433623e+02 8.8836600e+02 6.4930010e+00
         vertex 1.0858079e+02 8.8817320e+02 6.4930010e+00
         vertex 1.2423660e+02 8.9314875e+02 6.4930010e+00
      endloop
   endfacet
   facet normal 0.0000000e+00 0.0000000e+00 1.0000000e+00
      outer loop
         vertex 1.2423660e+02 8.9314875e+02 6.4930010e+00
         vertex 1.0858079e+02 8.8817320e+02 6.4930010e+00
         vertex 1.1282671e+02 8.8801295e+02 6.4930010e+00
      endloop
   endfacet
   facet normal 0.0000000e+00 0.0000000e+00 1.0000000e+00
      outer loop
         vertex 1.2423660e+02 8.9314875e+02 6.4930010e+00
         vertex 1.1282671e+02 8.8801295e+02 6.4930010e+00
         vertex 1.1660660e+02 8.8789770e+02 6.4930010e+00
      endloop
   endfacet
   facet normal 0.0000000e+00 0.0000000e+00 1.0000000e+00
      outer loop
         vertex 1.1660660e+02 8.8789770e+02 6.4930010e+00
         vertex 1.1282671e+02 8.8801295e+02 6.4930010e+00
         vertex 1.1408610e+02 8.8795719e+02 6.4930010e+00
      endloop
   endfacet
   facet normal 0.0000000e+00 0.0000000e+00 1.0000000e+00
      outer loop
         vertex 1.1660660e+02 8.8789770e+02 6.4930010e+00
         vertex 1.1408610e+02 8.8795719e+02 6.4930010e+00
         vertex 1.1534615e+02 8.8791878e+02 6.4930010e+00
      endloop
   endfacet
   facet normal -0.0000000e+00 0.0000000e+00 1.0000000e+00
      outer loop
         vertex 1.1660660e+02 8.8789770e+02 6.4930010e+00
         vertex 1.2060978e+02 8.8780379e+02 6.4930010e+00
         vertex 1.2423660e+02 8.9314875e+02 6.4930010e+00
      endloop
   endfacet
   facet normal 0.0000000e+00 0.0000000e+00 1.0000000e+00
      outer loop
         vertex 1.2423660e+02 8.9314875e+02 6.4930010e+00
         vertex 1.2060978e+02 8.8780379e+02 6.4930010e+00
         vertex 1.2461354e+02 8.8773880e+02 6.4930010e+00
      endloop
   endfacet
   facet normal 0.0000000e+00 0.0000000e+00 1.0000000e+00
      outer loop
         vertex 1.2423660e+02 8.9314875e+02 6.4930010e+00
         vertex 1.2461354e+02 8.8773880e+02 6.4930010e+00
         vertex 1.2861765e+02 8.8770275e+02 6.4930010e+00
      endloop
   endfacet
   facet normal 0.0000000e+00 0.0000000e+00 1.0000000e+00
      outer loop
         vertex 1.2423660e+02 8.9314875e+02 6.4930010e+00
         vertex 1.2861765e+02 8.8770275e+02 6.4930010e+00
         vertex 1.3179255e+02 8.8769472e+02 6.4930010e+00
      endloop
   endfacet
   facet normal 0.0000000e+00 0.0000000e+00 1.0000000e+00
      outer loop
         vertex 1.3179255e+02 8.8769472e+02 6.4930010e+00
         vertex 1.2861765e+02 8.8770275e+02 6.4930010e+00
         vertex 1.2967588e+02 8.8768542e+02 6.4930010e+00
      endloop
   endfacet
   facet normal 0.0000000e+00 0.0000000e+00 1.0000000e+00
      outer loop
         vertex 1.3179255e+02 8.8769472e+02 6.4930010e+00
         vertex 1.2967588e+02 8.8768542e+02 6.4930010e+00
         vertex 1.3073425e+02 8.8768274e+02 6.4930010e+00
      endloop
   endfacet
   facet normal 0.0000000e+00 -0.0000000e+00 1.0000000e+00
      outer loop
         vertex 1.3179255e+02 8.8769472e+02 6.4930010e+00
         vertex 1.3505319e+02 8.8770541e+02 6.4930010e+00
         vertex 1.2423660e+02 8.9314875e+02 6.4930010e+00
      endloop
   endfacet
   facet normal -0.0000000e+00 0.0000000e+00 1.0000000e+00
      outer loop
         vertex 1.2423660e+02 8.9314875e+02 6.4930010e+00
         vertex 1.3505319e+02 8.8770541e+02 6.4930010e+00
         vertex 1.3831371e+02 8.8773528e+02 6.4930010e+00
      endloop
   endfacet
   facet normal -0.0000000e+00 0.0000000e+00 1.0000000e+00
      outer loop
         vertex 1.2423660e+02 8.9314875e+02 6.4930010e+00
         vertex 1.3831371e+02 8.8773528e+02 6.4930010e+00
         vertex 1.4157400e+02 8.8778433e+02 6.4930010e+00
      endloop
   endfacet
   facet normal 0.0000000e+00 -0.0000000e+00 1.0000000e+00
      outer loop
         vertex 1.4260616e+02 8.8778903e+02 6.4930010e+00
         vertex 1.4363810e+02 8.8781047e+02 6.4930010e+00
         vertex 1.4157400e+02 8.8778433e+02 6.4930010e+00
      endloop
   endfacet
   facet normal 0.0000000e+00 0.0000000e+00 1.0000000e+00
      outer loop
         vertex 1.4157400e+02 8.8778433e+02 6.4930010e+00
         vertex 1.4363810e+02 8.8781047e+02 6.4930010e+00
         vertex 1.4466956e+02 8.8784866e+02 6.4930010e+00
      endloop
   endfacet
   facet normal 0.0000000e+00 -0.0000000e+00 1.0000000e+00
      outer loop
         vertex 1.4157400e+02 8.8778433e+02 6.4930010e+00
         vertex 1.4466956e+02 8.8784866e+02 6.4930010e+00
         vertex 1.2423660e+02 8.9314875e+02 6.4930010e+00
      endloop
   endfacet
   facet normal -0.0000000e+00 0.0000000e+00 1.0000000e+00
      outer loop
         vertex 1.2423660e+02 8.9314875e+02 6.4930010e+00
         vertex 1.4466956e+02 8.8784866e+02 6.4930010e+00
         vertex 1.4811678e+02 8.8794067e+02 6.4930010e+00
      endloop
   endfacet
   facet normal -0.0000000e+00 0.0000000e+00 1.0000000e+00
      outer loop
         vertex 1.2423660e+02 8.9314875e+02 6.4930010e+00
         vertex 1.4811678e+02 8.8794067e+02 6.4930010e+00
         vertex 1.5156336e+02 8.8805413e+02 6.4930010e+00
      endloop
   endfacet
   facet normal 0.0000000e+00 -0.0000000e+00 1.0000000e+00
      outer loop
         vertex 1.5156336e+02 8.8805413e+02 6.4930010e+00
         vertex 1.5500917e+02 8.8818903e+02 6.4930010e+00
         vertex 1.2423660e+02 8.9314875e+02 6.4930010e+00
      endloop
   endfacet
   facet normal -0.0000000e+00 0.0000000e+00 1.0000000e+00
      outer loop
         vertex 1.2423660e+02 8.9314875e+02 6.4930010e+00
         vertex 1.5500917e+02 8.8818903e+02 6.4930010e+00
         vertex 1.5794226e+02 8.8832078e+02 6.4930010e+00
      endloop
   endfacet
   facet normal -0.0000000e+00 0.0000000e+00 1.0000000e+00
      outer loop
         vertex 1.2423660e+02 8.9314875e+02 6.4930010e+00
         vertex 1.5794226e+02 8.8832078e+02 6.4930010e+00
         vertex 1.6179046e+02 8.8851726e+02 6.4930010e+00
      endloop
   endfacet
   facet normal 0.0000000e+00 -0.0000000e+00 1.0000000e+00
      outer loop
         vertex 1.5598766e+02 8.8821392e+02 6.4930010e+00
         vertex 1.5696548e+02 8.8825784e+02 6.4930010e+00
         vertex 1.5500917e+02 8.8818903e+02 6.4930010e+00
      endloop
   endfacet
   facet normal 0.0000000e+00 0.0000000e+00 1.0000000e+00
      outer loop
         vertex 1.5500917e+02 8.8818903e+02 6.4930010e+00
         vertex 1.5696548e+02 8.8825784e+02 6.4930010e+00
         vertex 1.5794226e+02 8.8832078e+02 6.4930010e+00
      endloop
   endfacet
   facet normal 0.0000000e+00 -0.0000000e+00 1.0000000e+00
      outer loop
         vertex 1.6179046e+02 8.8851726e+02 6.4930010e+00
         vertex 1.6563719e+02 8.8874049e+02 6.4930010e+00
         vertex 1.2423660e+02 8.9314875e+02 6.4930010e+00
      endloop
   endfacet
   facet normal -0.0000000e+00 0.0000000e+00 1.0000000e+00
      outer loop
         vertex 1.2423660e+02 8.9314875e+02 6.4930010e+00
         vertex 1.6563719e+02 8.8874049e+02 6.4930010e+00
         vertex 1.6948228e+02 8.8899045e+02 6.4930010e+00
      endloop
   endfacet
   facet normal -0.0000000e+00 0.0000000e+00 1.0000000e+00
      outer loop
         vertex 1.2423660e+02 8.9314875e+02 6.4930010e+00
         vertex 1.6948228e+02 8.8899045e+02 6.4930010e+00
         vertex 1.7260996e+02 8.8921360e+02 6.4930010e+00
      endloop
   endfacet
   facet normal -0.0000000e+00 0.0000000e+00 1.0000000e+00
      outer loop
         vertex 1.7260996e+02 8.8921360e+02 6.4930010e+00
         vertex 1.6948228e+02 8.8899045e+02 6.4930010e+00
         vertex 1.7156973e+02 8.8910864e+02 6.4930010e+00
      endloop
   endfacet
   facet normal -0.0000000e+00 0.0000000e+00 1.0000000e+00
      outer loop
         vertex 1.7156973e+02 8.8910864e+02 6.4930010e+00
         vertex 1.6948228e+02 8.8899045e+02 6.4930010e+00
         vertex 1.7052687e+02 8.8903424e+02 6.4930010e+00
      endloop
   endfacet
   facet normal -0.0000000e+00 -0.0000000e+00 1.0000000e+00
      outer loop
         vertex 1.2423660e+02 8.9314875e+02 6.4930010e+00
         vertex 1.7260996e+02 8.8921360e+02 6.4930010e+00
         vertex 1.5430727e+02 8.9370414e+02 6.4930010e+00
      endloop
   endfacet
   facet normal -0.0000000e+00 0.0000000e+00 1.0000000e+00
      outer loop
         vertex 1.5430727e+02 8.9370414e+02 6.4930010e+00
         vertex 1.7260996e+02 8.8921360e+02 6.4930010e+00
         vertex 1.7756923e+02 8.8960390e+02 6.4930010e+00
      endloop
   endfacet
   facet normal -0.0000000e+00 0.0000000e+00 1.0000000e+00
      outer loop
         vertex 1.5430727e+02 8.9370414e+02 6.4930010e+00
         vertex 1.7756923e+02 8.8960390e+02 6.4930010e+00
         vertex 1.8252478e+02 8.9003871e+02 6.4930010e+00
      endloop
   endfacet
   facet normal 0.0000000e+00 -0.0000000e+00 1.0000000e+00
      outer loop
         vertex 1.8252478e+02 8.9003871e+02 6.4930010e+00
         vertex 1.8747624e+02 8.9051798e+02 6.4930010e+00
         vertex 1.5430727e+02 8.9370414e+02 6.4930010e+00
      endloop
   endfacet
   facet normal -0.0000000e+00 0.0000000e+00 1.0000000e+00
      outer loop
         vertex 1.5430727e+02 8.9370414e+02 6.4930010e+00
         vertex 1.8747624e+02 8.9051798e+02 6.4930010e+00
         vertex 1.9015742e+02 8.9079623e+02 6.4930010e+00
      endloop
   endfacet
   facet normal -0.0000000e+00 0.0000000e+00 1.0000000e+00
      outer loop
         vertex 1.5430727e+02 8.9370414e+02 6.4930010e+00
         vertex 1.9015742e+02 8.9079623e+02 6.4930010e+00
         vertex 1.9435672e+02 8.9125857e+02 6.4930010e+00
      endloop
   endfacet
   facet normal 0.0000000e+00 -0.0000000e+00 1.0000000e+00
      outer loop
         vertex 1.8837423e+02 8.9056609e+02 6.4930010e+00
         vertex 1.8926869e+02 8.9065892e+02 6.4930010e+00
         vertex 1.8747624e+02 8.9051798e+02 6.4930010e+00
      endloop
   endfacet
   facet normal 0.0000000e+00 0.0000000e+00 1.0000000e+00
      outer loop
         vertex 1.8747624e+02 8.9051798e+02 6.4930010e+00
         vertex 1.8926869e+02 8.9065892e+02 6.4930010e+00
         vertex 1.9015742e+02 8.9079623e+02 6.4930010e+00
      endloop
   endfacet
   facet normal 0.0000000e+00 -0.0000000e+00 1.0000000e+00
      outer loop
         vertex 1.9435672e+02 8.9125857e+02 6.4930010e+00
         vertex 1.9855236e+02 8.9175289e+02 6.4930010e+00
         vertex 1.5430727e+02 8.9370414e+02 6.4930010e+00
      endloop
   endfacet
   facet normal -0.0000000e+00 0.0000000e+00 1.0000000e+00
      outer loop
         vertex 1.5430727e+02 8.9370414e+02 6.4930010e+00
         vertex 1.9855236e+02 8.9175289e+02 6.4930010e+00
         vertex 2.0274412e+02 8.9227919e+02 6.4930010e+00
      endloop
   endfacet
   facet normal -0.0000000e+00 0.0000000e+00 1.0000000e+00
      outer loop
         vertex 1.5430727e+02 8.9370414e+02 6.4930010e+00
         vertex 2.0274412e+02 8.9227919e+02 6.4930010e+00
         vertex 2.0452117e+02 8.9245741e+02 6.4930010e+00
      endloop
   endfacet
   facet normal 0.0000000e+00 -0.0000000e+00 1.0000000e+00
      outer loop
         vertex 2.0452117e+02 8.9245741e+02 6.4930010e+00
         vertex 2.0629124e+02 8.9269521e+02 6.4930010e+00
         vertex 1.5430727e+02 8.9370414e+02 6.4930010e+00
      endloop
   endfacet
   facet normal -0.0000000e+00 0.0000000e+00 1.0000000e+00
      outer loop
         vertex 1.5430727e+02 8.9370414e+02 6.4930010e+00
         vertex 2.0629124e+02 8.9269521e+02 6.4930010e+00
         vertex 2.0805232e+02 8.9299231e+02 6.4930010e+00
      endloop
   endfacet
   facet normal -0.0000000e+00 -0.0000000e+00 1.0000000e+00
      outer loop
         vertex 1.5430727e+02 8.9370414e+02 6.4930010e+00
         vertex 2.0805232e+02 8.9299231e+02 6.4930010e+00
         vertex 1.8431032e+02 8.9579462e+02 6.4930010e+00
      endloop
   endfacet
   facet normal -0.0000000e+00 0.0000000e+00 1.0000000e+00
      outer loop
         vertex 1.8431032e+02 8.9579462e+02 6.4930010e+00
         vertex 2.0805232e+02 8.9299231e+02 6.4930010e+00
         vertex 2.1009179e+02 8.9328021e+02 6.4930010e+00
      endloop
   endfacet
   facet normal -0.0000000e+00 0.0000000e+00 1.0000000e+00
      outer loop
         vertex 1.8431032e+02 8.9579462e+02 6.4930010e+00
         vertex 2.1009179e+02 8.9328021e+02 6.4930010e+00
         vertex 2.1213017e+02 8.9357568e+02 6.4930010e+00
      endloop
   endfacet
   facet normal 0.0000000e+00 -0.0000000e+00 1.0000000e+00
      outer loop
         vertex 2.1213017e+02 8.9357568e+02 6.4930010e+00
         vertex 2.1416745e+02 8.9387873e+02 6.4930010e+00
         vertex 1.8431032e+02 8.9579462e+02 6.4930010e+00
      endloop
   endfacet
   facet normal -0.0000000e+00 0.0000000e+00 1.0000000e+00
      outer loop
         vertex 1.8431032e+02 8.9579462e+02 6.4930010e+00
         vertex 2.1416745e+02 8.9387873e+02 6.4930010e+00
         vertex 2.1416745e+02 8.9941473e+02 6.4930010e+00
      endloop
   endfacet
   facet normal 1.3441093e-01 -9.9092568e-01 0.0000000e+00
      outer loop
         vertex 3.4403494e+01 8.5874603e+02 6.4930010e+00
         vertex 3.4403494e+01 8.5874603e+02 1.0000000e-06
         vertex 6.4206370e+01 8.6278854e+02 6.4930010e+00
      endloop
   endfacet
   facet normal 1.3441093e-01 -9.9092568e-01 0.0000000e+00
      outer loop
         vertex 6.4206370e+01 8.6278854e+02 6.4930010e+00
         vertex 3.4403494e+01 8.5874603e+02 1.0000000e-06
         vertex 6.4206370e+01 8.6278854e+02 1.0000000e-06
      endloop
   endfacet
   facet normal 8.3625667e-02 -9.9649724e-01 0.0000000e+00
      outer loop
         vertex 6.4206370e+01 8.6278854e+02 6.4930010e+00
         vertex 6.4206370e+01 8.6278854e+02 1.0000000e-06
         vertex 9.4176815e+01 8.6530365e+02 6.4930010e+00
      endloop
   endfacet
   facet normal 8.3625667e-02 -9.9649724e-01 0.0000000e+00
      outer loop
         vertex 9.4176815e+01 8.6530365e+02 6.4930010e+00
         vertex 6.4206370e+01 8.6278854e+02 1.0000000e-06
         vertex 9.4176815e+01 8.6530365e+02 1.0000000e-06
      endloop
   endfacet
   facet normal 3.2622124e-02 -9.9946776e-01 0.0000000e+00
      outer loop
         vertex 9.4176815e+01 8.6530365e+02 6.4930010e+00
         vertex 9.4176815e+01 8.6530365e+02 1.0000000e-06
         vertex 1.2423660e+02 8.6628479e+02 6.4930010e+00
      endloop
   endfacet
   facet normal 3.2622124e-02 -9.9946776e-01 0.0000000e+00
      outer loop
         vertex 1.2423660e+02 8.6628479e+02 6.4930010e+00
         vertex 9.4176815e+01 8.6530365e+02 1.0000000e-06
         vertex 1.2423660e+02 8.6628479e+02 1.0000000e-06
      endloop
   endfacet
   facet normal -1.8466569e-02 -9.9982948e-01 -0.0000000e+00
      outer loop
         vertex 1.2423660e+02 8.6628479e+02 6.4930010e+00
         vertex 1.2423660e+02 8.6628479e+02 1.0000000e-06
         vertex 1.5430727e+02 8.6572939e+02 6.4930010e+00
      endloop
   endfacet
   facet normal -1.8466569e-02 -9.9982948e-01 0.0000000e+00
      outer loop
         vertex 1.5430727e+02 8.6572939e+02 6.4930010e+00
         vertex 1.2423660e+02 8.6628479e+02 1.0000000e-06
         vertex 1.5430727e+02 8.6572939e+02 1.0000000e-06
      endloop
   endfacet
   facet normal -6.9507061e-02 -9.9758146e-01 -0.0000000e+00
      outer loop
         vertex 1.5430727e+02 8.6572939e+02 6.4930010e+00
         vertex 1.5430727e+02 8.6572939e+02 1.0000000e-06
         vertex 1.8431032e+02 8.6363891e+02 6.4930010e+00
      endloop
   endfacet
   facet normal -6.9507061e-02 -9.9758146e-01 0.0000000e+00
      outer loop
         vertex 1.8431032e+02 8.6363891e+02 6.4930010e+00
         vertex 1.5430727e+02 8.6572939e+02 1.0000000e-06
         vertex 1.8431032e+02 8.6363891e+02 1.0000000e-06
      endloop
   endfacet
   facet normal -1.2036613e-01 -9.9272957e-01 -0.0000000e+00
      outer loop
         vertex 1.8431032e+02 8.6363891e+02 6.4930010e+00
         vertex 1.8431032e+02 8.6363891e+02 1.0000000e-06
         vertex 2.1416745e+02 8.6001880e+02 6.4930010e+00
      endloop
   endfacet
   facet normal -1.2036613e-01 -9.9272957e-01 0.0000000e+00
      outer loop
         vertex 2.1416745e+02 8.6001880e+02 6.4930010e+00
         vertex 1.8431032e+02 8.6363891e+02 1.0000000e-06
         vertex 2.1416745e+02 8.6001880e+02 1.0000000e-06
      endloop
   endfacet
   facet normal -1.7871686e-01 9.8390055e-01 8.8966952e-14
      outer loop
         vertex 3.7568206e+01 8.6370251e+02 6.4930010e+00
         vertex 3.7568206e+01 8.6370251e+02 5.0000010e+00
         vertex 3.6514469e+01 8.6351111e+02 6.4930010e+00
      endloop
   endfacet
   facet normal -1.7871686e-01 9.8390055e-01 2.9509279e-16
      outer loop
         vertex 3.6514469e+01 8.6351111e+02 6.4930010e+00
         vertex 3.7568206e+01 8.6370251e+02 5.0000010e+00
         vertex 3.6514469e+01 8.6351111e+02 5.0000010e+00
      endloop
   endfacet
   facet normal -1.7253331e-01 9.8500368e-01 1.0986573e-14
      outer loop
         vertex 3.6514469e+01 8.6351111e+02 6.4930010e+00
         vertex 3.6514469e+01 8.6351111e+02 5.0000010e+00
         vertex 3.5459552e+01 8.6332633e+02 6.4930010e+00
      endloop
   endfacet
   facet normal -1.7253331e-01 9.8500368e-01 -7.6376957e-15
      outer loop
         vertex 3.5459552e+01 8.6332633e+02 6.4930010e+00
         vertex 3.6514469e+01 8.6351111e+02 5.0000010e+00
         vertex 3.5459552e+01 8.6332633e+02 5.0000010e+00
      endloop
   endfacet
   facet normal -1.6634296e-01 9.8606796e-01 -1.8259626e-15
      outer loop
         vertex 3.5459552e+01 8.6332633e+02 6.4930010e+00
         vertex 3.5459552e+01 8.6332633e+02 5.0000010e+00
         vertex 3.4403494e+01 8.6314818e+02 6.4930010e+00
      endloop
   endfacet
   facet normal -1.6634296e-01 9.8606796e-01 -1.2671631e-14
      outer loop
         vertex 3.4403494e+01 8.6314818e+02 6.4930010e+00
         vertex 3.5459552e+01 8.6332633e+02 5.0000010e+00
         vertex 3.4403494e+01 8.6314818e+02 5.0000010e+00
      endloop
   endfacet
   facet normal -1.4190999e-01 9.8987957e-01 0.0000000e+00
      outer loop
         vertex 5.6043087e+01 8.6656345e+02 1.0000000e-06
         vertex 4.9874199e+01 8.6567908e+02 1.0000000e-06
         vertex 5.6043087e+01 8.6656345e+02 5.0000010e+00
      endloop
   endfacet
   facet normal -1.4190999e-01 9.8987957e-01 0.0000000e+00
      outer loop
         vertex 5.6043087e+01 8.6656345e+02 5.0000010e+00
         vertex 4.9874199e+01 8.6567908e+02 1.0000000e-06
         vertex 4.9874199e+01 8.6567908e+02 6.4930010e+00
      endloop
   endfacet
   facet normal -1.4190999e-01 9.8987957e-01 2.8542177e-14
      outer loop
         vertex 5.6043087e+01 8.6656345e+02 5.0000010e+00
         vertex 4.9874199e+01 8.6567908e+02 6.4930010e+00
         vertex 5.6043087e+01 8.6656345e+02 6.4930010e+00
      endloop
   endfacet
   facet normal -1.5303167e-01 9.8822129e-01 0.0000000e+00
      outer loop
         vertex 4.9874199e+01 8.6567908e+02 6.4930010e+00
         vertex 4.9874199e+01 8.6567908e+02 1.0000000e-06
         vertex 4.3715646e+01 8.6472539e+02 6.4930010e+00
      endloop
   endfacet
   facet normal -1.5303167e-01 9.8822129e-01 0.0000000e+00
      outer loop
         vertex 4.3715646e+01 8.6472539e+02 6.4930010e+00
         vertex 4.9874199e+01 8.6567908e+02 1.0000000e-06
         vertex 4.3715646e+01 8.6472539e+02 1.0000000e-06
      endloop
   endfacet
   facet normal -1.6413399e-01 9.8643805e-01 0.0000000e+00
      outer loop
         vertex 4.3715646e+01 8.6472539e+02 6.4930010e+00
         vertex 4.3715646e+01 8.6472539e+02 1.0000000e-06
         vertex 3.7568206e+01 8.6370251e+02 5.0000010e+00
      endloop
   endfacet
   facet normal -1.6413399e-01 9.8643805e-01 0.0000000e+00
      outer loop
         vertex 3.7568206e+01 8.6370251e+02 5.0000010e+00
         vertex 4.3715646e+01 8.6472539e+02 1.0000000e-06
         vertex 3.7568206e+01 8.6370251e+02 1.0000000e-06
      endloop
   endfacet
   facet normal -1.6413399e-01 9.8643805e-01 1.2585343e-13
      outer loop
         vertex 3.7568206e+01 8.6370251e+02 5.0000010e+00
         vertex 3.7568206e+01 8.6370251e+02 6.4930010e+00
         vertex 4.3715646e+01 8.6472539e+02 6.4930010e+00
      endloop
   endfacet
   facet normal -1.2285899e-01 9.9242414e-01 8.4197624e-14
      outer loop
         vertex 5.8439908e+01 8.6688800e+02 6.4930010e+00
         vertex 5.8439908e+01 8.6688800e+02 5.0000010e+00
         vertex 5.7639750e+01 8.6678894e+02 6.4930010e+00
      endloop
   endfacet
   facet normal -1.2285899e-01 9.9242414e-01 3.1600287e-14
      outer loop
         vertex 5.7639750e+01 8.6678894e+02 6.4930010e+00
         vertex 5.8439908e+01 8.6688800e+02 5.0000010e+00
         vertex 5.7639750e+01 8.6678894e+02 5.0000010e+00
      endloop
   endfacet
   facet normal -1.3418030e-01 9.9095694e-01 9.1117367e-14
      outer loop
         vertex 5.7639750e+01 8.6678894e+02 6.4930010e+00
         vertex 5.7639750e+01 8.6678894e+02 5.0000010e+00
         vertex 5.6840775e+01 8.6668075e+02 6.4930010e+00
      endloop
   endfacet
   facet normal -1.3418030e-01 9.9095694e-01 8.0055598e-14
      outer loop
         vertex 5.6840775e+01 8.6668075e+02 6.4930010e+00
         vertex 5.7639750e+01 8.6678894e+02 5.0000010e+00
         vertex 5.6840775e+01 8.6668075e+02 5.0000010e+00
      endloop
   endfacet
   facet normal -1.4548412e-01 9.8936059e-01 1.9046008e-13
      outer loop
         vertex 5.6840775e+01 8.6668075e+02 6.4930010e+00
         vertex 5.6840775e+01 8.6668075e+02 5.0000010e+00
         vertex 5.6043087e+01 8.6656345e+02 6.4930010e+00
      endloop
   endfacet
   facet normal -1.4548412e-01 9.8936059e-01 7.9617506e-14
      outer loop
         vertex 5.6043087e+01 8.6656345e+02 6.4930010e+00
         vertex 5.6840775e+01 8.6668075e+02 5.0000010e+00
         vertex 5.6043087e+01 8.6656345e+02 5.0000010e+00
      endloop
   endfacet
   facet normal -1.0690244e-01 9.9426951e-01 0.0000000e+00
      outer loop
         vertex 7.5147844e+01 8.6885562e+02 1.0000000e-06
         vertex 6.9571990e+01 8.6825611e+02 1.0000000e-06
         vertex 7.5147844e+01 8.6885562e+02 5.0000010e+00
      endloop
   endfacet
   facet normal -1.0690244e-01 9.9426951e-01 0.0000000e+00
      outer loop
         vertex 7.5147844e+01 8.6885562e+02 5.0000010e+00
         vertex 6.9571990e+01 8.6825611e+02 1.0000000e-06
         vertex 6.9571990e+01 8.6825611e+02 6.4930010e+00
      endloop
   endfacet
   facet normal -1.0690244e-01 9.9426951e-01 -1.2687158e-13
      outer loop
         vertex 7.5147844e+01 8.6885562e+02 5.0000010e+00
         vertex 6.9571990e+01 8.6825611e+02 6.4930010e+00
         vertex 7.5147844e+01 8.6885562e+02 6.4930010e+00
      endloop
   endfacet
   facet normal -1.1695763e-01 9.9313691e-01 0.0000000e+00
      outer loop
         vertex 6.9571990e+01 8.6825611e+02 6.4930010e+00
         vertex 6.9571990e+01 8.6825611e+02 1.0000000e-06
         vertex 6.4002488e+01 8.6760021e+02 6.4930010e+00
      endloop
   endfacet
   facet normal -1.1695763e-01 9.9313691e-01 0.0000000e+00
      outer loop
         vertex 6.4002488e+01 8.6760021e+02 6.4930010e+00
         vertex 6.9571990e+01 8.6825611e+02 1.0000000e-06
         vertex 6.4002488e+01 8.6760021e+02 1.0000000e-06
      endloop
   endfacet
   facet normal -1.2700084e-01 9.9190261e-01 0.0000000e+00
      outer loop
         vertex 6.4002488e+01 8.6760021e+02 6.4930010e+00
         vertex 6.4002488e+01 8.6760021e+02 1.0000000e-06
         vertex 5.8439908e+01 8.6688800e+02 5.0000010e+00
      endloop
   endfacet
   facet normal -1.2700084e-01 9.9190261e-01 0.0000000e+00
      outer loop
         vertex 5.8439908e+01 8.6688800e+02 5.0000010e+00
         vertex 6.4002488e+01 8.6760021e+02 1.0000000e-06
         vertex 5.8439908e+01 8.6688800e+02 1.0000000e-06
      endloop
   endfacet
   facet normal -1.2700084e-01 9.9190261e-01 8.7036110e-14
      outer loop
         vertex 5.8439908e+01 8.6688800e+02 5.0000010e+00
         vertex 5.8439908e+01 8.6688800e+02 6.4930010e+00
         vertex 6.4002488e+01 8.6760021e+02 6.4930010e+00
      endloop
   endfacet
   facet normal -7.1356480e-02 9.9745088e-01 -8.1386020e-14
      outer loop
         vertex 7.8036071e+01 8.6914374e+02 6.4930010e+00
         vertex 7.8036071e+01 8.6914374e+02 5.0000010e+00
         vertex 7.7070764e+01 8.6907469e+02 6.4930010e+00
      endloop
   endfacet
   facet normal -7.1356480e-02 9.9745088e-01 -1.0902362e-13
      outer loop
         vertex 7.7070764e+01 8.6907469e+02 6.4930010e+00
         vertex 7.8036071e+01 8.6914374e+02 5.0000010e+00
         vertex 7.7070764e+01 8.6907469e+02 5.0000010e+00
      endloop
   endfacet
   facet normal -9.9265339e-02 9.9506100e-01 -2.4132891e-13
      outer loop
         vertex 7.7070764e+01 8.6907469e+02 6.4930010e+00
         vertex 7.7070764e+01 8.6907469e+02 5.0000010e+00
         vertex 7.6107770e+01 8.6897862e+02 6.4930010e+00
      endloop
   endfacet
   facet normal -9.9265339e-02 9.9506100e-01 -2.4779318e-13
      outer loop
         vertex 7.6107770e+01 8.6897862e+02 6.4930010e+00
         vertex 7.7070764e+01 8.6907469e+02 5.0000010e+00
         vertex 7.6107770e+01 8.6897862e+02 5.0000010e+00
      endloop
   endfacet
   facet normal -1.2709631e-01 9.9189038e-01 -5.1062623e-13
      outer loop
         vertex 7.6107770e+01 8.6897862e+02 6.4930010e+00
         vertex 7.6107770e+01 8.6897862e+02 5.0000010e+00
         vertex 7.5147844e+01 8.6885562e+02 6.4930010e+00
      endloop
   endfacet
   facet normal -1.2709631e-01 9.9189038e-01 -4.1154472e-13
      outer loop
         vertex 7.5147844e+01 8.6885562e+02 6.4930010e+00
         vertex 7.6107770e+01 8.6897862e+02 5.0000010e+00
         vertex 7.5147844e+01 8.6885562e+02 5.0000010e+00
      endloop
   endfacet
   facet normal -6.5883182e-02 9.9782734e-01 -8.1727369e-14
      outer loop
         vertex 8.1426425e+01 8.6946248e+02 6.4930010e+00
         vertex 8.1426425e+01 8.6946248e+02 5.0000010e+00
         vertex 8.0293498e+01 8.6938768e+02 6.4930010e+00
      endloop
   endfacet
   facet normal -6.5883182e-02 9.9782734e-01 4.5150170e-14
      outer loop
         vertex 8.0293498e+01 8.6938768e+02 6.4930010e+00
         vertex 8.1426425e+01 8.6946248e+02 5.0000010e+00
         vertex 8.0293498e+01 8.6938768e+02 5.0000010e+00
      endloop
   endfacet
   facet normal -9.3601065e-02 9.9560978e-01 6.4146605e-14
      outer loop
         vertex 8.0293498e+01 8.6938768e+02 6.4930010e+00
         vertex 8.0293498e+01 8.6938768e+02 5.0000010e+00
         vertex 7.9163088e+01 8.6928141e+02 6.4930010e+00
      endloop
   endfacet
   facet normal -9.3601065e-02 9.9560978e-01 -4.7303297e-14
      outer loop
         vertex 7.9163088e+01 8.6928141e+02 6.4930010e+00
         vertex 8.0293498e+01 8.6938768e+02 5.0000010e+00
         vertex 7.9163088e+01 8.6928141e+02 5.0000010e+00
      endloop
   endfacet
   facet normal -1.2124658e-01 9.9262242e-01 -3.8654752e-14
      outer loop
         vertex 7.9163088e+01 8.6928141e+02 6.4930010e+00
         vertex 7.9163088e+01 8.6928141e+02 5.0000010e+00
         vertex 7.8036071e+01 8.6914374e+02 6.4930010e+00
      endloop
   endfacet
   facet normal -1.2124658e-01 9.9262242e-01 -8.4815188e-14
      outer loop
         vertex 7.8036071e+01 8.6914374e+02 6.4930010e+00
         vertex 7.9163088e+01 8.6928141e+02 5.0000010e+00
         vertex 7.8036071e+01 8.6914374e+02 5.0000010e+00
      endloop
   endfacet
   facet normal -7.1571266e-02 9.9743549e-01 -1.7492108e-14
      outer loop
         vertex 9.4044900e+01 8.7046455e+02 1.0000000e-06
         vertex 8.9836239e+01 8.7016255e+02 1.0000000e-06
         vertex 9.4044900e+01 8.7046455e+02 5.0000010e+00
      endloop
   endfacet
   facet normal -7.1571266e-02 9.9743549e-01 0.0000000e+00
      outer loop
         vertex 9.4044900e+01 8.7046455e+02 5.0000010e+00
         vertex 8.9836239e+01 8.7016255e+02 1.0000000e-06
         vertex 8.9836239e+01 8.7016255e+02 6.4930010e+00
      endloop
   endfacet
   facet normal -7.1571266e-02 9.9743549e-01 5.8580401e-14
      outer loop
         vertex 9.4044900e+01 8.7046455e+02 5.0000010e+00
         vertex 8.9836239e+01 8.7016255e+02 6.4930010e+00
         vertex 9.4044900e+01 8.7046455e+02 6.4930010e+00
      endloop
   endfacet
   facet normal -7.9163029e-02 9.9686168e-01 0.0000000e+00
      outer loop
         vertex 8.9836239e+01 8.7016255e+02 6.4930010e+00
         vertex 8.9836239e+01 8.7016255e+02 1.0000000e-06
         vertex 8.5629999e+01 8.6982852e+02 6.4930010e+00
      endloop
   endfacet
   facet normal -7.9163029e-02 9.9686168e-01 0.0000000e+00
      outer loop
         vertex 8.5629999e+01 8.6982852e+02 6.4930010e+00
         vertex 8.9836239e+01 8.7016255e+02 1.0000000e-06
         vertex 8.5629999e+01 8.6982852e+02 1.0000000e-06
      endloop
   endfacet
   facet normal -8.6750204e-02 9.9623009e-01 0.0000000e+00
      outer loop
         vertex 8.5629999e+01 8.6982852e+02 6.4930010e+00
         vertex 8.5629999e+01 8.6982852e+02 1.0000000e-06
         vertex 8.1426425e+01 8.6946248e+02 5.0000010e+00
      endloop
   endfacet
   facet normal -8.6750204e-02 9.9623009e-01 1.7692078e-14
      outer loop
         vertex 8.1426425e+01 8.6946248e+02 5.0000010e+00
         vertex 8.5629999e+01 8.6982852e+02 1.0000000e-06
         vertex 8.1426425e+01 8.6946248e+02 1.0000000e-06
      endloop
   endfacet
   facet normal -8.6750204e-02 9.9623009e-01 -5.9238788e-14
      outer loop
         vertex 8.1426425e+01 8.6946248e+02 5.0000010e+00
         vertex 8.1426425e+01 8.6946248e+02 6.4930010e+00
         vertex 8.5629999e+01 8.6982852e+02 6.4930010e+00
      endloop
   endfacet
   facet normal -3.7715701e-02 9.9928851e-01 -1.9304421e-14
      outer loop
         vertex 1.1282671e+02 8.7142059e+02 1.0000000e-06
         vertex 1.0858079e+02 8.7126033e+02 1.0000000e-06
         vertex 1.1282671e+02 8.7142059e+02 5.0000010e+00
      endloop
   endfacet
   facet normal -3.7715701e-02 9.9928851e-01 0.0000000e+00
      outer loop
         vertex 1.1282671e+02 8.7142059e+02 5.0000010e+00
         vertex 1.0858079e+02 8.7126033e+02 1.0000000e-06
         vertex 1.0858079e+02 8.7126033e+02 6.4930010e+00
      endloop
   endfacet
   facet normal -3.7715701e-02 9.9928851e-01 6.4649768e-14
      outer loop
         vertex 1.1282671e+02 8.7142059e+02 5.0000010e+00
         vertex 1.0858079e+02 8.7126033e+02 6.4930010e+00
         vertex 1.1282671e+02 8.7142059e+02 6.4930010e+00
      endloop
   endfacet
   facet normal -4.5375648e-02 9.9896999e-01 0.0000000e+00
      outer loop
         vertex 1.0858079e+02 8.7126033e+02 6.4930010e+00
         vertex 1.0858079e+02 8.7126033e+02 1.0000000e-06
         vertex 1.0433623e+02 8.7106754e+02 6.4930010e+00
      endloop
   endfacet
   facet normal -4.5375648e-02 9.9896999e-01 0.0000000e+00
      outer loop
         vertex 1.0433623e+02 8.7106754e+02 6.4930010e+00
         vertex 1.0858079e+02 8.7126033e+02 1.0000000e-06
         vertex 1.0433623e+02 8.7106754e+02 1.0000000e-06
      endloop
   endfacet
   facet normal -5.3032927e-02 9.9859276e-01 0.0000000e+00
      outer loop
         vertex 1.0433623e+02 8.7106754e+02 6.4930010e+00
         vertex 1.0433623e+02 8.7106754e+02 1.0000000e-06
         vertex 1.0009327e+02 8.7084220e+02 5.0000010e+00
      endloop
   endfacet
   facet normal -5.3032927e-02 9.9859276e-01 -1.3059488e-14
      outer loop
         vertex 1.0009327e+02 8.7084220e+02 5.0000010e+00
         vertex 1.0433623e+02 8.7106754e+02 1.0000000e-06
         vertex 1.0009327e+02 8.7084220e+02 1.0000000e-06
      endloop
   endfacet
   facet normal -5.3032927e-02 9.9859276e-01 4.3733213e-14
      outer loop
         vertex 1.0009327e+02 8.7084220e+02 5.0000010e+00
         vertex 1.0009327e+02 8.7084220e+02 6.4930010e+00
         vertex 1.0433623e+02 8.7106754e+02 6.4930010e+00
      endloop
   endfacet
   facet normal -9.0049598e-03 9.9995945e-01 2.0371609e-14
      outer loop
         vertex 1.2861765e+02 8.7173079e+02 1.0000000e-06
         vertex 1.2461354e+02 8.7169473e+02 1.0000000e-06
         vertex 1.2861765e+02 8.7173079e+02 5.0000010e+00
      endloop
   endfacet
   facet normal -9.0049598e-03 9.9995945e-01 0.0000000e+00
      outer loop
         vertex 1.2861765e+02 8.7173079e+02 5.0000010e+00
         vertex 1.2461354e+02 8.7169473e+02 1.0000000e-06
         vertex 1.2461354e+02 8.7169473e+02 6.4930010e+00
      endloop
   endfacet
   facet normal -9.0049598e-03 9.9995945e-01 -6.8223741e-14
      outer loop
         vertex 1.2861765e+02 8.7173079e+02 5.0000010e+00
         vertex 1.2461354e+02 8.7169473e+02 6.4930010e+00
         vertex 1.2861765e+02 8.7173079e+02 6.4930010e+00
      endloop
   endfacet
   facet normal -1.6229504e-02 9.9986829e-01 0.0000000e+00
      outer loop
         vertex 1.2461354e+02 8.7169473e+02 6.4930010e+00
         vertex 1.2461354e+02 8.7169473e+02 1.0000000e-06
         vertex 1.2060978e+02 8.7162974e+02 6.4930010e+00
      endloop
   endfacet
   facet normal -1.6229504e-02 9.9986829e-01 0.0000000e+00
      outer loop
         vertex 1.2060978e+02 8.7162974e+02 6.4930010e+00
         vertex 1.2461354e+02 8.7169473e+02 1.0000000e-06
         vertex 1.2060978e+02 8.7162974e+02 1.0000000e-06
      endloop
   endfacet
   facet normal -2.3453201e-02 9.9972494e-01 0.0000000e+00
      outer loop
         vertex 1.2060978e+02 8.7162974e+02 6.4930010e+00
         vertex 1.2060978e+02 8.7162974e+02 1.0000000e-06
         vertex 1.1660660e+02 8.7153583e+02 5.0000010e+00
      endloop
   endfacet
   facet normal -2.3453201e-02 9.9972494e-01 7.1311029e-15
      outer loop
         vertex 1.1660660e+02 8.7153583e+02 5.0000010e+00
         vertex 1.2060978e+02 8.7162974e+02 1.0000000e-06
         vertex 1.1660660e+02 8.7153583e+02 1.0000000e-06
      endloop
   endfacet
   facet normal -2.3453201e-02 9.9972494e-01 -2.3883702e-14
      outer loop
         vertex 1.1660660e+02 8.7153583e+02 5.0000010e+00
         vertex 1.1660660e+02 8.7153583e+02 6.4930010e+00
         vertex 1.2060978e+02 8.7162974e+02 6.4930010e+00
      endloop
   endfacet
   facet normal 1.5043994e-02 9.9988683e-01 -3.0589667e-14
      outer loop
         vertex 1.4157400e+02 8.7164920e+02 1.0000000e-06
         vertex 1.3831371e+02 8.7169826e+02 1.0000000e-06
         vertex 1.4157400e+02 8.7164920e+02 5.0000010e+00
      endloop
   endfacet
   facet normal 1.5043994e-02 9.9988683e-01 -0.0000000e+00
      outer loop
         vertex 1.4157400e+02 8.7164920e+02 5.0000010e+00
         vertex 1.3831371e+02 8.7169826e+02 1.0000000e-06
         vertex 1.3831371e+02 8.7169826e+02 6.4930010e+00
      endloop
   endfacet
   facet normal 1.5043994e-02 9.9988683e-01 1.0244363e-13
      outer loop
         vertex 1.4157400e+02 8.7164920e+02 5.0000010e+00
         vertex 1.3831371e+02 8.7169826e+02 6.4930010e+00
         vertex 1.4157400e+02 8.7164920e+02 6.4930010e+00
      endloop
   endfacet
   facet normal 9.1610603e-03 9.9995804e-01 0.0000000e+00
      outer loop
         vertex 1.3831371e+02 8.7169826e+02 6.4930010e+00
         vertex 1.3831371e+02 8.7169826e+02 1.0000000e-06
         vertex 1.3505319e+02 8.7172813e+02 6.4930010e+00
      endloop
   endfacet
   facet normal 9.1610603e-03 9.9995804e-01 0.0000000e+00
      outer loop
         vertex 1.3505319e+02 8.7172813e+02 6.4930010e+00
         vertex 1.3831371e+02 8.7169826e+02 1.0000000e-06
         vertex 1.3505319e+02 8.7172813e+02 1.0000000e-06
      endloop
   endfacet
   facet normal 3.2778096e-03 9.9999463e-01 0.0000000e+00
      outer loop
         vertex 1.3505319e+02 8.7172813e+02 6.4930010e+00
         vertex 1.3505319e+02 8.7172813e+02 1.0000000e-06
         vertex 1.3179255e+02 8.7173882e+02 5.0000010e+00
      endloop
   endfacet
   facet normal 3.2778096e-03 9.9999463e-01 -2.1991856e-14
      outer loop
         vertex 1.3179255e+02 8.7173882e+02 5.0000010e+00
         vertex 1.3505319e+02 8.7172813e+02 1.0000000e-06
         vertex 1.3179255e+02 8.7173882e+02 1.0000000e-06
      endloop
   endfacet
   facet normal 3.2778096e-03 9.9999463e-01 7.3650227e-14
      outer loop
         vertex 1.3179255e+02 8.7173882e+02 5.0000010e+00
         vertex 1.3179255e+02 8.7173882e+02 6.4930010e+00
         vertex 1.3505319e+02 8.7172813e+02 6.4930010e+00
      endloop
   endfacet
   facet normal 3.9118486e-02 9.9923458e-01 -6.4615092e-15
      outer loop
         vertex 1.5500917e+02 8.7124451e+02 1.0000000e-06
         vertex 1.5156336e+02 8.7137941e+02 1.0000000e-06
         vertex 1.5500917e+02 8.7124451e+02 5.0000010e+00
      endloop
   endfacet
   facet normal 3.9118486e-02 9.9923458e-01 -0.0000000e+00
      outer loop
         vertex 1.5500917e+02 8.7124451e+02 5.0000010e+00
         vertex 1.5156336e+02 8.7137941e+02 1.0000000e-06
         vertex 1.5156336e+02 8.7137941e+02 6.4930010e+00
      endloop
   endfacet
   facet normal 3.9118486e-02 9.9923458e-01 2.1639348e-14
      outer loop
         vertex 1.5500917e+02 8.7124451e+02 5.0000010e+00
         vertex 1.5156336e+02 8.7137941e+02 6.4930010e+00
         vertex 1.5500917e+02 8.7124451e+02 6.4930010e+00
      endloop
   endfacet
   facet normal 3.2900319e-02 9.9945864e-01 0.0000000e+00
      outer loop
         vertex 1.5156336e+02 8.7137941e+02 6.4930010e+00
         vertex 1.5156336e+02 8.7137941e+02 1.0000000e-06
         vertex 1.4811678e+02 8.7149286e+02 6.4930010e+00
      endloop
   endfacet
   facet normal 3.2900319e-02 9.9945864e-01 0.0000000e+00
      outer loop
         vertex 1.4811678e+02 8.7149286e+02 6.4930010e+00
         vertex 1.5156336e+02 8.7137941e+02 1.0000000e-06
         vertex 1.4811678e+02 8.7149286e+02 1.0000000e-06
      endloop
   endfacet
   facet normal 2.6680878e-02 9.9964400e-01 0.0000000e+00
      outer loop
         vertex 1.4811678e+02 8.7149286e+02 6.4930010e+00
         vertex 1.4811678e+02 8.7149286e+02 1.0000000e-06
         vertex 1.4466956e+02 8.7158487e+02 5.0000010e+00
      endloop
   endfacet
   facet normal 2.6680878e-02 9.9964400e-01 5.6643644e-14
      outer loop
         vertex 1.4466956e+02 8.7158487e+02 5.0000010e+00
         vertex 1.4811678e+02 8.7149286e+02 1.0000000e-06
         vertex 1.4466956e+02 8.7158487e+02 1.0000000e-06
      endloop
   endfacet
   facet normal 2.6680878e-02 9.9964400e-01 -1.8968922e-13
      outer loop
         vertex 1.4466956e+02 8.7158487e+02 5.0000010e+00
         vertex 1.4466956e+02 8.7158487e+02 6.4930010e+00
         vertex 1.4811678e+02 8.7149286e+02 6.4930010e+00
      endloop
   endfacet
   facet normal 6.4873007e-02 9.9789353e-01 2.4721530e-15
      outer loop
         vertex 1.6948228e+02 8.7044308e+02 1.0000000e-06
         vertex 1.6563719e+02 8.7069305e+02 1.0000000e-06
         vertex 1.6948228e+02 8.7044308e+02 5.0000010e+00
      endloop
   endfacet
   facet normal 6.4873007e-02 9.9789353e-01 -0.0000000e+00
      outer loop
         vertex 1.6948228e+02 8.7044308e+02 5.0000010e+00
         vertex 1.6563719e+02 8.7069305e+02 1.0000000e-06
         vertex 1.6563719e+02 8.7069305e+02 6.4930010e+00
      endloop
   endfacet
   facet normal 6.4873007e-02 9.9789353e-01 -8.2791459e-15
      outer loop
         vertex 1.6948228e+02 8.7044308e+02 5.0000010e+00
         vertex 1.6563719e+02 8.7069305e+02 6.4930010e+00
         vertex 1.6948228e+02 8.7044308e+02 6.4930010e+00
      endloop
   endfacet
   facet normal 5.7933599e-02 9.9832044e-01 0.0000000e+00
      outer loop
         vertex 1.6563719e+02 8.7069305e+02 6.4930010e+00
         vertex 1.6563719e+02 8.7069305e+02 1.0000000e-06
         vertex 1.6179046e+02 8.7091628e+02 6.4930010e+00
      endloop
   endfacet
   facet normal 5.7933599e-02 9.9832044e-01 0.0000000e+00
      outer loop
         vertex 1.6179046e+02 8.7091628e+02 6.4930010e+00
         vertex 1.6563719e+02 8.7069305e+02 1.0000000e-06
         vertex 1.6179046e+02 8.7091628e+02 1.0000000e-06
      endloop
   endfacet
   facet normal 5.0991390e-02 9.9869909e-01 0.0000000e+00
      outer loop
         vertex 1.6179046e+02 8.7091628e+02 6.4930010e+00
         vertex 1.6179046e+02 8.7091628e+02 1.0000000e-06
         vertex 1.5794226e+02 8.7111276e+02 5.0000010e+00
      endloop
   endfacet
   facet normal 5.0991390e-02 9.9869909e-01 3.7595165e-14
      outer loop
         vertex 1.5794226e+02 8.7111276e+02 5.0000010e+00
         vertex 1.6179046e+02 8.7091628e+02 1.0000000e-06
         vertex 1.5794226e+02 8.7111276e+02 1.0000000e-06
      endloop
   endfacet
   facet normal 5.0991390e-02 9.9869909e-01 -1.2591289e-13
      outer loop
         vertex 1.5794226e+02 8.7111276e+02 5.0000010e+00
         vertex 1.5794226e+02 8.7111276e+02 6.4930010e+00
         vertex 1.6179046e+02 8.7091628e+02 6.4930010e+00
      endloop
   endfacet
   facet normal 9.6342832e-02 9.9534821e-01 1.8264927e-14
      outer loop
         vertex 1.8747624e+02 8.6891556e+02 1.0000000e-06
         vertex 1.8252478e+02 8.6939483e+02 1.0000000e-06
         vertex 1.8747624e+02 8.6891556e+02 5.0000010e+00
      endloop
   endfacet
   facet normal 9.6342832e-02 9.9534821e-01 -0.0000000e+00
      outer loop
         vertex 1.8747624e+02 8.6891556e+02 5.0000010e+00
         vertex 1.8252478e+02 8.6939483e+02 1.0000000e-06
         vertex 1.8252478e+02 8.6939483e+02 6.4930010e+00
      endloop
   endfacet
   facet normal 9.6342832e-02 9.9534821e-01 -6.1168544e-14
      outer loop
         vertex 1.8747624e+02 8.6891556e+02 5.0000010e+00
         vertex 1.8252478e+02 8.6939483e+02 6.4930010e+00
         vertex 1.8747624e+02 8.6891556e+02 6.4930010e+00
      endloop
   endfacet
   facet normal 8.7404887e-02 9.9617287e-01 0.0000000e+00
      outer loop
         vertex 1.8252478e+02 8.6939483e+02 6.4930010e+00
         vertex 1.8252478e+02 8.6939483e+02 1.0000000e-06
         vertex 1.7756923e+02 8.6982963e+02 6.4930010e+00
      endloop
   endfacet
   facet normal 8.7404887e-02 9.9617287e-01 0.0000000e+00
      outer loop
         vertex 1.7756923e+02 8.6982963e+02 6.4930010e+00
         vertex 1.8252478e+02 8.6939483e+02 1.0000000e-06
         vertex 1.7756923e+02 8.6982963e+02 1.0000000e-06
      endloop
   endfacet
   facet normal 7.8459899e-02 9.9691727e-01 0.0000000e+00
      outer loop
         vertex 1.7756923e+02 8.6982963e+02 6.4930010e+00
         vertex 1.7756923e+02 8.6982963e+02 1.0000000e-06
         vertex 1.7260996e+02 8.7021994e+02 5.0000010e+00
      endloop
   endfacet
   facet normal 7.8459899e-02 9.9691727e-01 2.5808360e-14
      outer loop
         vertex 1.7260996e+02 8.7021994e+02 5.0000010e+00
         vertex 1.7756923e+02 8.6982963e+02 1.0000000e-06
         vertex 1.7260996e+02 8.7021994e+02 1.0000000e-06
      endloop
   endfacet
   facet normal 7.8459899e-02 9.9691727e-01 -8.6448124e-14
      outer loop
         vertex 1.7260996e+02 8.7021994e+02 5.0000010e+00
         vertex 1.7260996e+02 8.7021994e+02 6.4930010e+00
         vertex 1.7756923e+02 8.6982963e+02 6.4930010e+00
      endloop
   endfacet
   facet normal 1.2457673e-01 9.9220998e-01 6.0484973e-14
      outer loop
         vertex 2.0274412e+02 8.6715435e+02 1.0000000e-06
         vertex 1.9855236e+02 8.6768064e+02 1.0000000e-06
         vertex 2.0274412e+02 8.6715435e+02 5.0000010e+00
      endloop
   endfacet
   facet normal 1.2457673e-01 9.9220998e-01 -0.0000000e+00
      outer loop
         vertex 2.0274412e+02 8.6715435e+02 5.0000010e+00
         vertex 1.9855236e+02 8.6768064e+02 1.0000000e-06
         vertex 1.9855236e+02 8.6768064e+02 6.4930010e+00
      endloop
   endfacet
   facet normal 1.2457673e-01 9.9220998e-01 -2.0256187e-13
      outer loop
         vertex 2.0274412e+02 8.6715435e+02 5.0000010e+00
         vertex 1.9855236e+02 8.6768064e+02 6.4930010e+00
         vertex 2.0274412e+02 8.6715435e+02 6.4930010e+00
      endloop
   endfacet
   facet normal 1.1700977e-01 9.9313076e-01 0.0000000e+00
      outer loop
         vertex 1.9855236e+02 8.6768064e+02 6.4930010e+00
         vertex 1.9855236e+02 8.6768064e+02 1.0000000e-06
         vertex 1.9435672e+02 8.6817497e+02 6.4930010e+00
      endloop
   endfacet
   facet normal 1.1700977e-01 9.9313076e-01 0.0000000e+00
      outer loop
         vertex 1.9435672e+02 8.6817497e+02 6.4930010e+00
         vertex 1.9855236e+02 8.6768064e+02 1.0000000e-06
         vertex 1.9435672e+02 8.6817497e+02 1.0000000e-06
      endloop
   endfacet
   facet normal 1.0943602e-01 9.9399384e-01 0.0000000e+00
      outer loop
         vertex 1.9435672e+02 8.6817497e+02 6.4930010e+00
         vertex 1.9435672e+02 8.6817497e+02 1.0000000e-06
         vertex 1.9015742e+02 8.6863730e+02 5.0000010e+00
      endloop
   endfacet
   facet normal 1.0943602e-01 9.9399384e-01 4.4170639e-14
      outer loop
         vertex 1.9015742e+02 8.6863730e+02 5.0000010e+00
         vertex 1.9435672e+02 8.6817497e+02 1.0000000e-06
         vertex 1.9015742e+02 8.6863730e+02 1.0000000e-06
      endloop
   endfacet
   facet normal 1.0943602e-01 9.9399384e-01 -1.4792533e-13
      outer loop
         vertex 1.9015742e+02 8.6863730e+02 5.0000010e+00
         vertex 1.9015742e+02 8.6863730e+02 6.4930010e+00
         vertex 1.9435672e+02 8.6817497e+02 6.4930010e+00
      endloop
   endfacet
   facet normal 1.4713147e-01 9.8911694e-01 0.0000000e+00
      outer loop
         vertex 2.1416745e+02 8.6555481e+02 6.4930010e+00
         vertex 2.1416745e+02 8.6555481e+02 1.0000000e-06
         vertex 2.1213017e+02 8.6585786e+02 6.4930010e+00
      endloop
   endfacet
   facet normal 1.4713147e-01 9.8911694e-01 0.0000000e+00
      outer loop
         vertex 2.1213017e+02 8.6585786e+02 6.4930010e+00
         vertex 2.1416745e+02 8.6555481e+02 1.0000000e-06
         vertex 2.1213017e+02 8.6585786e+02 1.0000000e-06
      endloop
   endfacet
   facet normal 1.4345451e-01 9.8965691e-01 0.0000000e+00
      outer loop
         vertex 2.1213017e+02 8.6585786e+02 6.4930010e+00
         vertex 2.1213017e+02 8.6585786e+02 1.0000000e-06
         vertex 2.1009179e+02 8.6615333e+02 6.4930010e+00
      endloop
   endfacet
   facet normal 1.4345451e-01 9.8965691e-01 0.0000000e+00
      outer loop
         vertex 2.1009179e+02 8.6615333e+02 6.4930010e+00
         vertex 2.1213017e+02 8.6585786e+02 1.0000000e-06
         vertex 2.1009179e+02 8.6615333e+02 1.0000000e-06
      endloop
   endfacet
   facet normal 1.3977556e-01 9.9018321e-01 0.0000000e+00
      outer loop
         vertex 2.1009179e+02 8.6615333e+02 6.4930010e+00
         vertex 2.1009179e+02 8.6615333e+02 1.0000000e-06
         vertex 2.0805232e+02 8.6644122e+02 5.0000010e+00
      endloop
   endfacet
   facet normal 1.3977556e-01 9.9018321e-01 3.0228467e-14
      outer loop
         vertex 2.0805232e+02 8.6644122e+02 5.0000010e+00
         vertex 2.1009179e+02 8.6615333e+02 1.0000000e-06
         vertex 2.0805232e+02 8.6644122e+02 1.0000000e-06
      endloop
   endfacet
   facet normal 1.3977556e-01 9.9018321e-01 -1.0120976e-13
      outer loop
         vertex 2.0805232e+02 8.6644122e+02 5.0000010e+00
         vertex 2.0805232e+02 8.6644122e+02 6.4930010e+00
         vertex 2.1009179e+02 8.6615333e+02 6.4930010e+00
      endloop
   endfacet
   facet normal 0.0000000e+00 -0.0000000e+00 1.0000000e+00
      outer loop
         vertex 2.1416745e+02 8.6001880e+02 6.4930010e+00
         vertex 2.1416745e+02 8.6555481e+02 6.4930010e+00
         vertex 1.8431032e+02 8.6363891e+02 6.4930010e+00
      endloop
   endfacet
   facet normal 0.0000000e+00 -0.0000000e+00 1.0000000e+00
      outer loop
         vertex 1.8431032e+02 8.6363891e+02 6.4930010e+00
         vertex 2.1416745e+02 8.6555481e+02 6.4930010e+00
         vertex 2.1213017e+02 8.6585786e+02 6.4930010e+00
      endloop
   endfacet
   facet normal 0.0000000e+00 -0.0000000e+00 1.0000000e+00
      outer loop
         vertex 1.8431032e+02 8.6363891e+02 6.4930010e+00
         vertex 2.1213017e+02 8.6585786e+02 6.4930010e+00
         vertex 2.1009179e+02 8.6615333e+02 6.4930010e+00
      endloop
   endfacet
   facet normal 0.0000000e+00 0.0000000e+00 1.0000000e+00
      outer loop
         vertex 2.1009179e+02 8.6615333e+02 6.4930010e+00
         vertex 2.0805232e+02 8.6644122e+02 6.4930010e+00
         vertex 1.8431032e+02 8.6363891e+02 6.4930010e+00
      endloop
   endfacet
   facet normal 0.0000000e+00 -0.0000000e+00 1.0000000e+00
      outer loop
         vertex 1.8431032e+02 8.6363891e+02 6.4930010e+00
         vertex 2.0805232e+02 8.6644122e+02 6.4930010e+00
         vertex 1.5430727e+02 8.6572939e+02 6.4930010e+00
      endloop
   endfacet
   facet normal 0.0000000e+00 -0.0000000e+00 1.0000000e+00
      outer loop
         vertex 1.5430727e+02 8.6572939e+02 6.4930010e+00
         vertex 2.0805232e+02 8.6644122e+02 6.4930010e+00
         vertex 2.0628552e+02 8.6669805e+02 6.4930010e+00
      endloop
   endfacet
   facet normal 0.0000000e+00 -0.0000000e+00 1.0000000e+00
      outer loop
         vertex 1.5430727e+02 8.6572939e+02 6.4930010e+00
         vertex 2.0628552e+02 8.6669805e+02 6.4930010e+00
         vertex 2.0451605e+02 8.6693576e+02 6.4930010e+00
      endloop
   endfacet
   facet normal 0.0000000e+00 0.0000000e+00 1.0000000e+00
      outer loop
         vertex 2.0451605e+02 8.6693576e+02 6.4930010e+00
         vertex 2.0274412e+02 8.6715435e+02 6.4930010e+00
         vertex 1.5430727e+02 8.6572939e+02 6.4930010e+00
      endloop
   endfacet
   facet normal 0.0000000e+00 -0.0000000e+00 1.0000000e+00
      outer loop
         vertex 1.5430727e+02 8.6572939e+02 6.4930010e+00
         vertex 2.0274412e+02 8.6715435e+02 6.4930010e+00
         vertex 1.9855236e+02 8.6768064e+02 6.4930010e+00
      endloop
   endfacet
   facet normal 0.0000000e+00 -0.0000000e+00 1.0000000e+00
      outer loop
         vertex 1.5430727e+02 8.6572939e+02 6.4930010e+00
         vertex 1.9855236e+02 8.6768064e+02 6.4930010e+00
         vertex 1.9435672e+02 8.6817497e+02 6.4930010e+00
      endloop
   endfacet
   facet normal 0.0000000e+00 0.0000000e+00 1.0000000e+00
      outer loop
         vertex 1.9435672e+02 8.6817497e+02 6.4930010e+00
         vertex 1.9015742e+02 8.6863730e+02 6.4930010e+00
         vertex 1.5430727e+02 8.6572939e+02 6.4930010e+00
      endloop
   endfacet
   facet normal 0.0000000e+00 -0.0000000e+00 1.0000000e+00
      outer loop
         vertex 1.5430727e+02 8.6572939e+02 6.4930010e+00
         vertex 1.9015742e+02 8.6863730e+02 6.4930010e+00
         vertex 1.8926426e+02 8.6873541e+02 6.4930010e+00
      endloop
   endfacet
   facet normal 0.0000000e+00 -0.0000000e+00 1.0000000e+00
      outer loop
         vertex 1.5430727e+02 8.6572939e+02 6.4930010e+00
         vertex 1.8926426e+02 8.6873541e+02 6.4930010e+00
         vertex 1.8837052e+02 8.6882816e+02 6.4930010e+00
      endloop
   endfacet
   facet normal 0.0000000e+00 0.0000000e+00 1.0000000e+00
      outer loop
         vertex 1.8837052e+02 8.6882816e+02 6.4930010e+00
         vertex 1.8747624e+02 8.6891556e+02 6.4930010e+00
         vertex 1.5430727e+02 8.6572939e+02 6.4930010e+00
      endloop
   endfacet
   facet normal 0.0000000e+00 -0.0000000e+00 1.0000000e+00
      outer loop
         vertex 1.5430727e+02 8.6572939e+02 6.4930010e+00
         vertex 1.8747624e+02 8.6891556e+02 6.4930010e+00
         vertex 1.8252478e+02 8.6939483e+02 6.4930010e+00
      endloop
   endfacet
   facet normal 0.0000000e+00 -0.0000000e+00 1.0000000e+00
      outer loop
         vertex 1.5430727e+02 8.6572939e+02 6.4930010e+00
         vertex 1.8252478e+02 8.6939483e+02 6.4930010e+00
         vertex 1.7756923e+02 8.6982963e+02 6.4930010e+00
      endloop
   endfacet
   facet normal 0.0000000e+00 0.0000000e+00 1.0000000e+00
      outer loop
         vertex 1.7756923e+02 8.6982963e+02 6.4930010e+00
         vertex 1.7260996e+02 8.7021994e+02 6.4930010e+00
         vertex 1.5430727e+02 8.6572939e+02 6.4930010e+00
      endloop
   endfacet
   facet normal 0.0000000e+00 -0.0000000e+00 1.0000000e+00
      outer loop
         vertex 1.5430727e+02 8.6572939e+02 6.4930010e+00
         vertex 1.7260996e+02 8.7021994e+02 6.4930010e+00
         vertex 1.2423660e+02 8.6628479e+02 6.4930010e+00
      endloop
   endfacet
   facet normal 0.0000000e+00 -0.0000000e+00 1.0000000e+00
      outer loop
         vertex 1.2423660e+02 8.6628479e+02 6.4930010e+00
         vertex 1.7260996e+02 8.7021994e+02 6.4930010e+00
         vertex 1.6948228e+02 8.7044308e+02 6.4930010e+00
      endloop
   endfacet
   facet normal 0.0000000e+00 -0.0000000e+00 1.0000000e+00
      outer loop
         vertex 1.2423660e+02 8.6628479e+02 6.4930010e+00
         vertex 1.6948228e+02 8.7044308e+02 6.4930010e+00
         vertex 1.6563719e+02 8.7069305e+02 6.4930010e+00
      endloop
   endfacet
   facet normal 0.0000000e+00 0.0000000e+00 1.0000000e+00
      outer loop
         vertex 1.7260996e+02 8.7021994e+02 6.4930010e+00
         vertex 1.7156800e+02 8.7030257e+02 6.4930010e+00
         vertex 1.6948228e+02 8.7044308e+02 6.4930010e+00
      endloop
   endfacet
   facet normal -0.0000000e+00 -0.0000000e+00 1.0000000e+00
      outer loop
         vertex 1.6948228e+02 8.7044308e+02 6.4930010e+00
         vertex 1.7156800e+02 8.7030257e+02 6.4930010e+00
         vertex 1.7052542e+02 8.7037695e+02 6.4930010e+00
      endloop
   endfacet
   facet normal 0.0000000e+00 0.0000000e+00 1.0000000e+00
      outer loop
         vertex 1.6563719e+02 8.7069305e+02 6.4930010e+00
         vertex 1.6179046e+02 8.7091628e+02 6.4930010e+00
         vertex 1.2423660e+02 8.6628479e+02 6.4930010e+00
      endloop
   endfacet
   facet normal 0.0000000e+00 -0.0000000e+00 1.0000000e+00
      outer loop
         vertex 1.2423660e+02 8.6628479e+02 6.4930010e+00
         vertex 1.6179046e+02 8.7091628e+02 6.4930010e+00
         vertex 1.5794226e+02 8.7111276e+02 6.4930010e+00
      endloop
   endfacet
   facet normal 0.0000000e+00 -0.0000000e+00 1.0000000e+00
      outer loop
         vertex 1.2423660e+02 8.6628479e+02 6.4930010e+00
         vertex 1.5794226e+02 8.7111276e+02 6.4930010e+00
         vertex 1.5500917e+02 8.7124451e+02 6.4930010e+00
      endloop
   endfacet
   facet normal -0.0000000e+00 -0.0000000e+00 1.0000000e+00
      outer loop
         vertex 1.5500917e+02 8.7124451e+02 6.4930010e+00
         vertex 1.5794226e+02 8.7111276e+02 6.4930010e+00
         vertex 1.5696494e+02 8.7116481e+02 6.4930010e+00
      endloop
   endfacet
   facet normal -0.0000000e+00 -0.0000000e+00 1.0000000e+00
      outer loop
         vertex 1.5500917e+02 8.7124451e+02 6.4930010e+00
         vertex 1.5696494e+02 8.7116481e+02 6.4930010e+00
         vertex 1.5598722e+02 8.7120873e+02 6.4930010e+00
      endloop
   endfacet
   facet normal 0.0000000e+00 0.0000000e+00 1.0000000e+00
      outer loop
         vertex 1.5500917e+02 8.7124451e+02 6.4930010e+00
         vertex 1.5156336e+02 8.7137941e+02 6.4930010e+00
         vertex 1.2423660e+02 8.6628479e+02 6.4930010e+00
      endloop
   endfacet
   facet normal 0.0000000e+00 -0.0000000e+00 1.0000000e+00
      outer loop
         vertex 1.2423660e+02 8.6628479e+02 6.4930010e+00
         vertex 1.5156336e+02 8.7137941e+02 6.4930010e+00
         vertex 1.4811678e+02 8.7149286e+02 6.4930010e+00
      endloop
   endfacet
   facet normal 0.0000000e+00 -0.0000000e+00 1.0000000e+00
      outer loop
         vertex 1.2423660e+02 8.6628479e+02 6.4930010e+00
         vertex 1.4811678e+02 8.7149286e+02 6.4930010e+00
         vertex 1.4466956e+02 8.7158487e+02 6.4930010e+00
      endloop
   endfacet
   facet normal 0.0000000e+00 -0.0000000e+00 1.0000000e+00
      outer loop
         vertex 1.2423660e+02 8.6628479e+02 6.4930010e+00
         vertex 1.4466956e+02 8.7158487e+02 6.4930010e+00
         vertex 1.4157400e+02 8.7164920e+02 6.4930010e+00
      endloop
   endfacet
   facet normal -0.0000000e+00 -0.0000000e+00 1.0000000e+00
      outer loop
         vertex 1.4157400e+02 8.7164920e+02 6.4930010e+00
         vertex 1.4466956e+02 8.7158487e+02 6.4930010e+00
         vertex 1.4363794e+02 8.7161653e+02 6.4930010e+00
      endloop
   endfacet
   facet normal -0.0000000e+00 -0.0000000e+00 1.0000000e+00
      outer loop
         vertex 1.4157400e+02 8.7164920e+02 6.4930010e+00
         vertex 1.4363794e+02 8.7161653e+02 6.4930010e+00
         vertex 1.4260605e+02 8.7163797e+02 6.4930010e+00
      endloop
   endfacet
   facet normal 0.0000000e+00 0.0000000e+00 1.0000000e+00
      outer loop
         vertex 1.4157400e+02 8.7164920e+02 6.4930010e+00
         vertex 1.3831371e+02 8.7169826e+02 6.4930010e+00
         vertex 1.2423660e+02 8.6628479e+02 6.4930010e+00
      endloop
   endfacet
   facet normal 0.0000000e+00 -0.0000000e+00 1.0000000e+00
      outer loop
         vertex 1.2423660e+02 8.6628479e+02 6.4930010e+00
         vertex 1.3831371e+02 8.7169826e+02 6.4930010e+00
         vertex 1.3505319e+02 8.7172813e+02 6.4930010e+00
      endloop
   endfacet
   facet normal 0.0000000e+00 -0.0000000e+00 1.0000000e+00
      outer loop
         vertex 1.2423660e+02 8.6628479e+02 6.4930010e+00
         vertex 1.3505319e+02 8.7172813e+02 6.4930010e+00
         vertex 1.3179255e+02 8.7173882e+02 6.4930010e+00
      endloop
   endfacet
   facet normal 0.0000000e+00 0.0000000e+00 1.0000000e+00
      outer loop
         vertex 1.3073424e+02 8.7174840e+02 6.4930010e+00
         vertex 1.2967590e+02 8.7174572e+02 6.4930010e+00
         vertex 1.3179255e+02 8.7173882e+02 6.4930010e+00
      endloop
   endfacet
   facet normal 0.0000000e+00 0.0000000e+00 1.0000000e+00
      outer loop
         vertex 1.3179255e+02 8.7173882e+02 6.4930010e+00
         vertex 1.2967590e+02 8.7174572e+02 6.4930010e+00
         vertex 1.2861765e+02 8.7173079e+02 6.4930010e+00
      endloop
   endfacet
   facet normal 0.0000000e+00 0.0000000e+00 1.0000000e+00
      outer loop
         vertex 1.3179255e+02 8.7173882e+02 6.4930010e+00
         vertex 1.2861765e+02 8.7173079e+02 6.4930010e+00
         vertex 1.2423660e+02 8.6628479e+02 6.4930010e+00
      endloop
   endfacet
   facet normal 0.0000000e+00 -0.0000000e+00 1.0000000e+00
      outer loop
         vertex 1.2423660e+02 8.6628479e+02 6.4930010e+00
         vertex 1.2861765e+02 8.7173079e+02 6.4930010e+00
         vertex 1.2461354e+02 8.7169473e+02 6.4930010e+00
      endloop
   endfacet
   facet normal 0.0000000e+00 -0.0000000e+00 1.0000000e+00
      outer loop
         vertex 1.2423660e+02 8.6628479e+02 6.4930010e+00
         vertex 1.2461354e+02 8.7169473e+02 6.4930010e+00
         vertex 1.2060978e+02 8.7162974e+02 6.4930010e+00
      endloop
   endfacet
   facet normal 0.0000000e+00 0.0000000e+00 1.0000000e+00
      outer loop
         vertex 1.2060978e+02 8.7162974e+02 6.4930010e+00
         vertex 1.1660660e+02 8.7153583e+02 6.4930010e+00
         vertex 1.2423660e+02 8.6628479e+02 6.4930010e+00
      endloop
   endfacet
   facet normal 0.0000000e+00 0.0000000e+00 1.0000000e+00
      outer loop
         vertex 1.2423660e+02 8.6628479e+02 6.4930010e+00
         vertex 1.1660660e+02 8.7153583e+02 6.4930010e+00
         vertex 1.1282671e+02 8.7142059e+02 6.4930010e+00
      endloop
   endfacet
   facet normal 0.0000000e+00 0.0000000e+00 1.0000000e+00
      outer loop
         vertex 1.2423660e+02 8.6628479e+02 6.4930010e+00
         vertex 1.1282671e+02 8.7142059e+02 6.4930010e+00
         vertex 1.0858079e+02 8.7126033e+02 6.4930010e+00
      endloop
   endfacet
   facet normal -0.0000000e+00 0.0000000e+00 1.0000000e+00
      outer loop
         vertex 1.1534606e+02 8.7151841e+02 6.4930010e+00
         vertex 1.1408597e+02 8.7148000e+02 6.4930010e+00
         vertex 1.1660660e+02 8.7153583e+02 6.4930010e+00
      endloop
   endfacet
   facet normal 0.0000000e+00 0.0000000e+00 1.0000000e+00
      outer loop
         vertex 1.1660660e+02 8.7153583e+02 6.4930010e+00
         vertex 1.1408597e+02 8.7148000e+02 6.4930010e+00
         vertex 1.1282671e+02 8.7142059e+02 6.4930010e+00
      endloop
   endfacet
   facet normal 0.0000000e+00 0.0000000e+00 1.0000000e+00
      outer loop
         vertex 1.0858079e+02 8.7126033e+02 6.4930010e+00
         vertex 1.0433623e+02 8.7106754e+02 6.4930010e+00
         vertex 1.2423660e+02 8.6628479e+02 6.4930010e+00
      endloop
   endfacet
   facet normal 0.0000000e+00 0.0000000e+00 1.0000000e+00
      outer loop
         vertex 1.2423660e+02 8.6628479e+02 6.4930010e+00
         vertex 1.0433623e+02 8.7106754e+02 6.4930010e+00
         vertex 1.0009327e+02 8.7084220e+02 6.4930010e+00
      endloop
   endfacet
   facet normal 0.0000000e+00 0.0000000e+00 1.0000000e+00
      outer loop
         vertex 1.2423660e+02 8.6628479e+02 6.4930010e+00
         vertex 1.0009327e+02 8.7084220e+02 6.4930010e+00
         vertex 9.4044900e+01 8.7046455e+02 6.4930010e+00
      endloop
   endfacet
   facet normal 0.0000000e+00 -0.0000000e+00 1.0000000e+00
      outer loop
         vertex 9.4044900e+01 8.7046455e+02 6.4930010e+00
         vertex 1.0009327e+02 8.7084220e+02 6.4930010e+00
         vertex 9.6633195e+01 8.7066760e+02 6.4930010e+00
      endloop
   endfacet
   facet normal 0.0000000e+00 -0.0000000e+00 1.0000000e+00
      outer loop
         vertex 9.4044900e+01 8.7046455e+02 6.4930010e+00
         vertex 9.6633195e+01 8.7066760e+02 6.4930010e+00
         vertex 9.4906602e+01 8.7054536e+02 6.4930010e+00
      endloop
   endfacet
   facet normal 0.0000000e+00 -0.0000000e+00 1.0000000e+00
      outer loop
         vertex 9.4906602e+01 8.7054536e+02 6.4930010e+00
         vertex 9.6633195e+01 8.7066760e+02 6.4930010e+00
         vertex 9.5769434e+01 8.7061305e+02 6.4930010e+00
      endloop
   endfacet
   facet normal -0.0000000e+00 0.0000000e+00 1.0000000e+00
      outer loop
         vertex 9.8938856e+01 8.7080640e+02 6.4930010e+00
         vertex 9.7785352e+01 8.7074820e+02 6.4930010e+00
         vertex 1.0009327e+02 8.7084220e+02 6.4930010e+00
      endloop
   endfacet
   facet normal 0.0000000e+00 0.0000000e+00 1.0000000e+00
      outer loop
         vertex 1.0009327e+02 8.7084220e+02 6.4930010e+00
         vertex 9.7785352e+01 8.7074820e+02 6.4930010e+00
         vertex 9.6633195e+01 8.7066760e+02 6.4930010e+00
      endloop
   endfacet
   facet normal 0.0000000e+00 0.0000000e+00 1.0000000e+00
      outer loop
         vertex 9.4044900e+01 8.7046455e+02 6.4930010e+00
         vertex 8.9836239e+01 8.7016255e+02 6.4930010e+00
         vertex 1.2423660e+02 8.6628479e+02 6.4930010e+00
      endloop
   endfacet
   facet normal 0.0000000e+00 0.0000000e+00 1.0000000e+00
      outer loop
         vertex 1.2423660e+02 8.6628479e+02 6.4930010e+00
         vertex 8.9836239e+01 8.7016255e+02 6.4930010e+00
         vertex 8.5629999e+01 8.6982852e+02 6.4930010e+00
      endloop
   endfacet
   facet normal 0.0000000e+00 0.0000000e+00 1.0000000e+00
      outer loop
         vertex 1.2423660e+02 8.6628479e+02 6.4930010e+00
         vertex 8.5629999e+01 8.6982852e+02 6.4930010e+00
         vertex 8.1426425e+01 8.6946248e+02 6.4930010e+00
      endloop
   endfacet
   facet normal -0.0000000e+00 0.0000000e+00 1.0000000e+00
      outer loop
         vertex 8.0293498e+01 8.6938768e+02 6.4930010e+00
         vertex 7.9163088e+01 8.6928141e+02 6.4930010e+00
         vertex 8.1426425e+01 8.6946248e+02 6.4930010e+00
      endloop
   endfacet
   facet normal 0.0000000e+00 0.0000000e+00 1.0000000e+00
      outer loop
         vertex 8.1426425e+01 8.6946248e+02 6.4930010e+00
         vertex 7.9163088e+01 8.6928141e+02 6.4930010e+00
         vertex 7.8036071e+01 8.6914374e+02 6.4930010e+00
      endloop
   endfacet
   facet normal 0.0000000e+00 0.0000000e+00 1.0000000e+00
      outer loop
         vertex 8.1426425e+01 8.6946248e+02 6.4930010e+00
         vertex 7.8036071e+01 8.6914374e+02 6.4930010e+00
         vertex 1.2423660e+02 8.6628479e+02 6.4930010e+00
      endloop
   endfacet
   facet normal 0.0000000e+00 0.0000000e+00 1.0000000e+00
      outer loop
         vertex 1.2423660e+02 8.6628479e+02 6.4930010e+00
         vertex 7.8036071e+01 8.6914374e+02 6.4930010e+00
         vertex 7.5147844e+01 8.6885562e+02 6.4930010e+00
      endloop
   endfacet
   facet normal 0.0000000e+00 0.0000000e+00 1.0000000e+00
      outer loop
         vertex 1.2423660e+02 8.6628479e+02 6.4930010e+00
         vertex 7.5147844e+01 8.6885562e+02 6.4930010e+00
         vertex 9.4176815e+01 8.6530365e+02 6.4930010e+00
      endloop
   endfacet
   facet normal 0.0000000e+00 0.0000000e+00 1.0000000e+00
      outer loop
         vertex 9.4176815e+01 8.6530365e+02 6.4930010e+00
         vertex 7.5147844e+01 8.6885562e+02 6.4930010e+00
         vertex 6.9571990e+01 8.6825611e+02 6.4930010e+00
      endloop
   endfacet
   facet normal 0.0000000e+00 0.0000000e+00 1.0000000e+00
      outer loop
         vertex 9.4176815e+01 8.6530365e+02 6.4930010e+00
         vertex 6.9571990e+01 8.6825611e+02 6.4930010e+00
         vertex 6.4002488e+01 8.6760021e+02 6.4930010e+00
      endloop
   endfacet
   facet normal -0.0000000e+00 0.0000000e+00 1.0000000e+00
      outer loop
         vertex 7.7070764e+01 8.6907469e+02 6.4930010e+00
         vertex 7.6107770e+01 8.6897862e+02 6.4930010e+00
         vertex 7.8036071e+01 8.6914374e+02 6.4930010e+00
      endloop
   endfacet
   facet normal 0.0000000e+00 0.0000000e+00 1.0000000e+00
      outer loop
         vertex 7.8036071e+01 8.6914374e+02 6.4930010e+00
         vertex 7.6107770e+01 8.6897862e+02 6.4930010e+00
         vertex 7.5147844e+01 8.6885562e+02 6.4930010e+00
      endloop
   endfacet
   facet normal 0.0000000e+00 0.0000000e+00 1.0000000e+00
      outer loop
         vertex 6.4002488e+01 8.6760021e+02 6.4930010e+00
         vertex 5.8439908e+01 8.6688800e+02 6.4930010e+00
         vertex 9.4176815e+01 8.6530365e+02 6.4930010e+00
      endloop
   endfacet
   facet normal 0.0000000e+00 0.0000000e+00 1.0000000e+00
      outer loop
         vertex 9.4176815e+01 8.6530365e+02 6.4930010e+00
         vertex 5.8439908e+01 8.6688800e+02 6.4930010e+00
         vertex 5.7639750e+01 8.6678894e+02 6.4930010e+00
      endloop
   endfacet
   facet normal 0.0000000e+00 0.0000000e+00 1.0000000e+00
      outer loop
         vertex 9.4176815e+01 8.6530365e+02 6.4930010e+00
         vertex 5.7639750e+01 8.6678894e+02 6.4930010e+00
         vertex 5.6840775e+01 8.6668075e+02 6.4930010e+00
      endloop
   endfacet
   facet normal 0.0000000e+00 0.0000000e+00 1.0000000e+00
      outer loop
         vertex 5.6840775e+01 8.6668075e+02 6.4930010e+00
         vertex 5.6043087e+01 8.6656345e+02 6.4930010e+00
         vertex 9.4176815e+01 8.6530365e+02 6.4930010e+00
      endloop
   endfacet
   facet normal 0.0000000e+00 0.0000000e+00 1.0000000e+00
      outer loop
         vertex 9.4176815e+01 8.6530365e+02 6.4930010e+00
         vertex 5.6043087e+01 8.6656345e+02 6.4930010e+00
         vertex 4.9874199e+01 8.6567908e+02 6.4930010e+00
      endloop
   endfacet
   facet normal 0.0000000e+00 0.0000000e+00 1.0000000e+00
      outer loop
         vertex 9.4176815e+01 8.6530365e+02 6.4930010e+00
         vertex 4.9874199e+01 8.6567908e+02 6.4930010e+00
         vertex 6.4206370e+01 8.6278854e+02 6.4930010e+00
      endloop
   endfacet
   facet normal 0.0000000e+00 0.0000000e+00 1.0000000e+00
      outer loop
         vertex 6.4206370e+01 8.6278854e+02 6.4930010e+00
         vertex 4.9874199e+01 8.6567908e+02 6.4930010e+00
         vertex 4.3715646e+01 8.6472539e+02 6.4930010e+00
      endloop
   endfacet
   facet normal 0.0000000e+00 0.0000000e+00 1.0000000e+00
      outer loop
         vertex 6.4206370e+01 8.6278854e+02 6.4930010e+00
         vertex 4.3715646e+01 8.6472539e+02 6.4930010e+00
         vertex 3.7568206e+01 8.6370251e+02 6.4930010e+00
      endloop
   endfacet
   facet normal 0.0000000e+00 0.0000000e+00 1.0000000e+00
      outer loop
         vertex 3.7568206e+01 8.6370251e+02 6.4930010e+00
         vertex 3.6514469e+01 8.6351111e+02 6.4930010e+00
         vertex 6.4206370e+01 8.6278854e+02 6.4930010e+00
      endloop
   endfacet
   facet normal 0.0000000e+00 0.0000000e+00 1.0000000e+00
      outer loop
         vertex 6.4206370e+01 8.6278854e+02 6.4930010e+00
         vertex 3.6514469e+01 8.6351111e+02 6.4930010e+00
         vertex 3.5459552e+01 8.6332633e+02 6.4930010e+00
      endloop
   endfacet
   facet normal 0.0000000e+00 0.0000000e+00 1.0000000e+00
      outer loop
         vertex 6.4206370e+01 8.6278854e+02 6.4930010e+00
         vertex 3.5459552e+01 8.6332633e+02 6.4930010e+00
         vertex 3.4403494e+01 8.6314818e+02 6.4930010e+00
      endloop
   endfacet
   facet normal -0.0000000e+00 0.0000000e+00 1.0000000e+00
      outer loop
         vertex 3.4403494e+01 8.6314818e+02 6.4930010e+00
         vertex 3.4403494e+01 8.5874603e+02 6.4930010e+00
         vertex 6.4206370e+01 8.6278854e+02 6.4930010e+00
      endloop
   endfacet
   facet normal 1.0000000e+00 0.0000000e+00 -0.0000000e+00
      outer loop
         vertex 3.4403494e+01 8.8188618e+02 1.0000000e-06
         vertex 3.4403494e+01 8.9628535e+02 5.0000010e+00
         vertex 3.4403494e+01 8.8188618e+02 6.4930010e+00
      endloop
   endfacet
   facet normal 1.0000000e+00 -0.0000000e+00 0.0000000e+00
      outer loop
         vertex 3.4403494e+01 8.8188618e+02 6.4930010e+00
         vertex 3.4403494e+01 8.9628535e+02 5.0000010e+00
         vertex 3.4403494e+01 8.9628535e+02 6.4930010e+00
      endloop
   endfacet
   facet normal 1.0000000e+00 0.0000000e+00 0.0000000e+00
      outer loop
         vertex 3.4403494e+01 8.8188618e+02 6.4930010e+00
         vertex 3.4403494e+01 8.9628535e+02 6.4930010e+00
         vertex 3.4403494e+01 9.0068751e+02 7.8000010e+00
      endloop
   endfacet
   facet normal 1.0000000e+00 -0.0000000e+00 0.0000000e+00
      outer loop
         vertex 3.4403494e+01 9.0068751e+02 7.8000010e+00
         vertex 3.4403494e+01 8.9628535e+02 6.4930010e+00
         vertex 3.4403494e+01 9.0068751e+02 6.4930010e+00
      endloop
   endfacet
   facet normal 1.0000000e+00 0.0000000e+00 0.0000000e+00
      outer loop
         vertex 3.4403494e+01 8.8188618e+02 1.0000000e-06
         vertex 3.4403494e+01 8.9628535e+02 1.0000000e-06
         vertex 3.4403494e+01 8.9628535e+02 5.0000010e+00
      endloop
   endfacet
   facet normal 1.0000000e+00 0.0000000e+00 0.0000000e+00
      outer loop
         vertex 3.4403494e+01 9.0068751e+02 7.8000010e+00
         vertex 3.4403494e+01 8.5874603e+02 7.8000010e+00
         vertex 3.4403494e+01 8.8188618e+02 6.4930010e+00
      endloop
   endfacet
   facet normal 1.0000000e+00 0.0000000e+00 0.0000000e+00
      outer loop
         vertex 3.4403494e+01 8.8188618e+02 6.4930010e+00
         vertex 3.4403494e+01 8.5874603e+02 7.8000010e+00
         vertex 3.4403494e+01 8.7754736e+02 6.4930010e+00
      endloop
   endfacet
   facet normal 1.0000000e+00 0.0000000e+00 0.0000000e+00
      outer loop
         vertex 3.4403494e+01 8.7754736e+02 6.4930010e+00
         vertex 3.4403494e+01 8.5874603e+02 7.8000010e+00
         vertex 3.4403494e+01 8.6314818e+02 6.4930010e+00
      endloop
   endfacet
   facet normal 1.0000000e+00 0.0000000e+00 7.6146576e-14
      outer loop
         vertex 3.4403494e+01 8.7754736e+02 6.4930010e+00
         vertex 3.4403494e+01 8.6314818e+02 6.4930010e+00
         vertex 3.4403494e+01 8.6314818e+02 5.0000010e+00
      endloop
   endfacet
   facet normal 1.0000000e+00 -0.0000000e+00 0.0000000e+00
      outer loop
         vertex 3.4403494e+01 8.5874603e+02 7.8000010e+00
         vertex 3.4403494e+01 8.5874603e+02 6.4930010e+00
         vertex 3.4403494e+01 8.6314818e+02 6.4930010e+00
      endloop
   endfacet
   facet normal 1.0000000e+00 7.8953706e-15 0.0000000e+00
      outer loop
         vertex 3.4403494e+01 8.6314818e+02 1.0000000e-06
         vertex 3.4403494e+01 8.7754736e+02 1.0000000e-06
         vertex 3.4403494e+01 8.6314818e+02 5.0000010e+00
      endloop
   endfacet
   facet normal 1.0000000e+00 7.8953706e-15 -0.0000000e+00
      outer loop
         vertex 3.4403494e+01 8.6314818e+02 5.0000010e+00
         vertex 3.4403494e+01 8.7754736e+02 1.0000000e-06
         vertex 3.4403494e+01 8.7754736e+02 6.4930010e+00
      endloop
   endfacet
   facet normal -6.2762852e-01 -7.7851297e-01 0.0000000e+00
      outer loop
         vertex 6.6333686e+01 8.7596150e+02 1.0000000e-06
         vertex 7.5147844e+01 8.6885562e+02 1.0000000e-06
         vertex 6.6333686e+01 8.7596150e+02 5.0000010e+00
      endloop
   endfacet
   facet normal -6.2762852e-01 -7.7851297e-01 0.0000000e+00
      outer loop
         vertex 6.6333686e+01 8.7596150e+02 5.0000010e+00
         vertex 7.5147844e+01 8.6885562e+02 1.0000000e-06
         vertex 7.5147844e+01 8.6885562e+02 5.0000010e+00
      endloop
   endfacet
   facet normal 7.5445000e-01 -6.5635752e-01 0.0000000e+00
      outer loop
         vertex 5.8439908e+01 8.6688800e+02 1.0000000e-06
         vertex 6.6333686e+01 8.7596150e+02 1.0000000e-06
         vertex 5.8439908e+01 8.6688800e+02 5.0000010e+00
      endloop
   endfacet
   facet normal 7.5445000e-01 -6.5635752e-01 0.0000000e+00
      outer loop
         vertex 5.8439908e+01 8.6688800e+02 5.0000010e+00
         vertex 6.6333686e+01 8.7596150e+02 1.0000000e-06
         vertex 6.6333686e+01 8.7596150e+02 5.0000010e+00
      endloop
   endfacet
   facet normal -7.6224760e-01 -6.4728556e-01 0.0000000e+00
      outer loop
         vertex 4.8048397e+01 8.7597805e+02 1.0000000e-06
         vertex 5.6043087e+01 8.6656345e+02 1.0000000e-06
         vertex 4.8048397e+01 8.7597805e+02 5.0000010e+00
      endloop
   endfacet
   facet normal -7.6224760e-01 -6.4728556e-01 0.0000000e+00
      outer loop
         vertex 4.8048397e+01 8.7597805e+02 5.0000010e+00
         vertex 5.6043087e+01 8.6656345e+02 1.0000000e-06
         vertex 5.6043087e+01 8.6656345e+02 5.0000010e+00
      endloop
   endfacet
   facet normal 7.6053167e-01 -6.4930083e-01 0.0000000e+00
      outer loop
         vertex 3.7568206e+01 8.6370251e+02 1.0000000e-06
         vertex 4.8048397e+01 8.7597805e+02 1.0000000e-06
         vertex 3.7568206e+01 8.6370251e+02 5.0000010e+00
      endloop
   endfacet
   facet normal 7.6053167e-01 -6.4930083e-01 0.0000000e+00
      outer loop
         vertex 3.7568206e+01 8.6370251e+02 5.0000010e+00
         vertex 4.8048397e+01 8.7597805e+02 1.0000000e-06
         vertex 4.8048397e+01 8.7597805e+02 5.0000010e+00
      endloop
   endfacet
   facet normal -7.6053167e-01 6.4930083e-01 0.0000000e+00
      outer loop
         vertex 4.6696733e+01 8.7754736e+02 1.0000000e-06
         vertex 3.4403494e+01 8.6314818e+02 1.0000000e-06
         vertex 4.6696733e+01 8.7754736e+02 5.0000010e+00
      endloop
   endfacet
   facet normal -7.6053167e-01 6.4930083e-01 0.0000000e+00
      outer loop
         vertex 4.6696733e+01 8.7754736e+02 5.0000010e+00
         vertex 3.4403494e+01 8.6314818e+02 1.0000000e-06
         vertex 3.4403494e+01 8.6314818e+02 5.0000010e+00
      endloop
   endfacet
   facet normal 7.6224760e-01 6.4728556e-01 0.0000000e+00
      outer loop
         vertex 5.7105104e+01 8.6845987e+02 1.0000000e-06
         vertex 4.9388187e+01 8.7754736e+02 1.0000000e-06
         vertex 5.7105104e+01 8.6845987e+02 5.0000010e+00
      endloop
   endfacet
   facet normal 7.6224760e-01 6.4728556e-01 -0.0000000e+00
      outer loop
         vertex 5.7105104e+01 8.6845987e+02 5.0000010e+00
         vertex 4.9388187e+01 8.7754736e+02 1.0000000e-06
         vertex 4.9388187e+01 8.7754736e+02 5.0000010e+00
      endloop
   endfacet
   facet normal -7.5800131e-01 6.5225303e-01 0.0000000e+00
      outer loop
         vertex 6.4924806e+01 8.7754736e+02 1.0000000e-06
         vertex 5.7105104e+01 8.6845987e+02 1.0000000e-06
         vertex 6.4924806e+01 8.7754736e+02 5.0000010e+00
      endloop
   endfacet
   facet normal -7.5800131e-01 6.5225303e-01 0.0000000e+00
      outer loop
         vertex 6.4924806e+01 8.7754736e+02 5.0000010e+00
         vertex 5.7105104e+01 8.6845987e+02 1.0000000e-06
         vertex 5.7105104e+01 8.6845987e+02 5.0000010e+00
      endloop
   endfacet
   facet normal 6.2762852e-01 7.7851297e-01 0.0000000e+00
      outer loop
         vertex 7.8036071e+01 8.6914374e+02 1.0000000e-06
         vertex 6.7612191e+01 8.7754736e+02 1.0000000e-06
         vertex 7.8036071e+01 8.6914374e+02 5.0000010e+00
      endloop
   endfacet
   facet normal 6.2762852e-01 7.7851297e-01 -0.0000000e+00
      outer loop
         vertex 7.8036071e+01 8.6914374e+02 5.0000010e+00
         vertex 6.7612191e+01 8.7754736e+02 1.0000000e-06
         vertex 6.7612191e+01 8.7754736e+02 5.0000010e+00
      endloop
   endfacet
   facet normal 0.0000000e+00 -0.0000000e+00 1.0000000e+00
      outer loop
         vertex 7.5147844e+01 8.6885562e+02 5.0000010e+00
         vertex 7.6107770e+01 8.6897862e+02 5.0000010e+00
         vertex 6.6333686e+01 8.7596150e+02 5.0000010e+00
      endloop
   endfacet
   facet normal -0.0000000e+00 0.0000000e+00 1.0000000e+00
      outer loop
         vertex 6.6333686e+01 8.7596150e+02 5.0000010e+00
         vertex 7.6107770e+01 8.6897862e+02 5.0000010e+00
         vertex 7.7070764e+01 8.6907469e+02 5.0000010e+00
      endloop
   endfacet
   facet normal -0.0000000e+00 0.0000000e+00 1.0000000e+00
      outer loop
         vertex 6.6333686e+01 8.7596150e+02 5.0000010e+00
         vertex 7.7070764e+01 8.6907469e+02 5.0000010e+00
         vertex 7.8036071e+01 8.6914374e+02 5.0000010e+00
      endloop
   endfacet
   facet normal 0.0000000e+00 0.0000000e+00 1.0000000e+00
      outer loop
         vertex 7.8036071e+01 8.6914374e+02 5.0000010e+00
         vertex 6.7612191e+01 8.7754736e+02 5.0000010e+00
         vertex 6.6333686e+01 8.7596150e+02 5.0000010e+00
      endloop
   endfacet
   facet normal 0.0000000e+00 -0.0000000e+00 1.0000000e+00
      outer loop
         vertex 6.6333686e+01 8.7596150e+02 5.0000010e+00
         vertex 6.7612191e+01 8.7754736e+02 5.0000010e+00
         vertex 6.4924806e+01 8.7754736e+02 5.0000010e+00
      endloop
   endfacet
   facet normal 0.0000000e+00 0.0000000e+00 1.0000000e+00
      outer loop
         vertex 6.6333686e+01 8.7596150e+02 5.0000010e+00
         vertex 6.4924806e+01 8.7754736e+02 5.0000010e+00
         vertex 5.7105104e+01 8.6845987e+02 5.0000010e+00
      endloop
   endfacet
   facet normal 0.0000000e+00 0.0000000e+00 1.0000000e+00
      outer loop
         vertex 4.9388187e+01 8.7754736e+02 5.0000010e+00
         vertex 4.8048397e+01 8.7597805e+02 5.0000010e+00
         vertex 5.7105104e+01 8.6845987e+02 5.0000010e+00
      endloop
   endfacet
   facet normal 0.0000000e+00 0.0000000e+00 1.0000000e+00
      outer loop
         vertex 5.7105104e+01 8.6845987e+02 5.0000010e+00
         vertex 4.8048397e+01 8.7597805e+02 5.0000010e+00
         vertex 5.6043087e+01 8.6656345e+02 5.0000010e+00
      endloop
   endfacet
   facet normal -0.0000000e+00 0.0000000e+00 1.0000000e+00
      outer loop
         vertex 5.7105104e+01 8.6845987e+02 5.0000010e+00
         vertex 5.6043087e+01 8.6656345e+02 5.0000010e+00
         vertex 5.6840775e+01 8.6668075e+02 5.0000010e+00
      endloop
   endfacet
   facet normal 0.0000000e+00 0.0000000e+00 1.0000000e+00
      outer loop
         vertex 4.9388187e+01 8.7754736e+02 5.0000010e+00
         vertex 4.6696733e+01 8.7754736e+02 5.0000010e+00
         vertex 4.8048397e+01 8.7597805e+02 5.0000010e+00
      endloop
   endfacet
   facet normal 0.0000000e+00 0.0000000e+00 1.0000000e+00
      outer loop
         vertex 4.8048397e+01 8.7597805e+02 5.0000010e+00
         vertex 4.6696733e+01 8.7754736e+02 5.0000010e+00
         vertex 3.4403494e+01 8.6314818e+02 5.0000010e+00
      endloop
   endfacet
   facet normal -0.0000000e+00 0.0000000e+00 1.0000000e+00
      outer loop
         vertex 4.8048397e+01 8.7597805e+02 5.0000010e+00
         vertex 3.4403494e+01 8.6314818e+02 5.0000010e+00
         vertex 3.5459552e+01 8.6332633e+02 5.0000010e+00
      endloop
   endfacet
   facet normal 0.0000000e+00 0.0000000e+00 1.0000000e+00
      outer loop
         vertex 3.5459552e+01 8.6332633e+02 5.0000010e+00
         vertex 3.6514469e+01 8.6351111e+02 5.0000010e+00
         vertex 4.8048397e+01 8.7597805e+02 5.0000010e+00
      endloop
   endfacet
   facet normal -0.0000000e+00 0.0000000e+00 1.0000000e+00
      outer loop
         vertex 4.8048397e+01 8.7597805e+02 5.0000010e+00
         vertex 3.6514469e+01 8.6351111e+02 5.0000010e+00
         vertex 3.7568206e+01 8.6370251e+02 5.0000010e+00
      endloop
   endfacet
   facet normal 0.0000000e+00 -0.0000000e+00 1.0000000e+00
      outer loop
         vertex 5.6840775e+01 8.6668075e+02 5.0000010e+00
         vertex 5.7639750e+01 8.6678894e+02 5.0000010e+00
         vertex 5.7105104e+01 8.6845987e+02 5.0000010e+00
      endloop
   endfacet
   facet normal -0.0000000e+00 0.0000000e+00 1.0000000e+00
      outer loop
         vertex 5.7105104e+01 8.6845987e+02 5.0000010e+00
         vertex 5.7639750e+01 8.6678894e+02 5.0000010e+00
         vertex 5.8439908e+01 8.6688800e+02 5.0000010e+00
      endloop
   endfacet
   facet normal -0.0000000e+00 0.0000000e+00 1.0000000e+00
      outer loop
         vertex 5.7105104e+01 8.6845987e+02 5.0000010e+00
         vertex 5.8439908e+01 8.6688800e+02 5.0000010e+00
         vertex 6.6333686e+01 8.7596150e+02 5.0000010e+00
      endloop
   endfacet
   facet normal -7.6224760e-01 6.4728556e-01 0.0000000e+00
      outer loop
         vertex 5.6043087e+01 8.9287008e+02 1.0000000e-06
         vertex 4.8048397e+01 8.8345548e+02 1.0000000e-06
         vertex 5.6043087e+01 8.9287008e+02 5.0000010e+00
      endloop
   endfacet
   facet normal -7.6224760e-01 6.4728556e-01 0.0000000e+00
      outer loop
         vertex 5.6043087e+01 8.9287008e+02 5.0000010e+00
         vertex 4.8048397e+01 8.8345548e+02 1.0000000e-06
         vertex 4.8048397e+01 8.8345548e+02 5.0000010e+00
      endloop
   endfacet
   facet normal 7.5445000e-01 6.5635752e-01 0.0000000e+00
      outer loop
         vertex 6.6333686e+01 8.8347204e+02 1.0000000e-06
         vertex 5.8439908e+01 8.9254554e+02 1.0000000e-06
         vertex 6.6333686e+01 8.8347204e+02 5.0000010e+00
      endloop
   endfacet
   facet normal 7.5445000e-01 6.5635752e-01 -0.0000000e+00
      outer loop
         vertex 6.6333686e+01 8.8347204e+02 5.0000010e+00
         vertex 5.8439908e+01 8.9254554e+02 1.0000000e-06
         vertex 5.8439908e+01 8.9254554e+02 5.0000010e+00
      endloop
   endfacet
   facet normal -6.2762852e-01 7.7851297e-01 0.0000000e+00
      outer loop
         vertex 7.5147844e+01 8.9057792e+02 1.0000000e-06
         vertex 6.6333686e+01 8.8347204e+02 1.0000000e-06
         vertex 7.5147844e+01 8.9057792e+02 5.0000010e+00
      endloop
   endfacet
   facet normal -6.2762852e-01 7.7851297e-01 0.0000000e+00
      outer loop
         vertex 7.5147844e+01 8.9057792e+02 5.0000010e+00
         vertex 6.6333686e+01 8.8347204e+02 1.0000000e-06
         vertex 6.6333686e+01 8.8347204e+02 5.0000010e+00
      endloop
   endfacet
   facet normal 6.2762852e-01 -7.7851297e-01 0.0000000e+00
      outer loop
         vertex 6.7612191e+01 8.8188618e+02 1.0000000e-06
         vertex 7.8036071e+01 8.9028979e+02 1.0000000e-06
         vertex 6.7612191e+01 8.8188618e+02 5.0000010e+00
      endloop
   endfacet
   facet normal 6.2762852e-01 -7.7851297e-01 0.0000000e+00
      outer loop
         vertex 6.7612191e+01 8.8188618e+02 5.0000010e+00
         vertex 7.8036071e+01 8.9028979e+02 1.0000000e-06
         vertex 7.8036071e+01 8.9028979e+02 5.0000010e+00
      endloop
   endfacet
   facet normal -7.5800131e-01 -6.5225303e-01 0.0000000e+00
      outer loop
         vertex 5.7105104e+01 8.9097367e+02 1.0000000e-06
         vertex 6.4924806e+01 8.8188618e+02 1.0000000e-06
         vertex 5.7105104e+01 8.9097367e+02 5.0000010e+00
      endloop
   endfacet
   facet normal -7.5800131e-01 -6.5225303e-01 0.0000000e+00
      outer loop
         vertex 5.7105104e+01 8.9097367e+02 5.0000010e+00
         vertex 6.4924806e+01 8.8188618e+02 1.0000000e-06
         vertex 6.4924806e+01 8.8188618e+02 5.0000010e+00
      endloop
   endfacet
   facet normal 7.6224760e-01 -6.4728556e-01 0.0000000e+00
      outer loop
         vertex 4.9388187e+01 8.8188618e+02 1.0000000e-06
         vertex 5.7105104e+01 8.9097367e+02 1.0000000e-06
         vertex 4.9388187e+01 8.8188618e+02 5.0000010e+00
      endloop
   endfacet
   facet normal 7.6224760e-01 -6.4728556e-01 0.0000000e+00
      outer loop
         vertex 4.9388187e+01 8.8188618e+02 5.0000010e+00
         vertex 5.7105104e+01 8.9097367e+02 1.0000000e-06
         vertex 5.7105104e+01 8.9097367e+02 5.0000010e+00
      endloop
   endfacet
   facet normal -7.6053167e-01 -6.4930083e-01 0.0000000e+00
      outer loop
         vertex 3.4403494e+01 8.9628535e+02 1.0000000e-06
         vertex 4.6696733e+01 8.8188618e+02 1.0000000e-06
         vertex 3.4403494e+01 8.9628535e+02 5.0000010e+00
      endloop
   endfacet
   facet normal -7.6053167e-01 -6.4930083e-01 0.0000000e+00
      outer loop
         vertex 3.4403494e+01 8.9628535e+02 5.0000010e+00
         vertex 4.6696733e+01 8.8188618e+02 1.0000000e-06
         vertex 4.6696733e+01 8.8188618e+02 5.0000010e+00
      endloop
   endfacet
   facet normal 7.6053167e-01 6.4930083e-01 0.0000000e+00
      outer loop
         vertex 4.8048397e+01 8.8345548e+02 1.0000000e-06
         vertex 3.7568206e+01 8.9573102e+02 1.0000000e-06
         vertex 4.8048397e+01 8.8345548e+02 5.0000010e+00
      endloop
   endfacet
   facet normal 7.6053167e-01 6.4930083e-01 -0.0000000e+00
      outer loop
         vertex 4.8048397e+01 8.8345548e+02 5.0000010e+00
         vertex 3.7568206e+01 8.9573102e+02 1.0000000e-06
         vertex 3.7568206e+01 8.9573102e+02 5.0000010e+00
      endloop
   endfacet
   facet normal 0.0000000e+00 0.0000000e+00 1.0000000e+00
      outer loop
         vertex 3.7568206e+01 8.9573102e+02 5.0000010e+00
         vertex 3.6512148e+01 8.9590917e+02 5.0000010e+00
         vertex 4.8048397e+01 8.8345548e+02 5.0000010e+00
      endloop
   endfacet
   facet normal 0.0000000e+00 0.0000000e+00 1.0000000e+00
      outer loop
         vertex 4.8048397e+01 8.8345548e+02 5.0000010e+00
         vertex 3.6512148e+01 8.9590917e+02 5.0000010e+00
         vertex 3.5457230e+01 8.9609395e+02 5.0000010e+00
      endloop
   endfacet
   facet normal 0.0000000e+00 0.0000000e+00 1.0000000e+00
      outer loop
         vertex 4.8048397e+01 8.8345548e+02 5.0000010e+00
         vertex 3.5457230e+01 8.9609395e+02 5.0000010e+00
         vertex 3.4403494e+01 8.9628535e+02 5.0000010e+00
      endloop
   endfacet
   facet normal -0.0000000e+00 0.0000000e+00 1.0000000e+00
      outer loop
         vertex 3.4403494e+01 8.9628535e+02 5.0000010e+00
         vertex 4.6696733e+01 8.8188618e+02 5.0000010e+00
         vertex 4.8048397e+01 8.8345548e+02 5.0000010e+00
      endloop
   endfacet
   facet normal -0.0000000e+00 0.0000000e+00 1.0000000e+00
      outer loop
         vertex 4.8048397e+01 8.8345548e+02 5.0000010e+00
         vertex 4.6696733e+01 8.8188618e+02 5.0000010e+00
         vertex 4.9388187e+01 8.8188618e+02 5.0000010e+00
      endloop
   endfacet
   facet normal -0.0000000e+00 0.0000000e+00 1.0000000e+00
      outer loop
         vertex 4.8048397e+01 8.8345548e+02 5.0000010e+00
         vertex 4.9388187e+01 8.8188618e+02 5.0000010e+00
         vertex 5.7105104e+01 8.9097367e+02 5.0000010e+00
      endloop
   endfacet
   facet normal 0.0000000e+00 -0.0000000e+00 1.0000000e+00
      outer loop
         vertex 6.4924806e+01 8.8188618e+02 5.0000010e+00
         vertex 6.6333686e+01 8.8347204e+02 5.0000010e+00
         vertex 5.7105104e+01 8.9097367e+02 5.0000010e+00
      endloop
   endfacet
   facet normal -0.0000000e+00 -0.0000000e+00 1.0000000e+00
      outer loop
         vertex 5.7105104e+01 8.9097367e+02 5.0000010e+00
         vertex 6.6333686e+01 8.8347204e+02 5.0000010e+00
         vertex 5.8439908e+01 8.9254554e+02 5.0000010e+00
      endloop
   endfacet
   facet normal 0.0000000e+00 -0.0000000e+00 1.0000000e+00
      outer loop
         vertex 5.7105104e+01 8.9097367e+02 5.0000010e+00
         vertex 5.8439908e+01 8.9254554e+02 5.0000010e+00
         vertex 5.7640388e+01 8.9264941e+02 5.0000010e+00
      endloop
   endfacet
   facet normal 0.0000000e+00 -0.0000000e+00 1.0000000e+00
      outer loop
         vertex 6.4924806e+01 8.8188618e+02 5.0000010e+00
         vertex 6.7612191e+01 8.8188618e+02 5.0000010e+00
         vertex 6.6333686e+01 8.8347204e+02 5.0000010e+00
      endloop
   endfacet
   facet normal -0.0000000e+00 0.0000000e+00 1.0000000e+00
      outer loop
         vertex 6.6333686e+01 8.8347204e+02 5.0000010e+00
         vertex 6.7612191e+01 8.8188618e+02 5.0000010e+00
         vertex 7.8036071e+01 8.9028979e+02 5.0000010e+00
      endloop
   endfacet
   facet normal 0.0000000e+00 -0.0000000e+00 1.0000000e+00
      outer loop
         vertex 6.6333686e+01 8.8347204e+02 5.0000010e+00
         vertex 7.8036071e+01 8.9028979e+02 5.0000010e+00
         vertex 7.7072623e+01 8.9037867e+02 5.0000010e+00
      endloop
   endfacet
   facet normal 0.0000000e+00 0.0000000e+00 1.0000000e+00
      outer loop
         vertex 7.7072623e+01 8.9037867e+02 5.0000010e+00
         vertex 7.6109863e+01 8.9047471e+02 5.0000010e+00
         vertex 6.6333686e+01 8.8347204e+02 5.0000010e+00
      endloop
   endfacet
   facet normal 0.0000000e+00 -0.0000000e+00 1.0000000e+00
      outer loop
         vertex 6.6333686e+01 8.8347204e+02 5.0000010e+00
         vertex 7.6109863e+01 8.9047471e+02 5.0000010e+00
         vertex 7.5147844e+01 8.9057792e+02 5.0000010e+00
      endloop
   endfacet
   facet normal 0.0000000e+00 0.0000000e+00 1.0000000e+00
      outer loop
         vertex 5.7640388e+01 8.9264941e+02 5.0000010e+00
         vertex 5.6841440e+01 8.9275760e+02 5.0000010e+00
         vertex 5.7105104e+01 8.9097367e+02 5.0000010e+00
      endloop
   endfacet
   facet normal 0.0000000e+00 0.0000000e+00 1.0000000e+00
      outer loop
         vertex 5.7105104e+01 8.9097367e+02 5.0000010e+00
         vertex 5.6841440e+01 8.9275760e+02 5.0000010e+00
         vertex 5.6043087e+01 8.9287008e+02 5.0000010e+00
      endloop
   endfacet
   facet normal 0.0000000e+00 0.0000000e+00 1.0000000e+00
      outer loop
         vertex 5.7105104e+01 8.9097367e+02 5.0000010e+00
         vertex 5.6043087e+01 8.9287008e+02 5.0000010e+00
         vertex 4.8048397e+01 8.8345548e+02 5.0000010e+00
      endloop
   endfacet
   facet normal 0.0000000e+00 0.0000000e+00 -1.0000000e+00
      outer loop
         vertex 6.7612191e+01 8.7754736e+02 1.0000000e-06
         vertex 8.7332730e+01 8.8188618e+02 1.0000000e-06
         vertex 8.7332730e+01 8.7754736e+02 1.0000000e-06
      endloop
   endfacet
   facet normal 0.0000000e+00 0.0000000e+00 -1.0000000e+00
      outer loop
         vertex 8.7332730e+01 8.7754736e+02 1.0000000e-06
         vertex 8.7332730e+01 8.8188618e+02 1.0000000e-06
         vertex 9.0128699e+01 8.8188618e+02 1.0000000e-06
      endloop
   endfacet
   facet normal 0.0000000e+00 0.0000000e+00 -1.0000000e+00
      outer loop
         vertex 8.7332730e+01 8.7754736e+02 1.0000000e-06
         vertex 9.0128699e+01 8.8188618e+02 1.0000000e-06
         vertex 9.0128699e+01 8.7754736e+02 1.0000000e-06
      endloop
   endfacet
   facet normal 0.0000000e+00 0.0000000e+00 -1.0000000e+00
      outer loop
         vertex 9.0128699e+01 8.7754736e+02 1.0000000e-06
         vertex 9.0128699e+01 8.8188618e+02 1.0000000e-06
         vertex 1.0515860e+02 8.8188618e+02 1.0000000e-06
      endloop
   endfacet
   facet normal 0.0000000e+00 0.0000000e+00 -1.0000000e+00
      outer loop
         vertex 9.0128699e+01 8.7754736e+02 1.0000000e-06
         vertex 1.0515860e+02 8.8188618e+02 1.0000000e-06
         vertex 1.0515860e+02 8.7754736e+02 1.0000000e-06
      endloop
   endfacet
   facet normal 0.0000000e+00 0.0000000e+00 -1.0000000e+00
      outer loop
         vertex 1.0515860e+02 8.7754736e+02 1.0000000e-06
         vertex 1.0515860e+02 8.8188618e+02 1.0000000e-06
         vertex 1.0842196e+02 8.8188618e+02 1.0000000e-06
      endloop
   endfacet
   facet normal 0.0000000e+00 0.0000000e+00 -1.0000000e+00
      outer loop
         vertex 1.0515860e+02 8.7754736e+02 1.0000000e-06
         vertex 1.0842196e+02 8.8188618e+02 1.0000000e-06
         vertex 1.0842196e+02 8.7754736e+02 1.0000000e-06
      endloop
   endfacet
   facet normal 0.0000000e+00 0.0000000e+00 -1.0000000e+00
      outer loop
         vertex 1.0842196e+02 8.7754736e+02 1.0000000e-06
         vertex 1.0842196e+02 8.8188618e+02 1.0000000e-06
         vertex 1.2179507e+02 8.8188618e+02 1.0000000e-06
      endloop
   endfacet
   facet normal 0.0000000e+00 0.0000000e+00 -1.0000000e+00
      outer loop
         vertex 1.0842196e+02 8.7754736e+02 1.0000000e-06
         vertex 1.2179507e+02 8.8188618e+02 1.0000000e-06
         vertex 1.2179507e+02 8.7754736e+02 1.0000000e-06
      endloop
   endfacet
   facet normal 0.0000000e+00 0.0000000e+00 -1.0000000e+00
      outer loop
         vertex 1.2179507e+02 8.7754736e+02 1.0000000e-06
         vertex 1.2179507e+02 8.8188618e+02 1.0000000e-06
         vertex 1.2493491e+02 8.8188618e+02 1.0000000e-06
      endloop
   endfacet
   facet normal 0.0000000e+00 -0.0000000e+00 -1.0000000e+00
      outer loop
         vertex 1.2179507e+02 8.7754736e+02 1.0000000e-06
         vertex 1.2493491e+02 8.8188618e+02 1.0000000e-06
         vertex 1.2493491e+02 8.7754736e+02 1.0000000e-06
      endloop
   endfacet
   facet normal 0.0000000e+00 0.0000000e+00 -1.0000000e+00
      outer loop
         vertex 1.2493491e+02 8.7754736e+02 1.0000000e-06
         vertex 1.2493491e+02 8.8188618e+02 1.0000000e-06
         vertex 1.3553567e+02 8.8188618e+02 1.0000000e-06
      endloop
   endfacet
   facet normal 0.0000000e+00 -0.0000000e+00 -1.0000000e+00
      outer loop
         vertex 1.2493491e+02 8.7754736e+02 1.0000000e-06
         vertex 1.3553567e+02 8.8188618e+02 1.0000000e-06
         vertex 1.3553567e+02 8.7754736e+02 1.0000000e-06
      endloop
   endfacet
   facet normal 0.0000000e+00 0.0000000e+00 -1.0000000e+00
      outer loop
         vertex 1.3553567e+02 8.7754736e+02 1.0000000e-06
         vertex 1.3553567e+02 8.8188618e+02 1.0000000e-06
         vertex 1.3845092e+02 8.8188618e+02 1.0000000e-06
      endloop
   endfacet
   facet normal 0.0000000e+00 -0.0000000e+00 -1.0000000e+00
      outer loop
         vertex 1.3553567e+02 8.7754736e+02 1.0000000e-06
         vertex 1.3845092e+02 8.8188618e+02 1.0000000e-06
         vertex 1.3845092e+02 8.7754736e+02 1.0000000e-06
      endloop
   endfacet
   facet normal 0.0000000e+00 0.0000000e+00 -1.0000000e+00
      outer loop
         vertex 1.3845092e+02 8.7754736e+02 1.0000000e-06
         vertex 1.3845092e+02 8.8188618e+02 1.0000000e-06
         vertex 1.4861560e+02 8.8188618e+02 1.0000000e-06
      endloop
   endfacet
   facet normal 0.0000000e+00 0.0000000e+00 -1.0000000e+00
      outer loop
         vertex 1.3845092e+02 8.7754736e+02 1.0000000e-06
         vertex 1.4861560e+02 8.8188618e+02 1.0000000e-06
         vertex 1.4861560e+02 8.7754736e+02 1.0000000e-06
      endloop
   endfacet
   facet normal 0.0000000e+00 0.0000000e+00 -1.0000000e+00
      outer loop
         vertex 1.4861560e+02 8.7754736e+02 1.0000000e-06
         vertex 1.4861560e+02 8.8188618e+02 1.0000000e-06
         vertex 1.5151722e+02 8.8188618e+02 1.0000000e-06
      endloop
   endfacet
   facet normal 0.0000000e+00 0.0000000e+00 -1.0000000e+00
      outer loop
         vertex 1.4861560e+02 8.7754736e+02 1.0000000e-06
         vertex 1.5151722e+02 8.8188618e+02 1.0000000e-06
         vertex 1.5151722e+02 8.7754736e+02 1.0000000e-06
      endloop
   endfacet
   facet normal 0.0000000e+00 0.0000000e+00 -1.0000000e+00
      outer loop
         vertex 1.5151722e+02 8.7754736e+02 1.0000000e-06
         vertex 1.5151722e+02 8.8188618e+02 1.0000000e-06
         vertex 1.6216842e+02 8.8188618e+02 1.0000000e-06
      endloop
   endfacet
   facet normal 0.0000000e+00 0.0000000e+00 -1.0000000e+00
      outer loop
         vertex 1.5151722e+02 8.7754736e+02 1.0000000e-06
         vertex 1.6216842e+02 8.8188618e+02 1.0000000e-06
         vertex 1.6216842e+02 8.7754736e+02 1.0000000e-06
      endloop
   endfacet
   facet normal 0.0000000e+00 0.0000000e+00 -1.0000000e+00
      outer loop
         vertex 1.6216842e+02 8.7754736e+02 1.0000000e-06
         vertex 1.6216842e+02 8.8188618e+02 1.0000000e-06
         vertex 1.6509203e+02 8.8188618e+02 1.0000000e-06
      endloop
   endfacet
   facet normal 0.0000000e+00 0.0000000e+00 -1.0000000e+00
      outer loop
         vertex 1.6216842e+02 8.7754736e+02 1.0000000e-06
         vertex 1.6509203e+02 8.8188618e+02 1.0000000e-06
         vertex 1.6509203e+02 8.7754736e+02 1.0000000e-06
      endloop
   endfacet
   facet normal 0.0000000e+00 0.0000000e+00 -1.0000000e+00
      outer loop
         vertex 1.6509203e+02 8.7754736e+02 1.0000000e-06
         vertex 1.6509203e+02 8.8188618e+02 1.0000000e-06
         vertex 1.7910638e+02 8.8188618e+02 1.0000000e-06
      endloop
   endfacet
   facet normal 0.0000000e+00 0.0000000e+00 -1.0000000e+00
      outer loop
         vertex 1.6509203e+02 8.7754736e+02 1.0000000e-06
         vertex 1.7910638e+02 8.8188618e+02 1.0000000e-06
         vertex 1.7910638e+02 8.7754736e+02 1.0000000e-06
      endloop
   endfacet
   facet normal 0.0000000e+00 0.0000000e+00 -1.0000000e+00
      outer loop
         vertex 1.7910638e+02 8.7754736e+02 1.0000000e-06
         vertex 1.7910638e+02 8.8188618e+02 1.0000000e-06
         vertex 1.8194382e+02 8.8188618e+02 1.0000000e-06
      endloop
   endfacet
   facet normal 0.0000000e+00 0.0000000e+00 -1.0000000e+00
      outer loop
         vertex 1.7910638e+02 8.7754736e+02 1.0000000e-06
         vertex 1.8194382e+02 8.8188618e+02 1.0000000e-06
         vertex 1.8194382e+02 8.7754736e+02 1.0000000e-06
      endloop
   endfacet
   facet normal 0.0000000e+00 0.0000000e+00 -1.0000000e+00
      outer loop
         vertex 1.8194382e+02 8.7754736e+02 1.0000000e-06
         vertex 1.8194382e+02 8.8188618e+02 1.0000000e-06
         vertex 1.9668067e+02 8.8188618e+02 1.0000000e-06
      endloop
   endfacet
   facet normal 0.0000000e+00 0.0000000e+00 -1.0000000e+00
      outer loop
         vertex 1.8194382e+02 8.7754736e+02 1.0000000e-06
         vertex 1.9668067e+02 8.8188618e+02 1.0000000e-06
         vertex 1.9668067e+02 8.7754736e+02 1.0000000e-06
      endloop
   endfacet
   facet normal 0.0000000e+00 0.0000000e+00 -1.0000000e+00
      outer loop
         vertex 1.9668067e+02 8.7754736e+02 1.0000000e-06
         vertex 1.9668067e+02 8.8188618e+02 1.0000000e-06
         vertex 1.9927686e+02 8.8188618e+02 1.0000000e-06
      endloop
   endfacet
   facet normal 0.0000000e+00 0.0000000e+00 -1.0000000e+00
      outer loop
         vertex 1.9668067e+02 8.7754736e+02 1.0000000e-06
         vertex 1.9927686e+02 8.8188618e+02 1.0000000e-06
         vertex 1.9927686e+02 8.7754736e+02 1.0000000e-06
      endloop
   endfacet
   facet normal 0.0000000e+00 0.0000000e+00 -1.0000000e+00
      outer loop
         vertex 1.9927686e+02 8.7754736e+02 1.0000000e-06
         vertex 1.9927686e+02 8.8188618e+02 1.0000000e-06
         vertex 2.1150342e+02 8.8188618e+02 1.0000000e-06
      endloop
   endfacet
   facet normal 0.0000000e+00 0.0000000e+00 -1.0000000e+00
      outer loop
         vertex 1.9927686e+02 8.7754736e+02 1.0000000e-06
         vertex 2.1150342e+02 8.8188618e+02 1.0000000e-06
         vertex 2.1150342e+02 8.7754736e+02 1.0000000e-06
      endloop
   endfacet
   facet normal 0.0000000e+00 0.0000000e+00 -1.0000000e+00
      outer loop
         vertex 2.1150342e+02 8.7754736e+02 1.0000000e-06
         vertex 2.1150342e+02 8.8188618e+02 1.0000000e-06
         vertex 2.2023440e+02 8.7971677e+02 1.0000000e-06
      endloop
   endfacet
   facet normal 0.0000000e+00 -0.0000000e+00 -1.0000000e+00
      outer loop
         vertex 2.1150342e+02 8.7754736e+02 1.0000000e-06
         vertex 2.2023440e+02 8.7971677e+02 1.0000000e-06
         vertex 2.1429725e+02 8.7754736e+02 1.0000000e-06
      endloop
   endfacet
   facet normal 0.0000000e+00 0.0000000e+00 -1.0000000e+00
      outer loop
         vertex 2.1429725e+02 8.7754736e+02 1.0000000e-06
         vertex 2.2023440e+02 8.7971677e+02 1.0000000e-06
         vertex 2.2064763e+02 8.7657798e+02 1.0000000e-06
      endloop
   endfacet
   facet normal 0.0000000e+00 -0.0000000e+00 -1.0000000e+00
      outer loop
         vertex 2.1429725e+02 8.7754736e+02 1.0000000e-06
         vertex 2.2064763e+02 8.7657798e+02 1.0000000e-06
         vertex 2.1524520e+02 8.7354779e+02 1.0000000e-06
      endloop
   endfacet
   facet normal 0.0000000e+00 0.0000000e+00 -1.0000000e+00
      outer loop
         vertex 2.1524520e+02 8.7354779e+02 1.0000000e-06
         vertex 2.2064763e+02 8.7657798e+02 1.0000000e-06
         vertex 2.2185915e+02 8.7365310e+02 1.0000000e-06
      endloop
   endfacet
   facet normal 0.0000000e+00 0.0000000e+00 -1.0000000e+00
      outer loop
         vertex 2.1524520e+02 8.7354779e+02 1.0000000e-06
         vertex 2.2185915e+02 8.7365310e+02 1.0000000e-06
         vertex 2.2378641e+02 8.7114145e+02 1.0000000e-06
      endloop
   endfacet
   facet normal 0.0000000e+00 0.0000000e+00 -1.0000000e+00
      outer loop
         vertex 7.8036071e+01 8.6914374e+02 1.0000000e-06
         vertex 6.6333686e+01 8.7596150e+02 1.0000000e-06
         vertex 6.7612191e+01 8.7754736e+02 1.0000000e-06
      endloop
   endfacet
   facet normal -0.0000000e+00 0.0000000e+00 -1.0000000e+00
      outer loop
         vertex 6.7612191e+01 8.7754736e+02 1.0000000e-06
         vertex 6.6333686e+01 8.7596150e+02 1.0000000e-06
         vertex 6.4924806e+01 8.7754736e+02 1.0000000e-06
      endloop
   endfacet
   facet normal 0.0000000e+00 0.0000000e+00 -1.0000000e+00
      outer loop
         vertex 6.7612191e+01 8.7754736e+02 1.0000000e-06
         vertex 6.4924806e+01 8.7754736e+02 1.0000000e-06
         vertex 6.7612191e+01 8.8188618e+02 1.0000000e-06
      endloop
   endfacet
   facet normal -0.0000000e+00 0.0000000e+00 -1.0000000e+00
      outer loop
         vertex 6.7612191e+01 8.8188618e+02 1.0000000e-06
         vertex 6.4924806e+01 8.7754736e+02 1.0000000e-06
         vertex 6.4924806e+01 8.8188618e+02 1.0000000e-06
      endloop
   endfacet
   facet normal 0.0000000e+00 0.0000000e+00 -1.0000000e+00
      outer loop
         vertex 6.7612191e+01 8.8188618e+02 1.0000000e-06
         vertex 6.4924806e+01 8.8188618e+02 1.0000000e-06
         vertex 6.6333686e+01 8.8347204e+02 1.0000000e-06
      endloop
   endfacet
   facet normal -0.0000000e+00 0.0000000e+00 -1.0000000e+00
      outer loop
         vertex 6.6333686e+01 8.8347204e+02 1.0000000e-06
         vertex 6.4924806e+01 8.8188618e+02 1.0000000e-06
         vertex 5.7105104e+01 8.9097367e+02 1.0000000e-06
      endloop
   endfacet
   facet normal 0.0000000e+00 0.0000000e+00 -1.0000000e+00
      outer loop
         vertex 6.6333686e+01 8.8347204e+02 1.0000000e-06
         vertex 5.7105104e+01 8.9097367e+02 1.0000000e-06
         vertex 5.8439908e+01 8.9254554e+02 1.0000000e-06
      endloop
   endfacet
   facet normal -0.0000000e+00 0.0000000e+00 -1.0000000e+00
      outer loop
         vertex 5.8439908e+01 8.9254554e+02 1.0000000e-06
         vertex 5.7105104e+01 8.9097367e+02 1.0000000e-06
         vertex 5.6043087e+01 8.9287008e+02 1.0000000e-06
      endloop
   endfacet
   facet normal 0.0000000e+00 0.0000000e+00 -1.0000000e+00
      outer loop
         vertex 5.8439908e+01 8.9254554e+02 1.0000000e-06
         vertex 5.6043087e+01 8.9287008e+02 1.0000000e-06
         vertex 6.4206370e+01 8.9664499e+02 1.0000000e-06
      endloop
   endfacet
   facet normal -0.0000000e+00 0.0000000e+00 -1.0000000e+00
      outer loop
         vertex 6.4206370e+01 8.9664499e+02 1.0000000e-06
         vertex 5.6043087e+01 8.9287008e+02 1.0000000e-06
         vertex 4.9874199e+01 8.9375446e+02 1.0000000e-06
      endloop
   endfacet
   facet normal -0.0000000e+00 0.0000000e+00 -1.0000000e+00
      outer loop
         vertex 6.4206370e+01 8.9664499e+02 1.0000000e-06
         vertex 4.9874199e+01 8.9375446e+02 1.0000000e-06
         vertex 4.3715646e+01 8.9470815e+02 1.0000000e-06
      endloop
   endfacet
   facet normal 0.0000000e+00 -0.0000000e+00 -1.0000000e+00
      outer loop
         vertex 8.7332730e+01 8.7754736e+02 1.0000000e-06
         vertex 8.8869180e+01 8.7619028e+02 1.0000000e-06
         vertex 7.8036071e+01 8.6914374e+02 1.0000000e-06
      endloop
   endfacet
   facet normal 0.0000000e+00 -0.0000000e+00 -1.0000000e+00
      outer loop
         vertex 7.8036071e+01 8.6914374e+02 1.0000000e-06
         vertex 8.8869180e+01 8.7619028e+02 1.0000000e-06
         vertex 8.1426425e+01 8.6946248e+02 1.0000000e-06
      endloop
   endfacet
   facet normal 0.0000000e+00 0.0000000e+00 -1.0000000e+00
      outer loop
         vertex 7.8036071e+01 8.6914374e+02 1.0000000e-06
         vertex 8.1426425e+01 8.6946248e+02 1.0000000e-06
         vertex 9.4176815e+01 8.6530365e+02 1.0000000e-06
      endloop
   endfacet
   facet normal 0.0000000e+00 0.0000000e+00 -1.0000000e+00
      outer loop
         vertex 9.4176815e+01 8.6530365e+02 1.0000000e-06
         vertex 8.1426425e+01 8.6946248e+02 1.0000000e-06
         vertex 8.5629999e+01 8.6982852e+02 1.0000000e-06
      endloop
   endfacet
   facet normal 0.0000000e+00 0.0000000e+00 -1.0000000e+00
      outer loop
         vertex 9.4176815e+01 8.6530365e+02 1.0000000e-06
         vertex 8.5629999e+01 8.6982852e+02 1.0000000e-06
         vertex 8.9836239e+01 8.7016255e+02 1.0000000e-06
      endloop
   endfacet
   facet normal 0.0000000e+00 -0.0000000e+00 -1.0000000e+00
      outer loop
         vertex 8.7332730e+01 8.7754736e+02 1.0000000e-06
         vertex 9.0128699e+01 8.7754736e+02 1.0000000e-06
         vertex 8.8869180e+01 8.7619028e+02 1.0000000e-06
      endloop
   endfacet
   facet normal 0.0000000e+00 0.0000000e+00 -1.0000000e+00
      outer loop
         vertex 8.8869180e+01 8.7619028e+02 1.0000000e-06
         vertex 9.0128699e+01 8.7754736e+02 1.0000000e-06
         vertex 9.6633195e+01 8.7066760e+02 1.0000000e-06
      endloop
   endfacet
   facet normal 0.0000000e+00 -0.0000000e+00 -1.0000000e+00
      outer loop
         vertex 8.8869180e+01 8.7619028e+02 1.0000000e-06
         vertex 9.6633195e+01 8.7066760e+02 1.0000000e-06
         vertex 9.4044900e+01 8.7046455e+02 1.0000000e-06
      endloop
   endfacet
   facet normal 0.0000000e+00 -0.0000000e+00 -1.0000000e+00
      outer loop
         vertex 9.4044900e+01 8.7046455e+02 1.0000000e-06
         vertex 9.6633195e+01 8.7066760e+02 1.0000000e-06
         vertex 9.4176815e+01 8.6530365e+02 1.0000000e-06
      endloop
   endfacet
   facet normal -0.0000000e+00 -0.0000000e+00 -1.0000000e+00
      outer loop
         vertex 9.4044900e+01 8.7046455e+02 1.0000000e-06
         vertex 9.4176815e+01 8.6530365e+02 1.0000000e-06
         vertex 8.9836239e+01 8.7016255e+02 1.0000000e-06
      endloop
   endfacet
   facet normal 0.0000000e+00 -0.0000000e+00 -1.0000000e+00
      outer loop
         vertex 1.0515860e+02 8.7754736e+02 1.0000000e-06
         vertex 1.0678851e+02 8.7624507e+02 1.0000000e-06
         vertex 9.6633195e+01 8.7066760e+02 1.0000000e-06
      endloop
   endfacet
   facet normal 0.0000000e+00 -0.0000000e+00 -1.0000000e+00
      outer loop
         vertex 9.6633195e+01 8.7066760e+02 1.0000000e-06
         vertex 1.0678851e+02 8.7624507e+02 1.0000000e-06
         vertex 1.0009327e+02 8.7084220e+02 1.0000000e-06
      endloop
   endfacet
   facet normal 0.0000000e+00 -0.0000000e+00 -1.0000000e+00
      outer loop
         vertex 9.6633195e+01 8.7066760e+02 1.0000000e-06
         vertex 1.0009327e+02 8.7084220e+02 1.0000000e-06
         vertex 9.4176815e+01 8.6530365e+02 1.0000000e-06
      endloop
   endfacet
   facet normal 0.0000000e+00 0.0000000e+00 -1.0000000e+00
      outer loop
         vertex 9.4176815e+01 8.6530365e+02 1.0000000e-06
         vertex 1.0009327e+02 8.7084220e+02 1.0000000e-06
         vertex 1.2423660e+02 8.6628479e+02 1.0000000e-06
      endloop
   endfacet
   facet normal 0.0000000e+00 0.0000000e+00 -1.0000000e+00
      outer loop
         vertex 1.2423660e+02 8.6628479e+02 1.0000000e-06
         vertex 1.0009327e+02 8.7084220e+02 1.0000000e-06
         vertex 1.0433623e+02 8.7106754e+02 1.0000000e-06
      endloop
   endfacet
   facet normal 0.0000000e+00 0.0000000e+00 -1.0000000e+00
      outer loop
         vertex 1.2423660e+02 8.6628479e+02 1.0000000e-06
         vertex 1.0433623e+02 8.7106754e+02 1.0000000e-06
         vertex 1.0858079e+02 8.7126033e+02 1.0000000e-06
      endloop
   endfacet
   facet normal 0.0000000e+00 -0.0000000e+00 -1.0000000e+00
      outer loop
         vertex 8.9836239e+01 8.8927098e+02 1.0000000e-06
         vertex 9.4176815e+01 8.9412988e+02 1.0000000e-06
         vertex 9.4044900e+01 8.8896899e+02 1.0000000e-06
      endloop
   endfacet
   facet normal 0.0000000e+00 0.0000000e+00 -1.0000000e+00
      outer loop
         vertex 9.4044900e+01 8.8896899e+02 1.0000000e-06
         vertex 9.4176815e+01 8.9412988e+02 1.0000000e-06
         vertex 9.6633195e+01 8.8876594e+02 1.0000000e-06
      endloop
   endfacet
   facet normal 0.0000000e+00 -0.0000000e+00 -1.0000000e+00
      outer loop
         vertex 9.4044900e+01 8.8896899e+02 1.0000000e-06
         vertex 9.6633195e+01 8.8876594e+02 1.0000000e-06
         vertex 8.8869180e+01 8.8324325e+02 1.0000000e-06
      endloop
   endfacet
   facet normal 0.0000000e+00 -0.0000000e+00 -1.0000000e+00
      outer loop
         vertex 8.8869180e+01 8.8324325e+02 1.0000000e-06
         vertex 9.6633195e+01 8.8876594e+02 1.0000000e-06
         vertex 9.0128699e+01 8.8188618e+02 1.0000000e-06
      endloop
   endfacet
   facet normal -0.0000000e+00 -0.0000000e+00 -1.0000000e+00
      outer loop
         vertex 8.8869180e+01 8.8324325e+02 1.0000000e-06
         vertex 9.0128699e+01 8.8188618e+02 1.0000000e-06
         vertex 8.7332730e+01 8.8188618e+02 1.0000000e-06
      endloop
   endfacet
   facet normal 0.0000000e+00 0.0000000e+00 -1.0000000e+00
      outer loop
         vertex 8.9836239e+01 8.8927098e+02 1.0000000e-06
         vertex 8.5629999e+01 8.8960501e+02 1.0000000e-06
         vertex 9.4176815e+01 8.9412988e+02 1.0000000e-06
      endloop
   endfacet
   facet normal -0.0000000e+00 0.0000000e+00 -1.0000000e+00
      outer loop
         vertex 9.4176815e+01 8.9412988e+02 1.0000000e-06
         vertex 8.5629999e+01 8.8960501e+02 1.0000000e-06
         vertex 8.1426425e+01 8.8997105e+02 1.0000000e-06
      endloop
   endfacet
   facet normal -0.0000000e+00 0.0000000e+00 -1.0000000e+00
      outer loop
         vertex 9.4176815e+01 8.9412988e+02 1.0000000e-06
         vertex 8.1426425e+01 8.8997105e+02 1.0000000e-06
         vertex 7.8036071e+01 8.9028979e+02 1.0000000e-06
      endloop
   endfacet
   facet normal 0.0000000e+00 0.0000000e+00 -1.0000000e+00
      outer loop
         vertex 7.8036071e+01 8.9028979e+02 1.0000000e-06
         vertex 8.1426425e+01 8.8997105e+02 1.0000000e-06
         vertex 8.8869180e+01 8.8324325e+02 1.0000000e-06
      endloop
   endfacet
   facet normal 0.0000000e+00 -0.0000000e+00 -1.0000000e+00
      outer loop
         vertex 7.8036071e+01 8.9028979e+02 1.0000000e-06
         vertex 8.8869180e+01 8.8324325e+02 1.0000000e-06
         vertex 8.7332730e+01 8.8188618e+02 1.0000000e-06
      endloop
   endfacet
   facet normal 0.0000000e+00 0.0000000e+00 -1.0000000e+00
      outer loop
         vertex 1.0842196e+02 8.8188618e+02 1.0000000e-06
         vertex 1.0515860e+02 8.8188618e+02 1.0000000e-06
         vertex 1.0678851e+02 8.8318847e+02 1.0000000e-06
      endloop
   endfacet
   facet normal -0.0000000e+00 0.0000000e+00 -1.0000000e+00
      outer loop
         vertex 1.0678851e+02 8.8318847e+02 1.0000000e-06
         vertex 1.0515860e+02 8.8188618e+02 1.0000000e-06
         vertex 9.6633195e+01 8.8876594e+02 1.0000000e-06
      endloop
   endfacet
   facet normal 0.0000000e+00 0.0000000e+00 -1.0000000e+00
      outer loop
         vertex 1.0678851e+02 8.8318847e+02 1.0000000e-06
         vertex 9.6633195e+01 8.8876594e+02 1.0000000e-06
         vertex 1.0009327e+02 8.8859133e+02 1.0000000e-06
      endloop
   endfacet
   facet normal 0.0000000e+00 0.0000000e+00 -1.0000000e+00
      outer loop
         vertex 1.0009327e+02 8.8859133e+02 1.0000000e-06
         vertex 9.6633195e+01 8.8876594e+02 1.0000000e-06
         vertex 9.4176815e+01 8.9412988e+02 1.0000000e-06
      endloop
   endfacet
   facet normal 0.0000000e+00 0.0000000e+00 -1.0000000e+00
      outer loop
         vertex 1.0009327e+02 8.8859133e+02 1.0000000e-06
         vertex 9.4176815e+01 8.9412988e+02 1.0000000e-06
         vertex 1.2423660e+02 8.9314875e+02 1.0000000e-06
      endloop
   endfacet
   facet normal 0.0000000e+00 0.0000000e+00 -1.0000000e+00
      outer loop
         vertex 1.6509203e+02 8.8188618e+02 1.0000000e-06
         vertex 1.6216842e+02 8.8188618e+02 1.0000000e-06
         vertex 1.6363407e+02 8.8330983e+02 1.0000000e-06
      endloop
   endfacet
   facet normal -0.0000000e+00 0.0000000e+00 -1.0000000e+00
      outer loop
         vertex 1.6363407e+02 8.8330983e+02 1.0000000e-06
         vertex 1.6216842e+02 8.8188618e+02 1.0000000e-06
         vertex 1.5654194e+02 8.8683960e+02 1.0000000e-06
      endloop
   endfacet
   facet normal 0.0000000e+00 0.0000000e+00 -1.0000000e+00
      outer loop
         vertex 1.6363407e+02 8.8330983e+02 1.0000000e-06
         vertex 1.5654194e+02 8.8683960e+02 1.0000000e-06
         vertex 1.5794226e+02 8.8832078e+02 1.0000000e-06
      endloop
   endfacet
   facet normal -0.0000000e+00 0.0000000e+00 -1.0000000e+00
      outer loop
         vertex 1.5794226e+02 8.8832078e+02 1.0000000e-06
         vertex 1.5654194e+02 8.8683960e+02 1.0000000e-06
         vertex 1.5500917e+02 8.8818903e+02 1.0000000e-06
      endloop
   endfacet
   facet normal -0.0000000e+00 0.0000000e+00 -1.0000000e+00
      outer loop
         vertex 1.5794226e+02 8.8832078e+02 1.0000000e-06
         vertex 1.5500917e+02 8.8818903e+02 1.0000000e-06
         vertex 1.5430727e+02 8.9370414e+02 1.0000000e-06
      endloop
   endfacet
   facet normal 0.0000000e+00 -0.0000000e+00 -1.0000000e+00
      outer loop
         vertex 1.5430727e+02 8.9370414e+02 1.0000000e-06
         vertex 1.5500917e+02 8.8818903e+02 1.0000000e-06
         vertex 1.5156336e+02 8.8805413e+02 1.0000000e-06
      endloop
   endfacet
   facet normal 0.0000000e+00 0.0000000e+00 -1.0000000e+00
      outer loop
         vertex 1.5430727e+02 8.9370414e+02 1.0000000e-06
         vertex 1.5156336e+02 8.8805413e+02 1.0000000e-06
         vertex 1.4811678e+02 8.8794067e+02 1.0000000e-06
      endloop
   endfacet
   facet normal 0.0000000e+00 -0.0000000e+00 -1.0000000e+00
      outer loop
         vertex 1.5500917e+02 8.8818903e+02 1.0000000e-06
         vertex 1.5654194e+02 8.8683960e+02 1.0000000e-06
         vertex 1.5007287e+02 8.8332277e+02 1.0000000e-06
      endloop
   endfacet
   facet normal 0.0000000e+00 -0.0000000e+00 -1.0000000e+00
      outer loop
         vertex 1.5007287e+02 8.8332277e+02 1.0000000e-06
         vertex 1.5654194e+02 8.8683960e+02 1.0000000e-06
         vertex 1.5151722e+02 8.8188618e+02 1.0000000e-06
      endloop
   endfacet
   facet normal -0.0000000e+00 -0.0000000e+00 -1.0000000e+00
      outer loop
         vertex 1.5007287e+02 8.8332277e+02 1.0000000e-06
         vertex 1.5151722e+02 8.8188618e+02 1.0000000e-06
         vertex 1.4861560e+02 8.8188618e+02 1.0000000e-06
      endloop
   endfacet
   facet normal 0.0000000e+00 0.0000000e+00 -1.0000000e+00
      outer loop
         vertex 1.4861560e+02 8.8188618e+02 1.0000000e-06
         vertex 1.4314343e+02 8.8646975e+02 1.0000000e-06
         vertex 1.5007287e+02 8.8332277e+02 1.0000000e-06
      endloop
   endfacet
   facet normal 0.0000000e+00 0.0000000e+00 -1.0000000e+00
      outer loop
         vertex 1.5007287e+02 8.8332277e+02 1.0000000e-06
         vertex 1.4314343e+02 8.8646975e+02 1.0000000e-06
         vertex 1.4466956e+02 8.8784866e+02 1.0000000e-06
      endloop
   endfacet
   facet normal -0.0000000e+00 0.0000000e+00 -1.0000000e+00
      outer loop
         vertex 1.4466956e+02 8.8784866e+02 1.0000000e-06
         vertex 1.4314343e+02 8.8646975e+02 1.0000000e-06
         vertex 1.4157400e+02 8.8778433e+02 1.0000000e-06
      endloop
   endfacet
   facet normal -0.0000000e+00 0.0000000e+00 -1.0000000e+00
      outer loop
         vertex 1.4466956e+02 8.8784866e+02 1.0000000e-06
         vertex 1.4157400e+02 8.8778433e+02 1.0000000e-06
         vertex 1.5430727e+02 8.9370414e+02 1.0000000e-06
      endloop
   endfacet
   facet normal -0.0000000e+00 0.0000000e+00 -1.0000000e+00
      outer loop
         vertex 1.5430727e+02 8.9370414e+02 1.0000000e-06
         vertex 1.4157400e+02 8.8778433e+02 1.0000000e-06
         vertex 1.2423660e+02 8.9314875e+02 1.0000000e-06
      endloop
   endfacet
   facet normal 0.0000000e+00 -0.0000000e+00 -1.0000000e+00
      outer loop
         vertex 1.2423660e+02 8.9314875e+02 1.0000000e-06
         vertex 1.4157400e+02 8.8778433e+02 1.0000000e-06
         vertex 1.3831371e+02 8.8773528e+02 1.0000000e-06
      endloop
   endfacet
   facet normal 0.0000000e+00 -0.0000000e+00 -1.0000000e+00
      outer loop
         vertex 1.2423660e+02 8.9314875e+02 1.0000000e-06
         vertex 1.3831371e+02 8.8773528e+02 1.0000000e-06
         vertex 1.3505319e+02 8.8770541e+02 1.0000000e-06
      endloop
   endfacet
   facet normal 0.0000000e+00 -0.0000000e+00 -1.0000000e+00
      outer loop
         vertex 1.4157400e+02 8.8778433e+02 1.0000000e-06
         vertex 1.4314343e+02 8.8646975e+02 1.0000000e-06
         vertex 1.3699992e+02 8.8331643e+02 1.0000000e-06
      endloop
   endfacet
   facet normal 0.0000000e+00 -0.0000000e+00 -1.0000000e+00
      outer loop
         vertex 1.3699992e+02 8.8331643e+02 1.0000000e-06
         vertex 1.4314343e+02 8.8646975e+02 1.0000000e-06
         vertex 1.3845092e+02 8.8188618e+02 1.0000000e-06
      endloop
   endfacet
   facet normal -0.0000000e+00 -0.0000000e+00 -1.0000000e+00
      outer loop
         vertex 1.3699992e+02 8.8331643e+02 1.0000000e-06
         vertex 1.3845092e+02 8.8188618e+02 1.0000000e-06
         vertex 1.3553567e+02 8.8188618e+02 1.0000000e-06
      endloop
   endfacet
   facet normal 0.0000000e+00 0.0000000e+00 -1.0000000e+00
      outer loop
         vertex 1.3553567e+02 8.8188618e+02 1.0000000e-06
         vertex 1.3019848e+02 8.8637361e+02 1.0000000e-06
         vertex 1.3699992e+02 8.8331643e+02 1.0000000e-06
      endloop
   endfacet
   facet normal 0.0000000e+00 0.0000000e+00 -1.0000000e+00
      outer loop
         vertex 1.3699992e+02 8.8331643e+02 1.0000000e-06
         vertex 1.3019848e+02 8.8637361e+02 1.0000000e-06
         vertex 1.3179255e+02 8.8769472e+02 1.0000000e-06
      endloop
   endfacet
   facet normal -0.0000000e+00 0.0000000e+00 -1.0000000e+00
      outer loop
         vertex 1.3179255e+02 8.8769472e+02 1.0000000e-06
         vertex 1.3019848e+02 8.8637361e+02 1.0000000e-06
         vertex 1.2861765e+02 8.8770275e+02 1.0000000e-06
      endloop
   endfacet
   facet normal 0.0000000e+00 0.0000000e+00 -1.0000000e+00
      outer loop
         vertex 1.3179255e+02 8.8769472e+02 1.0000000e-06
         vertex 1.2861765e+02 8.8770275e+02 1.0000000e-06
         vertex 1.2423660e+02 8.9314875e+02 1.0000000e-06
      endloop
   endfacet
   facet normal -0.0000000e+00 -0.0000000e+00 -1.0000000e+00
      outer loop
         vertex 1.2423660e+02 8.9314875e+02 1.0000000e-06
         vertex 1.2861765e+02 8.8770275e+02 1.0000000e-06
         vertex 1.2461354e+02 8.8773880e+02 1.0000000e-06
      endloop
   endfacet
   facet normal -0.0000000e+00 -0.0000000e+00 -1.0000000e+00
      outer loop
         vertex 1.2423660e+02 8.9314875e+02 1.0000000e-06
         vertex 1.2461354e+02 8.8773880e+02 1.0000000e-06
         vertex 1.2060978e+02 8.8780379e+02 1.0000000e-06
      endloop
   endfacet
   facet normal 0.0000000e+00 -0.0000000e+00 -1.0000000e+00
      outer loop
         vertex 1.2861765e+02 8.8770275e+02 1.0000000e-06
         vertex 1.3019848e+02 8.8637361e+02 1.0000000e-06
         vertex 1.2340150e+02 8.8325574e+02 1.0000000e-06
      endloop
   endfacet
   facet normal 0.0000000e+00 -0.0000000e+00 -1.0000000e+00
      outer loop
         vertex 1.2340150e+02 8.8325574e+02 1.0000000e-06
         vertex 1.3019848e+02 8.8637361e+02 1.0000000e-06
         vertex 1.2493491e+02 8.8188618e+02 1.0000000e-06
      endloop
   endfacet
   facet normal -0.0000000e+00 -0.0000000e+00 -1.0000000e+00
      outer loop
         vertex 1.2340150e+02 8.8325574e+02 1.0000000e-06
         vertex 1.2493491e+02 8.8188618e+02 1.0000000e-06
         vertex 1.2179507e+02 8.8188618e+02 1.0000000e-06
      endloop
   endfacet
   facet normal 0.0000000e+00 0.0000000e+00 -1.0000000e+00
      outer loop
         vertex 1.2179507e+02 8.8188618e+02 1.0000000e-06
         vertex 1.1458591e+02 8.8681114e+02 1.0000000e-06
         vertex 1.2340150e+02 8.8325574e+02 1.0000000e-06
      endloop
   endfacet
   facet normal 0.0000000e+00 0.0000000e+00 -1.0000000e+00
      outer loop
         vertex 1.2340150e+02 8.8325574e+02 1.0000000e-06
         vertex 1.1458591e+02 8.8681114e+02 1.0000000e-06
         vertex 1.1660660e+02 8.8789770e+02 1.0000000e-06
      endloop
   endfacet
   facet normal -0.0000000e+00 0.0000000e+00 -1.0000000e+00
      outer loop
         vertex 1.1660660e+02 8.8789770e+02 1.0000000e-06
         vertex 1.1458591e+02 8.8681114e+02 1.0000000e-06
         vertex 1.1282671e+02 8.8801295e+02 1.0000000e-06
      endloop
   endfacet
   facet normal 0.0000000e+00 0.0000000e+00 -1.0000000e+00
      outer loop
         vertex 1.1660660e+02 8.8789770e+02 1.0000000e-06
         vertex 1.1282671e+02 8.8801295e+02 1.0000000e-06
         vertex 1.2423660e+02 8.9314875e+02 1.0000000e-06
      endloop
   endfacet
   facet normal -0.0000000e+00 0.0000000e+00 -1.0000000e+00
      outer loop
         vertex 1.2423660e+02 8.9314875e+02 1.0000000e-06
         vertex 1.1282671e+02 8.8801295e+02 1.0000000e-06
         vertex 1.0858079e+02 8.8817320e+02 1.0000000e-06
      endloop
   endfacet
   facet normal -0.0000000e+00 0.0000000e+00 -1.0000000e+00
      outer loop
         vertex 1.2423660e+02 8.9314875e+02 1.0000000e-06
         vertex 1.0858079e+02 8.8817320e+02 1.0000000e-06
         vertex 1.0433623e+02 8.8836600e+02 1.0000000e-06
      endloop
   endfacet
   facet normal 0.0000000e+00 -0.0000000e+00 -1.0000000e+00
      outer loop
         vertex 1.1282671e+02 8.8801295e+02 1.0000000e-06
         vertex 1.1458591e+02 8.8681114e+02 1.0000000e-06
         vertex 1.0678851e+02 8.8318847e+02 1.0000000e-06
      endloop
   endfacet
   facet normal 0.0000000e+00 -0.0000000e+00 -1.0000000e+00
      outer loop
         vertex 1.0678851e+02 8.8318847e+02 1.0000000e-06
         vertex 1.1458591e+02 8.8681114e+02 1.0000000e-06
         vertex 1.0842196e+02 8.8188618e+02 1.0000000e-06
      endloop
   endfacet
   facet normal 0.0000000e+00 0.0000000e+00 -1.0000000e+00
      outer loop
         vertex 6.7612191e+01 8.8188618e+02 1.0000000e-06
         vertex 6.6333686e+01 8.8347204e+02 1.0000000e-06
         vertex 7.8036071e+01 8.9028979e+02 1.0000000e-06
      endloop
   endfacet
   facet normal -0.0000000e+00 0.0000000e+00 -1.0000000e+00
      outer loop
         vertex 7.8036071e+01 8.9028979e+02 1.0000000e-06
         vertex 6.6333686e+01 8.8347204e+02 1.0000000e-06
         vertex 7.5147844e+01 8.9057792e+02 1.0000000e-06
      endloop
   endfacet
   facet normal 0.0000000e+00 0.0000000e+00 -1.0000000e+00
      outer loop
         vertex 7.8036071e+01 8.9028979e+02 1.0000000e-06
         vertex 7.5147844e+01 8.9057792e+02 1.0000000e-06
         vertex 9.4176815e+01 8.9412988e+02 1.0000000e-06
      endloop
   endfacet
   facet normal -0.0000000e+00 0.0000000e+00 -1.0000000e+00
      outer loop
         vertex 9.4176815e+01 8.9412988e+02 1.0000000e-06
         vertex 7.5147844e+01 8.9057792e+02 1.0000000e-06
         vertex 6.9571990e+01 8.9117742e+02 1.0000000e-06
      endloop
   endfacet
   facet normal -0.0000000e+00 0.0000000e+00 -1.0000000e+00
      outer loop
         vertex 9.4176815e+01 8.9412988e+02 1.0000000e-06
         vertex 6.9571990e+01 8.9117742e+02 1.0000000e-06
         vertex 6.4002488e+01 8.9183332e+02 1.0000000e-06
      endloop
   endfacet
   facet normal 0.0000000e+00 0.0000000e+00 -1.0000000e+00
      outer loop
         vertex 6.7612191e+01 8.7754736e+02 1.0000000e-06
         vertex 6.7612191e+01 8.8188618e+02 1.0000000e-06
         vertex 8.7332730e+01 8.8188618e+02 1.0000000e-06
      endloop
   endfacet
   facet normal 0.0000000e+00 0.0000000e+00 -1.0000000e+00
      outer loop
         vertex 1.0433623e+02 8.8836600e+02 1.0000000e-06
         vertex 1.0009327e+02 8.8859133e+02 1.0000000e-06
         vertex 1.2423660e+02 8.9314875e+02 1.0000000e-06
      endloop
   endfacet
   facet normal 0.0000000e+00 0.0000000e+00 -1.0000000e+00
      outer loop
         vertex 1.2060978e+02 8.8780379e+02 1.0000000e-06
         vertex 1.1660660e+02 8.8789770e+02 1.0000000e-06
         vertex 1.2423660e+02 8.9314875e+02 1.0000000e-06
      endloop
   endfacet
   facet normal -0.0000000e+00 0.0000000e+00 -1.0000000e+00
      outer loop
         vertex 1.3505319e+02 8.8770541e+02 1.0000000e-06
         vertex 1.3179255e+02 8.8769472e+02 1.0000000e-06
         vertex 1.2423660e+02 8.9314875e+02 1.0000000e-06
      endloop
   endfacet
   facet normal -0.0000000e+00 0.0000000e+00 -1.0000000e+00
      outer loop
         vertex 1.4811678e+02 8.8794067e+02 1.0000000e-06
         vertex 1.4466956e+02 8.8784866e+02 1.0000000e-06
         vertex 1.5430727e+02 8.9370414e+02 1.0000000e-06
      endloop
   endfacet
   facet normal 0.0000000e+00 0.0000000e+00 -1.0000000e+00
      outer loop
         vertex 1.6509203e+02 8.8188618e+02 1.0000000e-06
         vertex 1.6363407e+02 8.8330983e+02 1.0000000e-06
         vertex 1.7114347e+02 8.8776421e+02 1.0000000e-06
      endloop
   endfacet
   facet normal -0.0000000e+00 0.0000000e+00 -1.0000000e+00
      outer loop
         vertex 1.7114347e+02 8.8776421e+02 1.0000000e-06
         vertex 1.6363407e+02 8.8330983e+02 1.0000000e-06
         vertex 1.6948228e+02 8.8899045e+02 1.0000000e-06
      endloop
   endfacet
   facet normal 0.0000000e+00 0.0000000e+00 -1.0000000e+00
      outer loop
         vertex 1.7114347e+02 8.8776421e+02 1.0000000e-06
         vertex 1.6948228e+02 8.8899045e+02 1.0000000e-06
         vertex 1.7260996e+02 8.8921360e+02 1.0000000e-06
      endloop
   endfacet
   facet normal -0.0000000e+00 0.0000000e+00 -1.0000000e+00
      outer loop
         vertex 1.7260996e+02 8.8921360e+02 1.0000000e-06
         vertex 1.6948228e+02 8.8899045e+02 1.0000000e-06
         vertex 1.5430727e+02 8.9370414e+02 1.0000000e-06
      endloop
   endfacet
   facet normal 0.0000000e+00 0.0000000e+00 -1.0000000e+00
      outer loop
         vertex 1.7260996e+02 8.8921360e+02 1.0000000e-06
         vertex 1.5430727e+02 8.9370414e+02 1.0000000e-06
         vertex 1.7756923e+02 8.8960390e+02 1.0000000e-06
      endloop
   endfacet
   facet normal 0.0000000e+00 0.0000000e+00 -1.0000000e+00
      outer loop
         vertex 1.7756923e+02 8.8960390e+02 1.0000000e-06
         vertex 1.5430727e+02 8.9370414e+02 1.0000000e-06
         vertex 1.8252478e+02 8.9003871e+02 1.0000000e-06
      endloop
   endfacet
   facet normal 0.0000000e+00 0.0000000e+00 -1.0000000e+00
      outer loop
         vertex 1.8252478e+02 8.9003871e+02 1.0000000e-06
         vertex 1.5430727e+02 8.9370414e+02 1.0000000e-06
         vertex 1.8431032e+02 8.9579462e+02 1.0000000e-06
      endloop
   endfacet
   facet normal 0.0000000e+00 0.0000000e+00 -1.0000000e+00
      outer loop
         vertex 1.8252478e+02 8.9003871e+02 1.0000000e-06
         vertex 1.8431032e+02 8.9579462e+02 1.0000000e-06
         vertex 1.8747624e+02 8.9051798e+02 1.0000000e-06
      endloop
   endfacet
   facet normal 0.0000000e+00 0.0000000e+00 -1.0000000e+00
      outer loop
         vertex 1.8747624e+02 8.9051798e+02 1.0000000e-06
         vertex 1.8431032e+02 8.9579462e+02 1.0000000e-06
         vertex 1.9015742e+02 8.9079623e+02 1.0000000e-06
      endloop
   endfacet
   facet normal 0.0000000e+00 -0.0000000e+00 -1.0000000e+00
      outer loop
         vertex 1.8747624e+02 8.9051798e+02 1.0000000e-06
         vertex 1.9015742e+02 8.9079623e+02 1.0000000e-06
         vertex 1.8896233e+02 8.8912434e+02 1.0000000e-06
      endloop
   endfacet
   facet normal 0.0000000e+00 0.0000000e+00 -1.0000000e+00
      outer loop
         vertex 1.8896233e+02 8.8912434e+02 1.0000000e-06
         vertex 1.9015742e+02 8.9079623e+02 1.0000000e-06
         vertex 1.9794810e+02 8.8349023e+02 1.0000000e-06
      endloop
   endfacet
   facet normal 0.0000000e+00 -0.0000000e+00 -1.0000000e+00
      outer loop
         vertex 1.8896233e+02 8.8912434e+02 1.0000000e-06
         vertex 1.9794810e+02 8.8349023e+02 1.0000000e-06
         vertex 1.9668067e+02 8.8188618e+02 1.0000000e-06
      endloop
   endfacet
   facet normal 0.0000000e+00 0.0000000e+00 -1.0000000e+00
      outer loop
         vertex 1.9668067e+02 8.8188618e+02 1.0000000e-06
         vertex 1.9794810e+02 8.8349023e+02 1.0000000e-06
         vertex 1.9927686e+02 8.8188618e+02 1.0000000e-06
      endloop
   endfacet
   facet normal -0.0000000e+00 0.0000000e+00 -1.0000000e+00
      outer loop
         vertex 1.6948228e+02 8.8899045e+02 1.0000000e-06
         vertex 1.6563719e+02 8.8874049e+02 1.0000000e-06
         vertex 1.5430727e+02 8.9370414e+02 1.0000000e-06
      endloop
   endfacet
   facet normal 0.0000000e+00 -0.0000000e+00 -1.0000000e+00
      outer loop
         vertex 1.5430727e+02 8.9370414e+02 1.0000000e-06
         vertex 1.6563719e+02 8.8874049e+02 1.0000000e-06
         vertex 1.6179046e+02 8.8851726e+02 1.0000000e-06
      endloop
   endfacet
   facet normal 0.0000000e+00 -0.0000000e+00 -1.0000000e+00
      outer loop
         vertex 1.5430727e+02 8.9370414e+02 1.0000000e-06
         vertex 1.6179046e+02 8.8851726e+02 1.0000000e-06
         vertex 1.5794226e+02 8.8832078e+02 1.0000000e-06
      endloop
   endfacet
   facet normal -0.0000000e+00 -0.0000000e+00 -1.0000000e+00
      outer loop
         vertex 1.7260996e+02 8.8921360e+02 1.0000000e-06
         vertex 1.8053727e+02 8.8336185e+02 1.0000000e-06
         vertex 1.7114347e+02 8.8776421e+02 1.0000000e-06
      endloop
   endfacet
   facet normal 0.0000000e+00 -0.0000000e+00 -1.0000000e+00
      outer loop
         vertex 1.7114347e+02 8.8776421e+02 1.0000000e-06
         vertex 1.8053727e+02 8.8336185e+02 1.0000000e-06
         vertex 1.7910638e+02 8.8188618e+02 1.0000000e-06
      endloop
   endfacet
   facet normal 0.0000000e+00 0.0000000e+00 -1.0000000e+00
      outer loop
         vertex 1.7910638e+02 8.8188618e+02 1.0000000e-06
         vertex 1.8053727e+02 8.8336185e+02 1.0000000e-06
         vertex 1.8194382e+02 8.8188618e+02 1.0000000e-06
      endloop
   endfacet
   facet normal 0.0000000e+00 0.0000000e+00 -1.0000000e+00
      outer loop
         vertex 1.8194382e+02 8.8188618e+02 1.0000000e-06
         vertex 1.8053727e+02 8.8336185e+02 1.0000000e-06
         vertex 1.8896233e+02 8.8912434e+02 1.0000000e-06
      endloop
   endfacet
   facet normal -0.0000000e+00 0.0000000e+00 -1.0000000e+00
      outer loop
         vertex 1.8896233e+02 8.8912434e+02 1.0000000e-06
         vertex 1.8053727e+02 8.8336185e+02 1.0000000e-06
         vertex 1.8747624e+02 8.9051798e+02 1.0000000e-06
      endloop
   endfacet
   facet normal 0.0000000e+00 0.0000000e+00 -1.0000000e+00
      outer loop
         vertex 1.9927686e+02 8.8188618e+02 1.0000000e-06
         vertex 1.9794810e+02 8.8349023e+02 1.0000000e-06
         vertex 2.0519299e+02 8.8937358e+02 1.0000000e-06
      endloop
   endfacet
   facet normal -0.0000000e+00 0.0000000e+00 -1.0000000e+00
      outer loop
         vertex 2.0519299e+02 8.8937358e+02 1.0000000e-06
         vertex 1.9794810e+02 8.8349023e+02 1.0000000e-06
         vertex 2.0385303e+02 8.9096345e+02 1.0000000e-06
      endloop
   endfacet
   facet normal 0.0000000e+00 0.0000000e+00 -1.0000000e+00
      outer loop
         vertex 2.0519299e+02 8.8937358e+02 1.0000000e-06
         vertex 2.0385303e+02 8.9096345e+02 1.0000000e-06
         vertex 2.0648205e+02 8.9100500e+02 1.0000000e-06
      endloop
   endfacet
   facet normal -0.0000000e+00 0.0000000e+00 -1.0000000e+00
      outer loop
         vertex 2.0648205e+02 8.9100500e+02 1.0000000e-06
         vertex 2.0385303e+02 8.9096345e+02 1.0000000e-06
         vertex 2.0274412e+02 8.9227919e+02 1.0000000e-06
      endloop
   endfacet
   facet normal 0.0000000e+00 0.0000000e+00 -1.0000000e+00
      outer loop
         vertex 2.0648205e+02 8.9100500e+02 1.0000000e-06
         vertex 2.0274412e+02 8.9227919e+02 1.0000000e-06
         vertex 2.0805232e+02 8.9299231e+02 1.0000000e-06
      endloop
   endfacet
   facet normal -0.0000000e+00 0.0000000e+00 -1.0000000e+00
      outer loop
         vertex 2.0805232e+02 8.9299231e+02 1.0000000e-06
         vertex 2.0274412e+02 8.9227919e+02 1.0000000e-06
         vertex 1.8431032e+02 8.9579462e+02 1.0000000e-06
      endloop
   endfacet
   facet normal 0.0000000e+00 0.0000000e+00 -1.0000000e+00
      outer loop
         vertex 2.0805232e+02 8.9299231e+02 1.0000000e-06
         vertex 1.8431032e+02 8.9579462e+02 1.0000000e-06
         vertex 2.1009179e+02 8.9328021e+02 1.0000000e-06
      endloop
   endfacet
   facet normal 0.0000000e+00 0.0000000e+00 -1.0000000e+00
      outer loop
         vertex 2.1009179e+02 8.9328021e+02 1.0000000e-06
         vertex 1.8431032e+02 8.9579462e+02 1.0000000e-06
         vertex 2.1213017e+02 8.9357568e+02 1.0000000e-06
      endloop
   endfacet
   facet normal 0.0000000e+00 0.0000000e+00 -1.0000000e+00
      outer loop
         vertex 2.1213017e+02 8.9357568e+02 1.0000000e-06
         vertex 1.8431032e+02 8.9579462e+02 1.0000000e-06
         vertex 2.1416745e+02 8.9387873e+02 1.0000000e-06
      endloop
   endfacet
   facet normal 0.0000000e+00 0.0000000e+00 -1.0000000e+00
      outer loop
         vertex 2.1416745e+02 8.9387873e+02 1.0000000e-06
         vertex 1.8431032e+02 8.9579462e+02 1.0000000e-06
         vertex 2.1708705e+02 8.9432652e+02 1.0000000e-06
      endloop
   endfacet
   facet normal 0.0000000e+00 0.0000000e+00 -1.0000000e+00
      outer loop
         vertex 2.1708705e+02 8.9432652e+02 1.0000000e-06
         vertex 1.8431032e+02 8.9579462e+02 1.0000000e-06
         vertex 2.1416745e+02 8.9941473e+02 1.0000000e-06
      endloop
   endfacet
   facet normal 0.0000000e+00 0.0000000e+00 -1.0000000e+00
      outer loop
         vertex 2.1708705e+02 8.9432652e+02 1.0000000e-06
         vertex 2.1416745e+02 8.9941473e+02 1.0000000e-06
         vertex 2.2000423e+02 8.9478988e+02 1.0000000e-06
      endloop
   endfacet
   facet normal 0.0000000e+00 0.0000000e+00 -1.0000000e+00
      outer loop
         vertex 2.2000423e+02 8.9478988e+02 1.0000000e-06
         vertex 2.1416745e+02 8.9941473e+02 1.0000000e-06
         vertex 2.2291890e+02 8.9526877e+02 1.0000000e-06
      endloop
   endfacet
   facet normal 0.0000000e+00 0.0000000e+00 -1.0000000e+00
      outer loop
         vertex 2.2291890e+02 8.9526877e+02 1.0000000e-06
         vertex 2.1416745e+02 8.9941473e+02 1.0000000e-06
         vertex 2.1678812e+02 8.9980667e+02 1.0000000e-06
      endloop
   endfacet
   facet normal 0.0000000e+00 0.0000000e+00 -1.0000000e+00
      outer loop
         vertex 2.2291890e+02 8.9526877e+02 1.0000000e-06
         vertex 2.1678812e+02 8.9980667e+02 1.0000000e-06
         vertex 2.3839322e+02 8.9979267e+02 1.0000000e-06
      endloop
   endfacet
   facet normal 0.0000000e+00 0.0000000e+00 -1.0000000e+00
      outer loop
         vertex 2.3839322e+02 8.9979267e+02 1.0000000e-06
         vertex 2.1678812e+02 8.9980667e+02 1.0000000e-06
         vertex 2.1940699e+02 9.0021040e+02 1.0000000e-06
      endloop
   endfacet
   facet normal 0.0000000e+00 0.0000000e+00 -1.0000000e+00
      outer loop
         vertex 2.3839322e+02 8.9979267e+02 1.0000000e-06
         vertex 2.1940699e+02 9.0021040e+02 1.0000000e-06
         vertex 2.2202402e+02 9.0062592e+02 1.0000000e-06
      endloop
   endfacet
   facet normal -0.0000000e+00 0.0000000e+00 -1.0000000e+00
      outer loop
         vertex 2.0274412e+02 8.9227919e+02 1.0000000e-06
         vertex 1.9855236e+02 8.9175289e+02 1.0000000e-06
         vertex 1.8431032e+02 8.9579462e+02 1.0000000e-06
      endloop
   endfacet
   facet normal 0.0000000e+00 -0.0000000e+00 -1.0000000e+00
      outer loop
         vertex 1.8431032e+02 8.9579462e+02 1.0000000e-06
         vertex 1.9855236e+02 8.9175289e+02 1.0000000e-06
         vertex 1.9435672e+02 8.9125857e+02 1.0000000e-06
      endloop
   endfacet
   facet normal 0.0000000e+00 -0.0000000e+00 -1.0000000e+00
      outer loop
         vertex 1.8431032e+02 8.9579462e+02 1.0000000e-06
         vertex 1.9435672e+02 8.9125857e+02 1.0000000e-06
         vertex 1.9015742e+02 8.9079623e+02 1.0000000e-06
      endloop
   endfacet
   facet normal -0.0000000e+00 -0.0000000e+00 -1.0000000e+00
      outer loop
         vertex 2.0648205e+02 8.9100500e+02 1.0000000e-06
         vertex 2.1429725e+02 8.8188618e+02 1.0000000e-06
         vertex 2.0519299e+02 8.8937358e+02 1.0000000e-06
      endloop
   endfacet
   facet normal -0.0000000e+00 -0.0000000e+00 -1.0000000e+00
      outer loop
         vertex 2.0519299e+02 8.8937358e+02 1.0000000e-06
         vertex 2.1429725e+02 8.8188618e+02 1.0000000e-06
         vertex 2.1150342e+02 8.8188618e+02 1.0000000e-06
      endloop
   endfacet
   facet normal 0.0000000e+00 0.0000000e+00 -1.0000000e+00
      outer loop
         vertex 2.1150342e+02 8.8188618e+02 1.0000000e-06
         vertex 2.1429725e+02 8.8188618e+02 1.0000000e-06
         vertex 2.2023440e+02 8.7971677e+02 1.0000000e-06
      endloop
   endfacet
   facet normal 0.0000000e+00 0.0000000e+00 -1.0000000e+00
      outer loop
         vertex 2.2023440e+02 8.7971677e+02 1.0000000e-06
         vertex 2.1429725e+02 8.8188618e+02 1.0000000e-06
         vertex 2.2064763e+02 8.8285555e+02 1.0000000e-06
      endloop
   endfacet
   facet normal -0.0000000e+00 0.0000000e+00 -1.0000000e+00
      outer loop
         vertex 2.2064763e+02 8.8285555e+02 1.0000000e-06
         vertex 2.1429725e+02 8.8188618e+02 1.0000000e-06
         vertex 2.1524520e+02 8.8588574e+02 1.0000000e-06
      endloop
   endfacet
   facet normal 0.0000000e+00 0.0000000e+00 -1.0000000e+00
      outer loop
         vertex 2.2064763e+02 8.8285555e+02 1.0000000e-06
         vertex 2.1524520e+02 8.8588574e+02 1.0000000e-06
         vertex 2.2185915e+02 8.8578044e+02 1.0000000e-06
      endloop
   endfacet
   facet normal 0.0000000e+00 0.0000000e+00 -1.0000000e+00
      outer loop
         vertex 2.2185915e+02 8.8578044e+02 1.0000000e-06
         vertex 2.1524520e+02 8.8588574e+02 1.0000000e-06
         vertex 2.2378641e+02 8.8829209e+02 1.0000000e-06
      endloop
   endfacet
   facet normal -0.0000000e+00 0.0000000e+00 -1.0000000e+00
      outer loop
         vertex 2.2378641e+02 8.8829209e+02 1.0000000e-06
         vertex 2.1524520e+02 8.8588574e+02 1.0000000e-06
         vertex 2.1706675e+02 8.8957046e+02 1.0000000e-06
      endloop
   endfacet
   facet normal 0.0000000e+00 0.0000000e+00 -1.0000000e+00
      outer loop
         vertex 2.2378641e+02 8.8829209e+02 1.0000000e-06
         vertex 2.1706675e+02 8.8957046e+02 1.0000000e-06
         vertex 2.2629807e+02 8.9021935e+02 1.0000000e-06
      endloop
   endfacet
   facet normal -0.0000000e+00 0.0000000e+00 -1.0000000e+00
      outer loop
         vertex 2.2629807e+02 8.9021935e+02 1.0000000e-06
         vertex 2.1706675e+02 8.8957046e+02 1.0000000e-06
         vertex 2.1966891e+02 8.9275227e+02 1.0000000e-06
      endloop
   endfacet
   facet normal 0.0000000e+00 0.0000000e+00 -1.0000000e+00
      outer loop
         vertex 2.2629807e+02 8.9021935e+02 1.0000000e-06
         vertex 2.1966891e+02 8.9275227e+02 1.0000000e-06
         vertex 2.2922295e+02 8.9143088e+02 1.0000000e-06
      endloop
   endfacet
   facet normal 0.0000000e+00 0.0000000e+00 -1.0000000e+00
      outer loop
         vertex 2.2922295e+02 8.9143088e+02 1.0000000e-06
         vertex 2.1966891e+02 8.9275227e+02 1.0000000e-06
         vertex 2.3236173e+02 8.9184410e+02 1.0000000e-06
      endloop
   endfacet
   facet normal 0.0000000e+00 0.0000000e+00 -1.0000000e+00
      outer loop
         vertex 2.3236173e+02 8.9184410e+02 1.0000000e-06
         vertex 2.1966891e+02 8.9275227e+02 1.0000000e-06
         vertex 2.2291890e+02 8.9526877e+02 1.0000000e-06
      endloop
   endfacet
   facet normal 0.0000000e+00 0.0000000e+00 -1.0000000e+00
      outer loop
         vertex 2.3236173e+02 8.9184410e+02 1.0000000e-06
         vertex 2.2291890e+02 8.9526877e+02 1.0000000e-06
         vertex 2.4697577e+02 8.9279294e+02 1.0000000e-06
      endloop
   endfacet
   facet normal 0.0000000e+00 0.0000000e+00 -1.0000000e+00
      outer loop
         vertex 2.4697577e+02 8.9279294e+02 1.0000000e-06
         vertex 2.2291890e+02 8.9526877e+02 1.0000000e-06
         vertex 2.4313018e+02 8.9683927e+02 1.0000000e-06
      endloop
   endfacet
   facet normal -0.0000000e+00 0.0000000e+00 -1.0000000e+00
      outer loop
         vertex 2.4313018e+02 8.9683927e+02 1.0000000e-06
         vertex 2.2291890e+02 8.9526877e+02 1.0000000e-06
         vertex 2.3839322e+02 8.9979267e+02 1.0000000e-06
      endloop
   endfacet
   facet normal 0.0000000e+00 -0.0000000e+00 -1.0000000e+00
      outer loop
         vertex 1.4861560e+02 8.7754736e+02 1.0000000e-06
         vertex 1.5151722e+02 8.7754736e+02 1.0000000e-06
         vertex 1.5007287e+02 8.7611077e+02 1.0000000e-06
      endloop
   endfacet
   facet normal 0.0000000e+00 0.0000000e+00 -1.0000000e+00
      outer loop
         vertex 1.5007287e+02 8.7611077e+02 1.0000000e-06
         vertex 1.5151722e+02 8.7754736e+02 1.0000000e-06
         vertex 1.5654194e+02 8.7259393e+02 1.0000000e-06
      endloop
   endfacet
   facet normal 0.0000000e+00 -0.0000000e+00 -1.0000000e+00
      outer loop
         vertex 1.5007287e+02 8.7611077e+02 1.0000000e-06
         vertex 1.5654194e+02 8.7259393e+02 1.0000000e-06
         vertex 1.5500917e+02 8.7124451e+02 1.0000000e-06
      endloop
   endfacet
   facet normal 0.0000000e+00 0.0000000e+00 -1.0000000e+00
      outer loop
         vertex 1.5500917e+02 8.7124451e+02 1.0000000e-06
         vertex 1.5654194e+02 8.7259393e+02 1.0000000e-06
         vertex 1.5794226e+02 8.7111276e+02 1.0000000e-06
      endloop
   endfacet
   facet normal 0.0000000e+00 -0.0000000e+00 -1.0000000e+00
      outer loop
         vertex 1.5500917e+02 8.7124451e+02 1.0000000e-06
         vertex 1.5794226e+02 8.7111276e+02 1.0000000e-06
         vertex 1.5430727e+02 8.6572939e+02 1.0000000e-06
      endloop
   endfacet
   facet normal 0.0000000e+00 0.0000000e+00 -1.0000000e+00
      outer loop
         vertex 1.5430727e+02 8.6572939e+02 1.0000000e-06
         vertex 1.5794226e+02 8.7111276e+02 1.0000000e-06
         vertex 1.6179046e+02 8.7091628e+02 1.0000000e-06
      endloop
   endfacet
   facet normal 0.0000000e+00 0.0000000e+00 -1.0000000e+00
      outer loop
         vertex 1.5430727e+02 8.6572939e+02 1.0000000e-06
         vertex 1.6179046e+02 8.7091628e+02 1.0000000e-06
         vertex 1.6563719e+02 8.7069305e+02 1.0000000e-06
      endloop
   endfacet
   facet normal 0.0000000e+00 0.0000000e+00 -1.0000000e+00
      outer loop
         vertex 1.5794226e+02 8.7111276e+02 1.0000000e-06
         vertex 1.5654194e+02 8.7259393e+02 1.0000000e-06
         vertex 1.6363407e+02 8.7612371e+02 1.0000000e-06
      endloop
   endfacet
   facet normal -0.0000000e+00 0.0000000e+00 -1.0000000e+00
      outer loop
         vertex 1.6363407e+02 8.7612371e+02 1.0000000e-06
         vertex 1.5654194e+02 8.7259393e+02 1.0000000e-06
         vertex 1.6216842e+02 8.7754736e+02 1.0000000e-06
      endloop
   endfacet
   facet normal 0.0000000e+00 0.0000000e+00 -1.0000000e+00
      outer loop
         vertex 1.6363407e+02 8.7612371e+02 1.0000000e-06
         vertex 1.6216842e+02 8.7754736e+02 1.0000000e-06
         vertex 1.6509203e+02 8.7754736e+02 1.0000000e-06
      endloop
   endfacet
   facet normal -0.0000000e+00 -0.0000000e+00 -1.0000000e+00
      outer loop
         vertex 1.6509203e+02 8.7754736e+02 1.0000000e-06
         vertex 1.7114347e+02 8.7166933e+02 1.0000000e-06
         vertex 1.6363407e+02 8.7612371e+02 1.0000000e-06
      endloop
   endfacet
   facet normal 0.0000000e+00 -0.0000000e+00 -1.0000000e+00
      outer loop
         vertex 1.6363407e+02 8.7612371e+02 1.0000000e-06
         vertex 1.7114347e+02 8.7166933e+02 1.0000000e-06
         vertex 1.6948228e+02 8.7044308e+02 1.0000000e-06
      endloop
   endfacet
   facet normal 0.0000000e+00 0.0000000e+00 -1.0000000e+00
      outer loop
         vertex 1.6948228e+02 8.7044308e+02 1.0000000e-06
         vertex 1.7114347e+02 8.7166933e+02 1.0000000e-06
         vertex 1.7260996e+02 8.7021994e+02 1.0000000e-06
      endloop
   endfacet
   facet normal 0.0000000e+00 -0.0000000e+00 -1.0000000e+00
      outer loop
         vertex 1.6948228e+02 8.7044308e+02 1.0000000e-06
         vertex 1.7260996e+02 8.7021994e+02 1.0000000e-06
         vertex 1.5430727e+02 8.6572939e+02 1.0000000e-06
      endloop
   endfacet
   facet normal 0.0000000e+00 0.0000000e+00 -1.0000000e+00
      outer loop
         vertex 1.5430727e+02 8.6572939e+02 1.0000000e-06
         vertex 1.7260996e+02 8.7021994e+02 1.0000000e-06
         vertex 1.7756923e+02 8.6982963e+02 1.0000000e-06
      endloop
   endfacet
   facet normal 0.0000000e+00 0.0000000e+00 -1.0000000e+00
      outer loop
         vertex 1.5430727e+02 8.6572939e+02 1.0000000e-06
         vertex 1.7756923e+02 8.6982963e+02 1.0000000e-06
         vertex 1.8252478e+02 8.6939483e+02 1.0000000e-06
      endloop
   endfacet
   facet normal 0.0000000e+00 0.0000000e+00 -1.0000000e+00
      outer loop
         vertex 1.7260996e+02 8.7021994e+02 1.0000000e-06
         vertex 1.7114347e+02 8.7166933e+02 1.0000000e-06
         vertex 1.8053727e+02 8.7607169e+02 1.0000000e-06
      endloop
   endfacet
   facet normal -0.0000000e+00 0.0000000e+00 -1.0000000e+00
      outer loop
         vertex 1.8053727e+02 8.7607169e+02 1.0000000e-06
         vertex 1.7114347e+02 8.7166933e+02 1.0000000e-06
         vertex 1.7910638e+02 8.7754736e+02 1.0000000e-06
      endloop
   endfacet
   facet normal 0.0000000e+00 0.0000000e+00 -1.0000000e+00
      outer loop
         vertex 1.8053727e+02 8.7607169e+02 1.0000000e-06
         vertex 1.7910638e+02 8.7754736e+02 1.0000000e-06
         vertex 1.8194382e+02 8.7754736e+02 1.0000000e-06
      endloop
   endfacet
   facet normal -0.0000000e+00 -0.0000000e+00 -1.0000000e+00
      outer loop
         vertex 1.8194382e+02 8.7754736e+02 1.0000000e-06
         vertex 1.8896233e+02 8.7030920e+02 1.0000000e-06
         vertex 1.8053727e+02 8.7607169e+02 1.0000000e-06
      endloop
   endfacet
   facet normal 0.0000000e+00 -0.0000000e+00 -1.0000000e+00
      outer loop
         vertex 1.8053727e+02 8.7607169e+02 1.0000000e-06
         vertex 1.8896233e+02 8.7030920e+02 1.0000000e-06
         vertex 1.8747624e+02 8.6891556e+02 1.0000000e-06
      endloop
   endfacet
   facet normal 0.0000000e+00 0.0000000e+00 -1.0000000e+00
      outer loop
         vertex 1.8747624e+02 8.6891556e+02 1.0000000e-06
         vertex 1.8896233e+02 8.7030920e+02 1.0000000e-06
         vertex 1.9015742e+02 8.6863730e+02 1.0000000e-06
      endloop
   endfacet
   facet normal 0.0000000e+00 -0.0000000e+00 -1.0000000e+00
      outer loop
         vertex 1.8747624e+02 8.6891556e+02 1.0000000e-06
         vertex 1.9015742e+02 8.6863730e+02 1.0000000e-06
         vertex 1.8431032e+02 8.6363891e+02 1.0000000e-06
      endloop
   endfacet
   facet normal 0.0000000e+00 0.0000000e+00 -1.0000000e+00
      outer loop
         vertex 1.8431032e+02 8.6363891e+02 1.0000000e-06
         vertex 1.9015742e+02 8.6863730e+02 1.0000000e-06
         vertex 1.9435672e+02 8.6817497e+02 1.0000000e-06
      endloop
   endfacet
   facet normal 0.0000000e+00 0.0000000e+00 -1.0000000e+00
      outer loop
         vertex 1.8431032e+02 8.6363891e+02 1.0000000e-06
         vertex 1.9435672e+02 8.6817497e+02 1.0000000e-06
         vertex 1.9855236e+02 8.6768064e+02 1.0000000e-06
      endloop
   endfacet
   facet normal 0.0000000e+00 0.0000000e+00 -1.0000000e+00
      outer loop
         vertex 1.9015742e+02 8.6863730e+02 1.0000000e-06
         vertex 1.8896233e+02 8.7030920e+02 1.0000000e-06
         vertex 1.9794810e+02 8.7594331e+02 1.0000000e-06
      endloop
   endfacet
   facet normal -0.0000000e+00 0.0000000e+00 -1.0000000e+00
      outer loop
         vertex 1.9794810e+02 8.7594331e+02 1.0000000e-06
         vertex 1.8896233e+02 8.7030920e+02 1.0000000e-06
         vertex 1.9668067e+02 8.7754736e+02 1.0000000e-06
      endloop
   endfacet
   facet normal 0.0000000e+00 0.0000000e+00 -1.0000000e+00
      outer loop
         vertex 1.9794810e+02 8.7594331e+02 1.0000000e-06
         vertex 1.9668067e+02 8.7754736e+02 1.0000000e-06
         vertex 1.9927686e+02 8.7754736e+02 1.0000000e-06
      endloop
   endfacet
   facet normal -0.0000000e+00 -0.0000000e+00 -1.0000000e+00
      outer loop
         vertex 1.9927686e+02 8.7754736e+02 1.0000000e-06
         vertex 2.0519299e+02 8.7005996e+02 1.0000000e-06
         vertex 1.9794810e+02 8.7594331e+02 1.0000000e-06
      endloop
   endfacet
   facet normal 0.0000000e+00 -0.0000000e+00 -1.0000000e+00
      outer loop
         vertex 1.9794810e+02 8.7594331e+02 1.0000000e-06
         vertex 2.0519299e+02 8.7005996e+02 1.0000000e-06
         vertex 2.0385303e+02 8.6847008e+02 1.0000000e-06
      endloop
   endfacet
   facet normal 0.0000000e+00 0.0000000e+00 -1.0000000e+00
      outer loop
         vertex 2.0385303e+02 8.6847008e+02 1.0000000e-06
         vertex 2.0519299e+02 8.7005996e+02 1.0000000e-06
         vertex 2.0648205e+02 8.6842854e+02 1.0000000e-06
      endloop
   endfacet
   facet normal 0.0000000e+00 -0.0000000e+00 -1.0000000e+00
      outer loop
         vertex 2.0385303e+02 8.6847008e+02 1.0000000e-06
         vertex 2.0648205e+02 8.6842854e+02 1.0000000e-06
         vertex 2.0274412e+02 8.6715435e+02 1.0000000e-06
      endloop
   endfacet
   facet normal 0.0000000e+00 0.0000000e+00 -1.0000000e+00
      outer loop
         vertex 2.0274412e+02 8.6715435e+02 1.0000000e-06
         vertex 2.0648205e+02 8.6842854e+02 1.0000000e-06
         vertex 2.0805232e+02 8.6644122e+02 1.0000000e-06
      endloop
   endfacet
   facet normal 0.0000000e+00 -0.0000000e+00 -1.0000000e+00
      outer loop
         vertex 2.0274412e+02 8.6715435e+02 1.0000000e-06
         vertex 2.0805232e+02 8.6644122e+02 1.0000000e-06
         vertex 1.8431032e+02 8.6363891e+02 1.0000000e-06
      endloop
   endfacet
   facet normal 0.0000000e+00 0.0000000e+00 -1.0000000e+00
      outer loop
         vertex 1.8431032e+02 8.6363891e+02 1.0000000e-06
         vertex 2.0805232e+02 8.6644122e+02 1.0000000e-06
         vertex 2.1009179e+02 8.6615333e+02 1.0000000e-06
      endloop
   endfacet
   facet normal 0.0000000e+00 0.0000000e+00 -1.0000000e+00
      outer loop
         vertex 1.8431032e+02 8.6363891e+02 1.0000000e-06
         vertex 2.1009179e+02 8.6615333e+02 1.0000000e-06
         vertex 2.1213017e+02 8.6585786e+02 1.0000000e-06
      endloop
   endfacet
   facet normal 0.0000000e+00 0.0000000e+00 -1.0000000e+00
      outer loop
         vertex 2.0648205e+02 8.6842854e+02 1.0000000e-06
         vertex 2.0519299e+02 8.7005996e+02 1.0000000e-06
         vertex 2.1429725e+02 8.7754736e+02 1.0000000e-06
      endloop
   endfacet
   facet normal -0.0000000e+00 0.0000000e+00 -1.0000000e+00
      outer loop
         vertex 2.1429725e+02 8.7754736e+02 1.0000000e-06
         vertex 2.0519299e+02 8.7005996e+02 1.0000000e-06
         vertex 2.1150342e+02 8.7754736e+02 1.0000000e-06
      endloop
   endfacet
   facet normal 0.0000000e+00 -0.0000000e+00 -1.0000000e+00
      outer loop
         vertex 2.1213017e+02 8.6585786e+02 1.0000000e-06
         vertex 2.1416745e+02 8.6555481e+02 1.0000000e-06
         vertex 1.8431032e+02 8.6363891e+02 1.0000000e-06
      endloop
   endfacet
   facet normal 0.0000000e+00 0.0000000e+00 -1.0000000e+00
      outer loop
         vertex 1.8431032e+02 8.6363891e+02 1.0000000e-06
         vertex 2.1416745e+02 8.6555481e+02 1.0000000e-06
         vertex 2.1708705e+02 8.6510701e+02 1.0000000e-06
      endloop
   endfacet
   facet normal 0.0000000e+00 -0.0000000e+00 -1.0000000e+00
      outer loop
         vertex 1.8431032e+02 8.6363891e+02 1.0000000e-06
         vertex 2.1708705e+02 8.6510701e+02 1.0000000e-06
         vertex 2.1416745e+02 8.6001880e+02 1.0000000e-06
      endloop
   endfacet
   facet normal 0.0000000e+00 0.0000000e+00 -1.0000000e+00
      outer loop
         vertex 2.1416745e+02 8.6001880e+02 1.0000000e-06
         vertex 2.1708705e+02 8.6510701e+02 1.0000000e-06
         vertex 2.2000423e+02 8.6464366e+02 1.0000000e-06
      endloop
   endfacet
   facet normal 0.0000000e+00 0.0000000e+00 -1.0000000e+00
      outer loop
         vertex 2.1416745e+02 8.6001880e+02 1.0000000e-06
         vertex 2.2000423e+02 8.6464366e+02 1.0000000e-06
         vertex 2.2291890e+02 8.6416476e+02 1.0000000e-06
      endloop
   endfacet
   facet normal 0.0000000e+00 -0.0000000e+00 -1.0000000e+00
      outer loop
         vertex 2.1966891e+02 8.6668127e+02 1.0000000e-06
         vertex 2.3236173e+02 8.6758943e+02 1.0000000e-06
         vertex 2.2291890e+02 8.6416476e+02 1.0000000e-06
      endloop
   endfacet
   facet normal 0.0000000e+00 0.0000000e+00 -1.0000000e+00
      outer loop
         vertex 2.2291890e+02 8.6416476e+02 1.0000000e-06
         vertex 2.3236173e+02 8.6758943e+02 1.0000000e-06
         vertex 2.4697577e+02 8.6664059e+02 1.0000000e-06
      endloop
   endfacet
   facet normal 0.0000000e+00 -0.0000000e+00 -1.0000000e+00
      outer loop
         vertex 2.2291890e+02 8.6416476e+02 1.0000000e-06
         vertex 2.4697577e+02 8.6664059e+02 1.0000000e-06
         vertex 2.4313018e+02 8.6259427e+02 1.0000000e-06
      endloop
   endfacet
   facet normal 0.0000000e+00 -0.0000000e+00 -1.0000000e+00
      outer loop
         vertex 2.1706675e+02 8.6986307e+02 1.0000000e-06
         vertex 2.2629807e+02 8.6921419e+02 1.0000000e-06
         vertex 2.1966891e+02 8.6668127e+02 1.0000000e-06
      endloop
   endfacet
   facet normal 0.0000000e+00 0.0000000e+00 -1.0000000e+00
      outer loop
         vertex 2.1966891e+02 8.6668127e+02 1.0000000e-06
         vertex 2.2629807e+02 8.6921419e+02 1.0000000e-06
         vertex 2.2922295e+02 8.6800266e+02 1.0000000e-06
      endloop
   endfacet
   facet normal 0.0000000e+00 0.0000000e+00 -1.0000000e+00
      outer loop
         vertex 2.1966891e+02 8.6668127e+02 1.0000000e-06
         vertex 2.2922295e+02 8.6800266e+02 1.0000000e-06
         vertex 2.3236173e+02 8.6758943e+02 1.0000000e-06
      endloop
   endfacet
   facet normal 0.0000000e+00 0.0000000e+00 -1.0000000e+00
      outer loop
         vertex 2.2629807e+02 8.6921419e+02 1.0000000e-06
         vertex 2.1706675e+02 8.6986307e+02 1.0000000e-06
         vertex 2.2378641e+02 8.7114145e+02 1.0000000e-06
      endloop
   endfacet
   facet normal -0.0000000e+00 0.0000000e+00 -1.0000000e+00
      outer loop
         vertex 2.2378641e+02 8.7114145e+02 1.0000000e-06
         vertex 2.1706675e+02 8.6986307e+02 1.0000000e-06
         vertex 2.1524520e+02 8.7354779e+02 1.0000000e-06
      endloop
   endfacet
   facet normal 0.0000000e+00 -0.0000000e+00 -1.0000000e+00
      outer loop
         vertex 1.9855236e+02 8.6768064e+02 1.0000000e-06
         vertex 2.0274412e+02 8.6715435e+02 1.0000000e-06
         vertex 1.8431032e+02 8.6363891e+02 1.0000000e-06
      endloop
   endfacet
   facet normal 0.0000000e+00 0.0000000e+00 -1.0000000e+00
      outer loop
         vertex 1.5430727e+02 8.6572939e+02 1.0000000e-06
         vertex 1.8252478e+02 8.6939483e+02 1.0000000e-06
         vertex 1.8431032e+02 8.6363891e+02 1.0000000e-06
      endloop
   endfacet
   facet normal 0.0000000e+00 0.0000000e+00 -1.0000000e+00
      outer loop
         vertex 1.8431032e+02 8.6363891e+02 1.0000000e-06
         vertex 1.8252478e+02 8.6939483e+02 1.0000000e-06
         vertex 1.8747624e+02 8.6891556e+02 1.0000000e-06
      endloop
   endfacet
   facet normal 0.0000000e+00 -0.0000000e+00 -1.0000000e+00
      outer loop
         vertex 1.6563719e+02 8.7069305e+02 1.0000000e-06
         vertex 1.6948228e+02 8.7044308e+02 1.0000000e-06
         vertex 1.5430727e+02 8.6572939e+02 1.0000000e-06
      endloop
   endfacet
   facet normal 0.0000000e+00 -0.0000000e+00 -1.0000000e+00
      outer loop
         vertex 1.4861560e+02 8.7754736e+02 1.0000000e-06
         vertex 1.5007287e+02 8.7611077e+02 1.0000000e-06
         vertex 1.4314343e+02 8.7296378e+02 1.0000000e-06
      endloop
   endfacet
   facet normal 0.0000000e+00 -0.0000000e+00 -1.0000000e+00
      outer loop
         vertex 1.4314343e+02 8.7296378e+02 1.0000000e-06
         vertex 1.5007287e+02 8.7611077e+02 1.0000000e-06
         vertex 1.4466956e+02 8.7158487e+02 1.0000000e-06
      endloop
   endfacet
   facet normal -0.0000000e+00 -0.0000000e+00 -1.0000000e+00
      outer loop
         vertex 1.4314343e+02 8.7296378e+02 1.0000000e-06
         vertex 1.4466956e+02 8.7158487e+02 1.0000000e-06
         vertex 1.4157400e+02 8.7164920e+02 1.0000000e-06
      endloop
   endfacet
   facet normal 0.0000000e+00 0.0000000e+00 -1.0000000e+00
      outer loop
         vertex 1.4157400e+02 8.7164920e+02 1.0000000e-06
         vertex 1.4466956e+02 8.7158487e+02 1.0000000e-06
         vertex 1.5430727e+02 8.6572939e+02 1.0000000e-06
      endloop
   endfacet
   facet normal -0.0000000e+00 -0.0000000e+00 -1.0000000e+00
      outer loop
         vertex 1.4157400e+02 8.7164920e+02 1.0000000e-06
         vertex 1.5430727e+02 8.6572939e+02 1.0000000e-06
         vertex 1.2423660e+02 8.6628479e+02 1.0000000e-06
      endloop
   endfacet
   facet normal 0.0000000e+00 0.0000000e+00 -1.0000000e+00
      outer loop
         vertex 1.4466956e+02 8.7158487e+02 1.0000000e-06
         vertex 1.4811678e+02 8.7149286e+02 1.0000000e-06
         vertex 1.5430727e+02 8.6572939e+02 1.0000000e-06
      endloop
   endfacet
   facet normal 0.0000000e+00 0.0000000e+00 -1.0000000e+00
      outer loop
         vertex 1.5430727e+02 8.6572939e+02 1.0000000e-06
         vertex 1.4811678e+02 8.7149286e+02 1.0000000e-06
         vertex 1.5156336e+02 8.7137941e+02 1.0000000e-06
      endloop
   endfacet
   facet normal 0.0000000e+00 0.0000000e+00 -1.0000000e+00
      outer loop
         vertex 1.5430727e+02 8.6572939e+02 1.0000000e-06
         vertex 1.5156336e+02 8.7137941e+02 1.0000000e-06
         vertex 1.5500917e+02 8.7124451e+02 1.0000000e-06
      endloop
   endfacet
   facet normal 0.0000000e+00 0.0000000e+00 -1.0000000e+00
      outer loop
         vertex 1.4157400e+02 8.7164920e+02 1.0000000e-06
         vertex 1.3699992e+02 8.7611710e+02 1.0000000e-06
         vertex 1.4314343e+02 8.7296378e+02 1.0000000e-06
      endloop
   endfacet
   facet normal 0.0000000e+00 0.0000000e+00 -1.0000000e+00
      outer loop
         vertex 1.4314343e+02 8.7296378e+02 1.0000000e-06
         vertex 1.3699992e+02 8.7611710e+02 1.0000000e-06
         vertex 1.3845092e+02 8.7754736e+02 1.0000000e-06
      endloop
   endfacet
   facet normal -0.0000000e+00 0.0000000e+00 -1.0000000e+00
      outer loop
         vertex 1.3845092e+02 8.7754736e+02 1.0000000e-06
         vertex 1.3699992e+02 8.7611710e+02 1.0000000e-06
         vertex 1.3553567e+02 8.7754736e+02 1.0000000e-06
      endloop
   endfacet
   facet normal 0.0000000e+00 -0.0000000e+00 -1.0000000e+00
      outer loop
         vertex 1.3553567e+02 8.7754736e+02 1.0000000e-06
         vertex 1.3699992e+02 8.7611710e+02 1.0000000e-06
         vertex 1.3019848e+02 8.7305992e+02 1.0000000e-06
      endloop
   endfacet
   facet normal 0.0000000e+00 -0.0000000e+00 -1.0000000e+00
      outer loop
         vertex 1.3019848e+02 8.7305992e+02 1.0000000e-06
         vertex 1.3699992e+02 8.7611710e+02 1.0000000e-06
         vertex 1.3179255e+02 8.7173882e+02 1.0000000e-06
      endloop
   endfacet
   facet normal 0.0000000e+00 -0.0000000e+00 -1.0000000e+00
      outer loop
         vertex 1.3019848e+02 8.7305992e+02 1.0000000e-06
         vertex 1.3179255e+02 8.7173882e+02 1.0000000e-06
         vertex 1.2861765e+02 8.7173079e+02 1.0000000e-06
      endloop
   endfacet
   facet normal 0.0000000e+00 -0.0000000e+00 -1.0000000e+00
      outer loop
         vertex 1.2861765e+02 8.7173079e+02 1.0000000e-06
         vertex 1.3179255e+02 8.7173882e+02 1.0000000e-06
         vertex 1.2423660e+02 8.6628479e+02 1.0000000e-06
      endloop
   endfacet
   facet normal -0.0000000e+00 0.0000000e+00 -1.0000000e+00
      outer loop
         vertex 1.2861765e+02 8.7173079e+02 1.0000000e-06
         vertex 1.2423660e+02 8.6628479e+02 1.0000000e-06
         vertex 1.2461354e+02 8.7169473e+02 1.0000000e-06
      endloop
   endfacet
   facet normal -0.0000000e+00 0.0000000e+00 -1.0000000e+00
      outer loop
         vertex 1.2461354e+02 8.7169473e+02 1.0000000e-06
         vertex 1.2423660e+02 8.6628479e+02 1.0000000e-06
         vertex 1.2060978e+02 8.7162974e+02 1.0000000e-06
      endloop
   endfacet
   facet normal -0.0000000e+00 -0.0000000e+00 -1.0000000e+00
      outer loop
         vertex 1.2060978e+02 8.7162974e+02 1.0000000e-06
         vertex 1.2423660e+02 8.6628479e+02 1.0000000e-06
         vertex 1.1660660e+02 8.7153583e+02 1.0000000e-06
      endloop
   endfacet
   facet normal -0.0000000e+00 -0.0000000e+00 -1.0000000e+00
      outer loop
         vertex 1.1660660e+02 8.7153583e+02 1.0000000e-06
         vertex 1.2423660e+02 8.6628479e+02 1.0000000e-06
         vertex 1.1282671e+02 8.7142059e+02 1.0000000e-06
      endloop
   endfacet
   facet normal -0.0000000e+00 0.0000000e+00 -1.0000000e+00
      outer loop
         vertex 1.1660660e+02 8.7153583e+02 1.0000000e-06
         vertex 1.1282671e+02 8.7142059e+02 1.0000000e-06
         vertex 1.1458591e+02 8.7262240e+02 1.0000000e-06
      endloop
   endfacet
   facet normal -0.0000000e+00 0.0000000e+00 -1.0000000e+00
      outer loop
         vertex 1.1458591e+02 8.7262240e+02 1.0000000e-06
         vertex 1.1282671e+02 8.7142059e+02 1.0000000e-06
         vertex 1.0678851e+02 8.7624507e+02 1.0000000e-06
      endloop
   endfacet
   facet normal 0.0000000e+00 0.0000000e+00 -1.0000000e+00
      outer loop
         vertex 1.1458591e+02 8.7262240e+02 1.0000000e-06
         vertex 1.0678851e+02 8.7624507e+02 1.0000000e-06
         vertex 1.0842196e+02 8.7754736e+02 1.0000000e-06
      endloop
   endfacet
   facet normal -0.0000000e+00 0.0000000e+00 -1.0000000e+00
      outer loop
         vertex 1.0842196e+02 8.7754736e+02 1.0000000e-06
         vertex 1.0678851e+02 8.7624507e+02 1.0000000e-06
         vertex 1.0515860e+02 8.7754736e+02 1.0000000e-06
      endloop
   endfacet
   facet normal 0.0000000e+00 -0.0000000e+00 -1.0000000e+00
      outer loop
         vertex 1.3179255e+02 8.7173882e+02 1.0000000e-06
         vertex 1.3505319e+02 8.7172813e+02 1.0000000e-06
         vertex 1.2423660e+02 8.6628479e+02 1.0000000e-06
      endloop
   endfacet
   facet normal 0.0000000e+00 0.0000000e+00 -1.0000000e+00
      outer loop
         vertex 1.2423660e+02 8.6628479e+02 1.0000000e-06
         vertex 1.3505319e+02 8.7172813e+02 1.0000000e-06
         vertex 1.3831371e+02 8.7169826e+02 1.0000000e-06
      endloop
   endfacet
   facet normal 0.0000000e+00 0.0000000e+00 -1.0000000e+00
      outer loop
         vertex 1.2423660e+02 8.6628479e+02 1.0000000e-06
         vertex 1.3831371e+02 8.7169826e+02 1.0000000e-06
         vertex 1.4157400e+02 8.7164920e+02 1.0000000e-06
      endloop
   endfacet
   facet normal 0.0000000e+00 0.0000000e+00 -1.0000000e+00
      outer loop
         vertex 1.2861765e+02 8.7173079e+02 1.0000000e-06
         vertex 1.2340150e+02 8.7617780e+02 1.0000000e-06
         vertex 1.3019848e+02 8.7305992e+02 1.0000000e-06
      endloop
   endfacet
   facet normal 0.0000000e+00 0.0000000e+00 -1.0000000e+00
      outer loop
         vertex 1.3019848e+02 8.7305992e+02 1.0000000e-06
         vertex 1.2340150e+02 8.7617780e+02 1.0000000e-06
         vertex 1.2493491e+02 8.7754736e+02 1.0000000e-06
      endloop
   endfacet
   facet normal -0.0000000e+00 0.0000000e+00 -1.0000000e+00
      outer loop
         vertex 1.2493491e+02 8.7754736e+02 1.0000000e-06
         vertex 1.2340150e+02 8.7617780e+02 1.0000000e-06
         vertex 1.2179507e+02 8.7754736e+02 1.0000000e-06
      endloop
   endfacet
   facet normal 0.0000000e+00 -0.0000000e+00 -1.0000000e+00
      outer loop
         vertex 1.2179507e+02 8.7754736e+02 1.0000000e-06
         vertex 1.2340150e+02 8.7617780e+02 1.0000000e-06
         vertex 1.1458591e+02 8.7262240e+02 1.0000000e-06
      endloop
   endfacet
   facet normal 0.0000000e+00 -0.0000000e+00 -1.0000000e+00
      outer loop
         vertex 1.1458591e+02 8.7262240e+02 1.0000000e-06
         vertex 1.2340150e+02 8.7617780e+02 1.0000000e-06
         vertex 1.1660660e+02 8.7153583e+02 1.0000000e-06
      endloop
   endfacet
   facet normal 0.0000000e+00 0.0000000e+00 -1.0000000e+00
      outer loop
         vertex 1.0858079e+02 8.7126033e+02 1.0000000e-06
         vertex 1.1282671e+02 8.7142059e+02 1.0000000e-06
         vertex 1.2423660e+02 8.6628479e+02 1.0000000e-06
      endloop
   endfacet
   facet normal 0.0000000e+00 -0.0000000e+00 -1.0000000e+00
      outer loop
         vertex 2.2749224e+02 9.0174841e+02 1.0000000e-06
         vertex 2.3306725e+02 9.0146462e+02 1.0000000e-06
         vertex 2.2202402e+02 9.0062592e+02 1.0000000e-06
      endloop
   endfacet
   facet normal 0.0000000e+00 0.0000000e+00 -1.0000000e+00
      outer loop
         vertex 2.2202402e+02 9.0062592e+02 1.0000000e-06
         vertex 2.3306725e+02 9.0146462e+02 1.0000000e-06
         vertex 2.3839322e+02 8.9979267e+02 1.0000000e-06
      endloop
   endfacet
   facet normal 0.0000000e+00 0.0000000e+00 -1.0000000e+00
      outer loop
         vertex 2.4968454e+02 8.8791196e+02 1.0000000e-06
         vertex 2.3842540e+02 8.9021935e+02 1.0000000e-06
         vertex 2.4697577e+02 8.9279294e+02 1.0000000e-06
      endloop
   endfacet
   facet normal -0.0000000e+00 0.0000000e+00 -1.0000000e+00
      outer loop
         vertex 2.4697577e+02 8.9279294e+02 1.0000000e-06
         vertex 2.3842540e+02 8.9021935e+02 1.0000000e-06
         vertex 2.3550052e+02 8.9143088e+02 1.0000000e-06
      endloop
   endfacet
   facet normal -0.0000000e+00 0.0000000e+00 -1.0000000e+00
      outer loop
         vertex 2.4697577e+02 8.9279294e+02 1.0000000e-06
         vertex 2.3550052e+02 8.9143088e+02 1.0000000e-06
         vertex 2.3236173e+02 8.9184410e+02 1.0000000e-06
      endloop
   endfacet
   facet normal 0.0000000e+00 0.0000000e+00 -1.0000000e+00
      outer loop
         vertex 2.5108357e+02 8.8250789e+02 1.0000000e-06
         vertex 2.4286432e+02 8.8578044e+02 1.0000000e-06
         vertex 2.4968454e+02 8.8791196e+02 1.0000000e-06
      endloop
   endfacet
   facet normal -0.0000000e+00 0.0000000e+00 -1.0000000e+00
      outer loop
         vertex 2.4968454e+02 8.8791196e+02 1.0000000e-06
         vertex 2.4286432e+02 8.8578044e+02 1.0000000e-06
         vertex 2.4093706e+02 8.8829209e+02 1.0000000e-06
      endloop
   endfacet
   facet normal 0.0000000e+00 0.0000000e+00 -1.0000000e+00
      outer loop
         vertex 2.4968454e+02 8.8791196e+02 1.0000000e-06
         vertex 2.4093706e+02 8.8829209e+02 1.0000000e-06
         vertex 2.3842540e+02 8.9021935e+02 1.0000000e-06
      endloop
   endfacet
   facet normal 0.0000000e+00 0.0000000e+00 -1.0000000e+00
      outer loop
         vertex 2.5108357e+02 8.7692565e+02 1.0000000e-06
         vertex 2.4448907e+02 8.7971677e+02 1.0000000e-06
         vertex 2.5108357e+02 8.8250789e+02 1.0000000e-06
      endloop
   endfacet
   facet normal -0.0000000e+00 0.0000000e+00 -1.0000000e+00
      outer loop
         vertex 2.5108357e+02 8.8250789e+02 1.0000000e-06
         vertex 2.4448907e+02 8.7971677e+02 1.0000000e-06
         vertex 2.4407584e+02 8.8285555e+02 1.0000000e-06
      endloop
   endfacet
   facet normal 0.0000000e+00 0.0000000e+00 -1.0000000e+00
      outer loop
         vertex 2.5108357e+02 8.8250789e+02 1.0000000e-06
         vertex 2.4407584e+02 8.8285555e+02 1.0000000e-06
         vertex 2.4286432e+02 8.8578044e+02 1.0000000e-06
      endloop
   endfacet
   facet normal 0.0000000e+00 0.0000000e+00 -1.0000000e+00
      outer loop
         vertex 2.4968454e+02 8.7152157e+02 1.0000000e-06
         vertex 2.4286432e+02 8.7365310e+02 1.0000000e-06
         vertex 2.5108357e+02 8.7692565e+02 1.0000000e-06
      endloop
   endfacet
   facet normal -0.0000000e+00 0.0000000e+00 -1.0000000e+00
      outer loop
         vertex 2.5108357e+02 8.7692565e+02 1.0000000e-06
         vertex 2.4286432e+02 8.7365310e+02 1.0000000e-06
         vertex 2.4407584e+02 8.7657798e+02 1.0000000e-06
      endloop
   endfacet
   facet normal -0.0000000e+00 0.0000000e+00 -1.0000000e+00
      outer loop
         vertex 2.5108357e+02 8.7692565e+02 1.0000000e-06
         vertex 2.4407584e+02 8.7657798e+02 1.0000000e-06
         vertex 2.4448907e+02 8.7971677e+02 1.0000000e-06
      endloop
   endfacet
   facet normal 0.0000000e+00 0.0000000e+00 -1.0000000e+00
      outer loop
         vertex 2.4697577e+02 8.6664059e+02 1.0000000e-06
         vertex 2.3842540e+02 8.6921419e+02 1.0000000e-06
         vertex 2.4968454e+02 8.7152157e+02 1.0000000e-06
      endloop
   endfacet
   facet normal -0.0000000e+00 0.0000000e+00 -1.0000000e+00
      outer loop
         vertex 2.4968454e+02 8.7152157e+02 1.0000000e-06
         vertex 2.3842540e+02 8.6921419e+02 1.0000000e-06
         vertex 2.4093706e+02 8.7114145e+02 1.0000000e-06
      endloop
   endfacet
   facet normal -0.0000000e+00 0.0000000e+00 -1.0000000e+00
      outer loop
         vertex 2.4968454e+02 8.7152157e+02 1.0000000e-06
         vertex 2.4093706e+02 8.7114145e+02 1.0000000e-06
         vertex 2.4286432e+02 8.7365310e+02 1.0000000e-06
      endloop
   endfacet
   facet normal -0.0000000e+00 0.0000000e+00 -1.0000000e+00
      outer loop
         vertex 2.4313018e+02 8.6259427e+02 1.0000000e-06
         vertex 2.3839322e+02 8.5964087e+02 1.0000000e-06
         vertex 2.2291890e+02 8.6416476e+02 1.0000000e-06
      endloop
   endfacet
   facet normal 0.0000000e+00 -0.0000000e+00 -1.0000000e+00
      outer loop
         vertex 2.2291890e+02 8.6416476e+02 1.0000000e-06
         vertex 2.3839322e+02 8.5964087e+02 1.0000000e-06
         vertex 2.1678812e+02 8.5962686e+02 1.0000000e-06
      endloop
   endfacet
   facet normal -0.0000000e+00 0.0000000e+00 -1.0000000e+00
      outer loop
         vertex 2.2291890e+02 8.6416476e+02 1.0000000e-06
         vertex 2.1678812e+02 8.5962686e+02 1.0000000e-06
         vertex 2.1416745e+02 8.6001880e+02 1.0000000e-06
      endloop
   endfacet
   facet normal 0.0000000e+00 0.0000000e+00 -1.0000000e+00
      outer loop
         vertex 2.3306725e+02 8.5796891e+02 1.0000000e-06
         vertex 2.2202402e+02 8.5880761e+02 1.0000000e-06
         vertex 2.3839322e+02 8.5964087e+02 1.0000000e-06
      endloop
   endfacet
   facet normal -0.0000000e+00 0.0000000e+00 -1.0000000e+00
      outer loop
         vertex 2.3839322e+02 8.5964087e+02 1.0000000e-06
         vertex 2.2202402e+02 8.5880761e+02 1.0000000e-06
         vertex 2.1940699e+02 8.5922313e+02 1.0000000e-06
      endloop
   endfacet
   facet normal -0.0000000e+00 0.0000000e+00 -1.0000000e+00
      outer loop
         vertex 2.3839322e+02 8.5964087e+02 1.0000000e-06
         vertex 2.1940699e+02 8.5922313e+02 1.0000000e-06
         vertex 2.1678812e+02 8.5962686e+02 1.0000000e-06
      endloop
   endfacet
   facet normal -0.0000000e+00 0.0000000e+00 -1.0000000e+00
      outer loop
         vertex 2.3306725e+02 8.5796891e+02 1.0000000e-06
         vertex 2.2749224e+02 8.5768512e+02 1.0000000e-06
         vertex 2.2202402e+02 8.5880761e+02 1.0000000e-06
      endloop
   endfacet
   facet normal 0.0000000e+00 0.0000000e+00 -1.0000000e+00
      outer loop
         vertex 6.4206370e+01 8.6278854e+02 1.0000000e-06
         vertex 6.4002488e+01 8.6760021e+02 1.0000000e-06
         vertex 9.4176815e+01 8.6530365e+02 1.0000000e-06
      endloop
   endfacet
   facet normal 0.0000000e+00 0.0000000e+00 -1.0000000e+00
      outer loop
         vertex 9.4176815e+01 8.6530365e+02 1.0000000e-06
         vertex 6.4002488e+01 8.6760021e+02 1.0000000e-06
         vertex 6.9571990e+01 8.6825611e+02 1.0000000e-06
      endloop
   endfacet
   facet normal 0.0000000e+00 0.0000000e+00 -1.0000000e+00
      outer loop
         vertex 9.4176815e+01 8.6530365e+02 1.0000000e-06
         vertex 6.9571990e+01 8.6825611e+02 1.0000000e-06
         vertex 7.5147844e+01 8.6885562e+02 1.0000000e-06
      endloop
   endfacet
   facet normal 0.0000000e+00 0.0000000e+00 -1.0000000e+00
      outer loop
         vertex 3.4403494e+01 8.5874603e+02 1.0000000e-06
         vertex 2.8871128e+01 8.6055330e+02 1.0000000e-06
         vertex 6.4206370e+01 8.6278854e+02 1.0000000e-06
      endloop
   endfacet
   facet normal -0.0000000e+00 0.0000000e+00 -1.0000000e+00
      outer loop
         vertex 6.4206370e+01 8.6278854e+02 1.0000000e-06
         vertex 2.8871128e+01 8.6055330e+02 1.0000000e-06
         vertex 3.4403494e+01 8.6314818e+02 1.0000000e-06
      endloop
   endfacet
   facet normal 0.0000000e+00 0.0000000e+00 -1.0000000e+00
      outer loop
         vertex 6.4206370e+01 8.6278854e+02 1.0000000e-06
         vertex 3.4403494e+01 8.6314818e+02 1.0000000e-06
         vertex 3.7568206e+01 8.6370251e+02 1.0000000e-06
      endloop
   endfacet
   facet normal -0.0000000e+00 0.0000000e+00 -1.0000000e+00
      outer loop
         vertex 3.7568206e+01 8.6370251e+02 1.0000000e-06
         vertex 3.4403494e+01 8.6314818e+02 1.0000000e-06
         vertex 4.8048397e+01 8.7597805e+02 1.0000000e-06
      endloop
   endfacet
   facet normal -0.0000000e+00 0.0000000e+00 -1.0000000e+00
      outer loop
         vertex 4.8048397e+01 8.7597805e+02 1.0000000e-06
         vertex 3.4403494e+01 8.6314818e+02 1.0000000e-06
         vertex 4.6696733e+01 8.7754736e+02 1.0000000e-06
      endloop
   endfacet
   facet normal 0.0000000e+00 0.0000000e+00 -1.0000000e+00
      outer loop
         vertex 4.8048397e+01 8.7597805e+02 1.0000000e-06
         vertex 4.6696733e+01 8.7754736e+02 1.0000000e-06
         vertex 4.9388187e+01 8.7754736e+02 1.0000000e-06
      endloop
   endfacet
   facet normal 0.0000000e+00 0.0000000e+00 -1.0000000e+00
      outer loop
         vertex 4.9388187e+01 8.7754736e+02 1.0000000e-06
         vertex 4.6696733e+01 8.7754736e+02 1.0000000e-06
         vertex 4.9388187e+01 8.8188618e+02 1.0000000e-06
      endloop
   endfacet
   facet normal 0.0000000e+00 0.0000000e+00 -1.0000000e+00
      outer loop
         vertex 4.9388187e+01 8.7754736e+02 1.0000000e-06
         vertex 4.9388187e+01 8.8188618e+02 1.0000000e-06
         vertex 6.4924806e+01 8.8188618e+02 1.0000000e-06
      endloop
   endfacet
   facet normal 0.0000000e+00 0.0000000e+00 -1.0000000e+00
      outer loop
         vertex 3.4128950e+01 8.5870155e+02 1.0000000e-06
         vertex 3.1456249e+01 8.5873836e+02 1.0000000e-06
         vertex 3.4403494e+01 8.5874603e+02 1.0000000e-06
      endloop
   endfacet
   facet normal -0.0000000e+00 0.0000000e+00 -1.0000000e+00
      outer loop
         vertex 3.4403494e+01 8.5874603e+02 1.0000000e-06
         vertex 3.1456249e+01 8.5873836e+02 1.0000000e-06
         vertex 3.0466778e+01 8.5914624e+02 1.0000000e-06
      endloop
   endfacet
   facet normal 0.0000000e+00 0.0000000e+00 -1.0000000e+00
      outer loop
         vertex 3.4403494e+01 8.5874603e+02 1.0000000e-06
         vertex 3.0466778e+01 8.5914624e+02 1.0000000e-06
         vertex 2.9590855e+01 8.5976121e+02 1.0000000e-06
      endloop
   endfacet
   facet normal -0.0000000e+00 0.0000000e+00 -1.0000000e+00
      outer loop
         vertex 3.4128950e+01 8.5870155e+02 1.0000000e-06
         vertex 3.3854427e+01 8.5865695e+02 1.0000000e-06
         vertex 3.1456249e+01 8.5873836e+02 1.0000000e-06
      endloop
   endfacet
   facet normal 0.0000000e+00 -0.0000000e+00 -1.0000000e+00
      outer loop
         vertex 3.1456249e+01 8.5873836e+02 1.0000000e-06
         vertex 3.3854427e+01 8.5865695e+02 1.0000000e-06
         vertex 3.3579926e+01 8.5861221e+02 1.0000000e-06
      endloop
   endfacet
   facet normal 0.0000000e+00 -0.0000000e+00 -1.0000000e+00
      outer loop
         vertex 3.1456249e+01 8.5873836e+02 1.0000000e-06
         vertex 3.3579926e+01 8.5861221e+02 1.0000000e-06
         vertex 3.2511085e+01 8.5855741e+02 1.0000000e-06
      endloop
   endfacet
   facet normal 0.0000000e+00 0.0000000e+00 -1.0000000e+00
      outer loop
         vertex 2.9590855e+01 8.5976121e+02 1.0000000e-06
         vertex 2.8871128e+01 8.6055330e+02 1.0000000e-06
         vertex 3.4403494e+01 8.5874603e+02 1.0000000e-06
      endloop
   endfacet
   facet normal 0.0000000e+00 0.0000000e+00 -1.0000000e+00
      outer loop
         vertex 2.8871128e+01 8.6055330e+02 1.0000000e-06
         vertex 2.8342646e+01 8.6148397e+02 1.0000000e-06
         vertex 3.4403494e+01 8.6314818e+02 1.0000000e-06
      endloop
   endfacet
   facet normal -0.0000000e+00 0.0000000e+00 -1.0000000e+00
      outer loop
         vertex 3.4403494e+01 8.6314818e+02 1.0000000e-06
         vertex 2.8342646e+01 8.6148397e+02 1.0000000e-06
         vertex 2.7780120e+01 8.6246103e+02 1.0000000e-06
      endloop
   endfacet
   facet normal -0.0000000e+00 0.0000000e+00 -1.0000000e+00
      outer loop
         vertex 3.4403494e+01 8.6314818e+02 1.0000000e-06
         vertex 2.7780120e+01 8.6246103e+02 1.0000000e-06
         vertex 2.7007209e+01 8.6328182e+02 1.0000000e-06
      endloop
   endfacet
   facet normal 0.0000000e+00 0.0000000e+00 -1.0000000e+00
      outer loop
         vertex 2.7007209e+01 8.6328182e+02 1.0000000e-06
         vertex 2.6065677e+01 8.6390199e+02 1.0000000e-06
         vertex 3.4403494e+01 8.6314818e+02 1.0000000e-06
      endloop
   endfacet
   facet normal 0.0000000e+00 0.0000000e+00 -1.0000000e+00
      outer loop
         vertex 3.4403494e+01 8.6314818e+02 1.0000000e-06
         vertex 2.6065677e+01 8.6390199e+02 1.0000000e-06
         vertex 2.5006400e+01 8.6428802e+02 1.0000000e-06
      endloop
   endfacet
   facet normal 0.0000000e+00 0.0000000e+00 -1.0000000e+00
      outer loop
         vertex 3.4403494e+01 8.6314818e+02 1.0000000e-06
         vertex 2.5006400e+01 8.6428802e+02 1.0000000e-06
         vertex 2.2533447e+01 8.6840710e+02 1.0000000e-06
      endloop
   endfacet
   facet normal -0.0000000e+00 -0.0000000e+00 -1.0000000e+00
      outer loop
         vertex 2.2533447e+01 8.6840710e+02 1.0000000e-06
         vertex 2.5006400e+01 8.6428802e+02 1.0000000e-06
         vertex 2.3886616e+01 8.6441905e+02 1.0000000e-06
      endloop
   endfacet
   facet normal -0.0000000e+00 -0.0000000e+00 -1.0000000e+00
      outer loop
         vertex 2.2533447e+01 8.6840710e+02 1.0000000e-06
         vertex 2.3886616e+01 8.6441905e+02 1.0000000e-06
         vertex 2.1552537e+01 8.6827796e+02 1.0000000e-06
      endloop
   endfacet
   facet normal -0.0000000e+00 -0.0000000e+00 -1.0000000e+00
      outer loop
         vertex 2.1552537e+01 8.6827796e+02 1.0000000e-06
         vertex 2.3886616e+01 8.6441905e+02 1.0000000e-06
         vertex 1.5403792e+01 8.6627386e+02 1.0000000e-06
      endloop
   endfacet
   facet normal -0.0000000e+00 0.0000000e+00 -1.0000000e+00
      outer loop
         vertex 2.1552537e+01 8.6827796e+02 1.0000000e-06
         vertex 1.5403792e+01 8.6627386e+02 1.0000000e-06
         vertex 1.4829019e+01 8.6720608e+02 1.0000000e-06
      endloop
   endfacet
   facet normal 0.0000000e+00 0.0000000e+00 -1.0000000e+00
      outer loop
         vertex 1.9218458e+01 8.6441905e+02 1.0000000e-06
         vertex 1.7097610e+01 8.6490733e+02 1.0000000e-06
         vertex 2.3886616e+01 8.6441905e+02 1.0000000e-06
      endloop
   endfacet
   facet normal 0.0000000e+00 0.0000000e+00 -1.0000000e+00
      outer loop
         vertex 2.3886616e+01 8.6441905e+02 1.0000000e-06
         vertex 1.7097610e+01 8.6490733e+02 1.0000000e-06
         vertex 1.6173063e+01 8.6549436e+02 1.0000000e-06
      endloop
   endfacet
   facet normal 0.0000000e+00 0.0000000e+00 -1.0000000e+00
      outer loop
         vertex 2.3886616e+01 8.6441905e+02 1.0000000e-06
         vertex 1.6173063e+01 8.6549436e+02 1.0000000e-06
         vertex 1.5403792e+01 8.6627386e+02 1.0000000e-06
      endloop
   endfacet
   facet normal 0.0000000e+00 0.0000000e+00 -1.0000000e+00
      outer loop
         vertex 1.9218458e+01 8.6441905e+02 1.0000000e-06
         vertex 1.8130293e+01 8.6454270e+02 1.0000000e-06
         vertex 1.7097610e+01 8.6490733e+02 1.0000000e-06
      endloop
   endfacet
   facet normal -0.0000000e+00 0.0000000e+00 -1.0000000e+00
      outer loop
         vertex 2.1552537e+01 8.6827796e+02 1.0000000e-06
         vertex 1.4829019e+01 8.6720608e+02 1.0000000e-06
         vertex 2.0571626e+01 8.6840710e+02 1.0000000e-06
      endloop
   endfacet
   facet normal -0.0000000e+00 0.0000000e+00 -1.0000000e+00
      outer loop
         vertex 2.0571626e+01 8.6840710e+02 1.0000000e-06
         vertex 1.4829019e+01 8.6720608e+02 1.0000000e-06
         vertex 1.4478050e+01 8.6824348e+02 1.0000000e-06
      endloop
   endfacet
   facet normal -0.0000000e+00 0.0000000e+00 -1.0000000e+00
      outer loop
         vertex 2.0571626e+01 8.6840710e+02 1.0000000e-06
         vertex 1.4478050e+01 8.6824348e+02 1.0000000e-06
         vertex 1.9657563e+01 8.6878572e+02 1.0000000e-06
      endloop
   endfacet
   facet normal -0.0000000e+00 0.0000000e+00 -1.0000000e+00
      outer loop
         vertex 1.9657563e+01 8.6878572e+02 1.0000000e-06
         vertex 1.4478050e+01 8.6824348e+02 1.0000000e-06
         vertex 1.4127082e+01 8.6928089e+02 1.0000000e-06
      endloop
   endfacet
   facet normal 0.0000000e+00 0.0000000e+00 -1.0000000e+00
      outer loop
         vertex 1.9657563e+01 8.6878572e+02 1.0000000e-06
         vertex 1.4127082e+01 8.6928089e+02 1.0000000e-06
         vertex 1.8872639e+01 8.6938801e+02 1.0000000e-06
      endloop
   endfacet
   facet normal -0.0000000e+00 0.0000000e+00 -1.0000000e+00
      outer loop
         vertex 1.8872639e+01 8.6938801e+02 1.0000000e-06
         vertex 1.4127082e+01 8.6928089e+02 1.0000000e-06
         vertex 1.8270346e+01 8.7017294e+02 1.0000000e-06
      endloop
   endfacet
   facet normal -0.0000000e+00 0.0000000e+00 -1.0000000e+00
      outer loop
         vertex 1.8270346e+01 8.7017294e+02 1.0000000e-06
         vertex 1.4127082e+01 8.6928089e+02 1.0000000e-06
         vertex 1.3552309e+01 8.7021311e+02 1.0000000e-06
      endloop
   endfacet
   facet normal 0.0000000e+00 0.0000000e+00 -1.0000000e+00
      outer loop
         vertex 1.8270346e+01 8.7017294e+02 1.0000000e-06
         vertex 1.3552309e+01 8.7021311e+02 1.0000000e-06
         vertex 1.7891729e+01 8.7108700e+02 1.0000000e-06
      endloop
   endfacet
   facet normal -0.0000000e+00 0.0000000e+00 -1.0000000e+00
      outer loop
         vertex 1.7891729e+01 8.7108700e+02 1.0000000e-06
         vertex 1.3552309e+01 8.7021311e+02 1.0000000e-06
         vertex 1.2783037e+01 8.7099260e+02 1.0000000e-06
      endloop
   endfacet
   facet normal -0.0000000e+00 0.0000000e+00 -1.0000000e+00
      outer loop
         vertex 1.7891729e+01 8.7108700e+02 1.0000000e-06
         vertex 1.2783037e+01 8.7099260e+02 1.0000000e-06
         vertex 1.1858490e+01 8.7157963e+02 1.0000000e-06
      endloop
   endfacet
   facet normal 0.0000000e+00 0.0000000e+00 -1.0000000e+00
      outer loop
         vertex 1.7891729e+01 8.7108700e+02 1.0000000e-06
         vertex 1.1858490e+01 8.7157963e+02 1.0000000e-06
         vertex 1.7762589e+01 8.7206791e+02 1.0000000e-06
      endloop
   endfacet
   facet normal -0.0000000e+00 0.0000000e+00 -1.0000000e+00
      outer loop
         vertex 1.7762589e+01 8.7206791e+02 1.0000000e-06
         vertex 1.1858490e+01 8.7157963e+02 1.0000000e-06
         vertex 1.0825808e+01 8.7194426e+02 1.0000000e-06
      endloop
   endfacet
   facet normal -0.0000000e+00 0.0000000e+00 -1.0000000e+00
      outer loop
         vertex 1.7762589e+01 8.7206791e+02 1.0000000e-06
         vertex 1.0825808e+01 8.7194426e+02 1.0000000e-06
         vertex 1.7891729e+01 8.7304882e+02 1.0000000e-06
      endloop
   endfacet
   facet normal -0.0000000e+00 0.0000000e+00 -1.0000000e+00
      outer loop
         vertex 1.7891729e+01 8.7304882e+02 1.0000000e-06
         vertex 1.0825808e+01 8.7194426e+02 1.0000000e-06
         vertex 9.7376426e+00 8.7206791e+02 1.0000000e-06
      endloop
   endfacet
   facet normal -0.0000000e+00 0.0000000e+00 -1.0000000e+00
      outer loop
         vertex 1.7891729e+01 8.7304882e+02 1.0000000e-06
         vertex 9.7376426e+00 8.7206791e+02 1.0000000e-06
         vertex 2.4250508e+00 8.7271770e+02 1.0000000e-06
      endloop
   endfacet
   facet normal -0.0000000e+00 -0.0000000e+00 -1.0000000e+00
      outer loop
         vertex 2.4250508e+00 8.7271770e+02 1.0000000e-06
         vertex 9.7376426e+00 8.7206791e+02 1.0000000e-06
         vertex 4.8501005e+00 8.7206791e+02 1.0000000e-06
      endloop
   endfacet
   facet normal -0.0000000e+00 -0.0000000e+00 -1.0000000e+00
      outer loop
         vertex 2.4250508e+00 8.7271770e+02 1.0000000e-06
         vertex 4.8501005e+00 8.7206791e+02 1.0000000e-06
         vertex 3.5948024e+00 8.7223317e+02 1.0000000e-06
      endloop
   endfacet
   facet normal 0.0000000e+00 0.0000000e+00 -1.0000000e+00
      outer loop
         vertex 2.4250508e+00 8.7271770e+02 1.0000000e-06
         vertex 1.4205623e+00 8.7348847e+02 1.0000000e-06
         vertex 1.7891729e+01 8.7304882e+02 1.0000000e-06
      endloop
   endfacet
   facet normal 0.0000000e+00 0.0000000e+00 -1.0000000e+00
      outer loop
         vertex 1.7891729e+01 8.7304882e+02 1.0000000e-06
         vertex 1.4205623e+00 8.7348847e+02 1.0000000e-06
         vertex 1.8270346e+01 8.7396288e+02 1.0000000e-06
      endloop
   endfacet
   facet normal -0.0000000e+00 0.0000000e+00 -1.0000000e+00
      outer loop
         vertex 1.8270346e+01 8.7396288e+02 1.0000000e-06
         vertex 1.4205623e+00 8.7348847e+02 1.0000000e-06
         vertex 6.4979113e-01 8.7449296e+02 1.0000000e-06
      endloop
   endfacet
   facet normal 0.0000000e+00 0.0000000e+00 -1.0000000e+00
      outer loop
         vertex 1.8270346e+01 8.7396288e+02 1.0000000e-06
         vertex 6.4979113e-01 8.7449296e+02 1.0000000e-06
         vertex 7.1841796e+00 8.7592682e+02 1.0000000e-06
      endloop
   endfacet
   facet normal -0.0000000e+00 0.0000000e+00 -1.0000000e+00
      outer loop
         vertex 7.1841796e+00 8.7592682e+02 1.0000000e-06
         vertex 6.4979113e-01 8.7449296e+02 1.0000000e-06
         vertex 1.6526413e-01 8.7566271e+02 1.0000000e-06
      endloop
   endfacet
   facet normal -0.0000000e+00 0.0000000e+00 -1.0000000e+00
      outer loop
         vertex 7.1841796e+00 8.7592682e+02 1.0000000e-06
         vertex 1.6526413e-01 8.7566271e+02 1.0000000e-06
         vertex 6.2032691e+00 8.7605596e+02 1.0000000e-06
      endloop
   endfacet
   facet normal -0.0000000e+00 0.0000000e+00 -1.0000000e+00
      outer loop
         vertex 6.2032691e+00 8.7605596e+02 1.0000000e-06
         vertex 1.6526413e-01 8.7566271e+02 1.0000000e-06
         vertex 5.2892059e+00 8.7643458e+02 1.0000000e-06
      endloop
   endfacet
   facet normal -0.0000000e+00 0.0000000e+00 -1.0000000e+00
      outer loop
         vertex 5.2892059e+00 8.7643458e+02 1.0000000e-06
         vertex 1.6526413e-01 8.7566271e+02 1.0000000e-06
         vertex 1.0000001e-06 8.7691801e+02 1.0000000e-06
      endloop
   endfacet
   facet normal 0.0000000e+00 0.0000000e+00 -1.0000000e+00
      outer loop
         vertex 5.2892059e+00 8.7643458e+02 1.0000000e-06
         vertex 1.0000001e-06 8.7691801e+02 1.0000000e-06
         vertex 4.5042822e+00 8.7703687e+02 1.0000000e-06
      endloop
   endfacet
   facet normal -0.0000000e+00 0.0000000e+00 -1.0000000e+00
      outer loop
         vertex 4.5042822e+00 8.7703687e+02 1.0000000e-06
         vertex 1.0000001e-06 8.7691801e+02 1.0000000e-06
         vertex 3.9019889e+00 8.7782179e+02 1.0000000e-06
      endloop
   endfacet
   facet normal -0.0000000e+00 0.0000000e+00 -1.0000000e+00
      outer loop
         vertex 3.9019889e+00 8.7782179e+02 1.0000000e-06
         vertex 1.0000001e-06 8.7691801e+02 1.0000000e-06
         vertex 3.5233716e+00 8.7873586e+02 1.0000000e-06
      endloop
   endfacet
   facet normal -0.0000000e+00 0.0000000e+00 -1.0000000e+00
      outer loop
         vertex 3.5233716e+00 8.7873586e+02 1.0000000e-06
         vertex 1.0000001e-06 8.7691801e+02 1.0000000e-06
         vertex 3.3942323e+00 8.7971677e+02 1.0000000e-06
      endloop
   endfacet
   facet normal -0.0000000e+00 0.0000000e+00 -1.0000000e+00
      outer loop
         vertex 3.3942323e+00 8.7971677e+02 1.0000000e-06
         vertex 1.0000001e-06 8.7691801e+02 1.0000000e-06
         vertex 1.0000000e-06 8.8251552e+02 1.0000000e-06
      endloop
   endfacet
   facet normal 0.0000000e+00 0.0000000e+00 -1.0000000e+00
      outer loop
         vertex 3.3942323e+00 8.7971677e+02 1.0000000e-06
         vertex 1.0000000e-06 8.8251552e+02 1.0000000e-06
         vertex 3.5233716e+00 8.8069768e+02 1.0000000e-06
      endloop
   endfacet
   facet normal 0.0000000e+00 0.0000000e+00 -1.0000000e+00
      outer loop
         vertex 3.5233716e+00 8.8069768e+02 1.0000000e-06
         vertex 1.0000000e-06 8.8251552e+02 1.0000000e-06
         vertex 3.9019889e+00 8.8161174e+02 1.0000000e-06
      endloop
   endfacet
   facet normal 0.0000000e+00 0.0000000e+00 -1.0000000e+00
      outer loop
         vertex 3.9019889e+00 8.8161174e+02 1.0000000e-06
         vertex 1.0000000e-06 8.8251552e+02 1.0000000e-06
         vertex 4.5042822e+00 8.8239667e+02 1.0000000e-06
      endloop
   endfacet
   facet normal 0.0000000e+00 0.0000000e+00 -1.0000000e+00
      outer loop
         vertex 4.5042822e+00 8.8239667e+02 1.0000000e-06
         vertex 1.0000000e-06 8.8251552e+02 1.0000000e-06
         vertex 5.2892059e+00 8.8299896e+02 1.0000000e-06
      endloop
   endfacet
   facet normal -0.0000000e+00 0.0000000e+00 -1.0000000e+00
      outer loop
         vertex 5.2892059e+00 8.8299896e+02 1.0000000e-06
         vertex 1.0000000e-06 8.8251552e+02 1.0000000e-06
         vertex 1.6526413e-01 8.8377082e+02 1.0000000e-06
      endloop
   endfacet
   facet normal 0.0000000e+00 0.0000000e+00 -1.0000000e+00
      outer loop
         vertex 5.2892059e+00 8.8299896e+02 1.0000000e-06
         vertex 1.6526413e-01 8.8377082e+02 1.0000000e-06
         vertex 6.2032691e+00 8.8337758e+02 1.0000000e-06
      endloop
   endfacet
   facet normal 0.0000000e+00 0.0000000e+00 -1.0000000e+00
      outer loop
         vertex 6.2032691e+00 8.8337758e+02 1.0000000e-06
         vertex 1.6526413e-01 8.8377082e+02 1.0000000e-06
         vertex 7.1841796e+00 8.8350672e+02 1.0000000e-06
      endloop
   endfacet
   facet normal 0.0000000e+00 0.0000000e+00 -1.0000000e+00
      outer loop
         vertex 7.1841796e+00 8.8350672e+02 1.0000000e-06
         vertex 1.6526413e-01 8.8377082e+02 1.0000000e-06
         vertex 6.4979113e-01 8.8494057e+02 1.0000000e-06
      endloop
   endfacet
   facet normal 0.0000000e+00 0.0000000e+00 -1.0000000e+00
      outer loop
         vertex 7.1841796e+00 8.8350672e+02 1.0000000e-06
         vertex 6.4979113e-01 8.8494057e+02 1.0000000e-06
         vertex 1.8270346e+01 8.8547065e+02 1.0000000e-06
      endloop
   endfacet
   facet normal -0.0000000e+00 0.0000000e+00 -1.0000000e+00
      outer loop
         vertex 1.8270346e+01 8.8547065e+02 1.0000000e-06
         vertex 6.4979113e-01 8.8494057e+02 1.0000000e-06
         vertex 1.4205623e+00 8.8594506e+02 1.0000000e-06
      endloop
   endfacet
   facet normal 0.0000000e+00 0.0000000e+00 -1.0000000e+00
      outer loop
         vertex 1.8270346e+01 8.8547065e+02 1.0000000e-06
         vertex 1.4205623e+00 8.8594506e+02 1.0000000e-06
         vertex 1.7891729e+01 8.8638471e+02 1.0000000e-06
      endloop
   endfacet
   facet normal -0.0000000e+00 0.0000000e+00 -1.0000000e+00
      outer loop
         vertex 1.7891729e+01 8.8638471e+02 1.0000000e-06
         vertex 1.4205623e+00 8.8594506e+02 1.0000000e-06
         vertex 2.4250508e+00 8.8671583e+02 1.0000000e-06
      endloop
   endfacet
   facet normal 0.0000000e+00 0.0000000e+00 -1.0000000e+00
      outer loop
         vertex 1.7891729e+01 8.8638471e+02 1.0000000e-06
         vertex 2.4250508e+00 8.8671583e+02 1.0000000e-06
         vertex 9.5182587e+00 8.8736562e+02 1.0000000e-06
      endloop
   endfacet
   facet normal -0.0000000e+00 0.0000000e+00 -1.0000000e+00
      outer loop
         vertex 9.5182587e+00 8.8736562e+02 1.0000000e-06
         vertex 2.4250508e+00 8.8671583e+02 1.0000000e-06
         vertex 4.8501005e+00 8.8736562e+02 1.0000000e-06
      endloop
   endfacet
   facet normal -0.0000000e+00 0.0000000e+00 -1.0000000e+00
      outer loop
         vertex 4.8501005e+00 8.8736562e+02 1.0000000e-06
         vertex 2.4250508e+00 8.8671583e+02 1.0000000e-06
         vertex 3.5948024e+00 8.8720036e+02 1.0000000e-06
      endloop
   endfacet
   facet normal 0.0000000e+00 0.0000000e+00 -1.0000000e+00
      outer loop
         vertex 9.5182587e+00 8.8736562e+02 1.0000000e-06
         vertex 1.0606424e+01 8.8748927e+02 1.0000000e-06
         vertex 1.7891729e+01 8.8638471e+02 1.0000000e-06
      endloop
   endfacet
   facet normal 0.0000000e+00 0.0000000e+00 -1.0000000e+00
      outer loop
         vertex 1.7891729e+01 8.8638471e+02 1.0000000e-06
         vertex 1.0606424e+01 8.8748927e+02 1.0000000e-06
         vertex 1.7762589e+01 8.8736562e+02 1.0000000e-06
      endloop
   endfacet
   facet normal 0.0000000e+00 0.0000000e+00 -1.0000000e+00
      outer loop
         vertex 1.7762589e+01 8.8736562e+02 1.0000000e-06
         vertex 1.0606424e+01 8.8748927e+02 1.0000000e-06
         vertex 1.1639106e+01 8.8785390e+02 1.0000000e-06
      endloop
   endfacet
   facet normal 0.0000000e+00 0.0000000e+00 -1.0000000e+00
      outer loop
         vertex 1.7762589e+01 8.8736562e+02 1.0000000e-06
         vertex 1.1639106e+01 8.8785390e+02 1.0000000e-06
         vertex 1.7891729e+01 8.8834653e+02 1.0000000e-06
      endloop
   endfacet
   facet normal -0.0000000e+00 0.0000000e+00 -1.0000000e+00
      outer loop
         vertex 1.7891729e+01 8.8834653e+02 1.0000000e-06
         vertex 1.1639106e+01 8.8785390e+02 1.0000000e-06
         vertex 1.2563653e+01 8.8844093e+02 1.0000000e-06
      endloop
   endfacet
   facet normal 0.0000000e+00 0.0000000e+00 -1.0000000e+00
      outer loop
         vertex 1.7891729e+01 8.8834653e+02 1.0000000e-06
         vertex 1.2563653e+01 8.8844093e+02 1.0000000e-06
         vertex 1.3332925e+01 8.8922043e+02 1.0000000e-06
      endloop
   endfacet
   facet normal 0.0000000e+00 0.0000000e+00 -1.0000000e+00
      outer loop
         vertex 1.7891729e+01 8.8834653e+02 1.0000000e-06
         vertex 1.3332925e+01 8.8922043e+02 1.0000000e-06
         vertex 1.8270346e+01 8.8926060e+02 1.0000000e-06
      endloop
   endfacet
   facet normal -0.0000000e+00 0.0000000e+00 -1.0000000e+00
      outer loop
         vertex 1.8270346e+01 8.8926060e+02 1.0000000e-06
         vertex 1.3332925e+01 8.8922043e+02 1.0000000e-06
         vertex 1.3907698e+01 8.9015265e+02 1.0000000e-06
      endloop
   endfacet
   facet normal 0.0000000e+00 0.0000000e+00 -1.0000000e+00
      outer loop
         vertex 1.8270346e+01 8.8926060e+02 1.0000000e-06
         vertex 1.3907698e+01 8.9015265e+02 1.0000000e-06
         vertex 1.8872639e+01 8.9004552e+02 1.0000000e-06
      endloop
   endfacet
   facet normal 0.0000000e+00 0.0000000e+00 -1.0000000e+00
      outer loop
         vertex 1.8872639e+01 8.9004552e+02 1.0000000e-06
         vertex 1.3907698e+01 8.9015265e+02 1.0000000e-06
         vertex 1.9657563e+01 8.9064782e+02 1.0000000e-06
      endloop
   endfacet
   facet normal -0.0000000e+00 0.0000000e+00 -1.0000000e+00
      outer loop
         vertex 1.9657563e+01 8.9064782e+02 1.0000000e-06
         vertex 1.3907698e+01 8.9015265e+02 1.0000000e-06
         vertex 1.4258666e+01 8.9119005e+02 1.0000000e-06
      endloop
   endfacet
   facet normal 0.0000000e+00 0.0000000e+00 -1.0000000e+00
      outer loop
         vertex 1.9657563e+01 8.9064782e+02 1.0000000e-06
         vertex 1.4258666e+01 8.9119005e+02 1.0000000e-06
         vertex 2.0571626e+01 8.9102643e+02 1.0000000e-06
      endloop
   endfacet
   facet normal 0.0000000e+00 0.0000000e+00 -1.0000000e+00
      outer loop
         vertex 2.0571626e+01 8.9102643e+02 1.0000000e-06
         vertex 1.4258666e+01 8.9119005e+02 1.0000000e-06
         vertex 1.4609635e+01 8.9222746e+02 1.0000000e-06
      endloop
   endfacet
   facet normal 0.0000000e+00 0.0000000e+00 -1.0000000e+00
      outer loop
         vertex 2.0571626e+01 8.9102643e+02 1.0000000e-06
         vertex 1.4609635e+01 8.9222746e+02 1.0000000e-06
         vertex 2.1552537e+01 8.9115557e+02 1.0000000e-06
      endloop
   endfacet
   facet normal 0.0000000e+00 0.0000000e+00 -1.0000000e+00
      outer loop
         vertex 2.1552537e+01 8.9115557e+02 1.0000000e-06
         vertex 1.4609635e+01 8.9222746e+02 1.0000000e-06
         vertex 1.5184408e+01 8.9315968e+02 1.0000000e-06
      endloop
   endfacet
   facet normal 0.0000000e+00 0.0000000e+00 -1.0000000e+00
      outer loop
         vertex 2.1552537e+01 8.9115557e+02 1.0000000e-06
         vertex 1.5184408e+01 8.9315968e+02 1.0000000e-06
         vertex 2.3886616e+01 8.9501448e+02 1.0000000e-06
      endloop
   endfacet
   facet normal -0.0000000e+00 0.0000000e+00 -1.0000000e+00
      outer loop
         vertex 2.3886616e+01 8.9501448e+02 1.0000000e-06
         vertex 1.5184408e+01 8.9315968e+02 1.0000000e-06
         vertex 1.5953679e+01 8.9393917e+02 1.0000000e-06
      endloop
   endfacet
   facet normal -0.0000000e+00 0.0000000e+00 -1.0000000e+00
      outer loop
         vertex 2.3886616e+01 8.9501448e+02 1.0000000e-06
         vertex 1.5953679e+01 8.9393917e+02 1.0000000e-06
         vertex 1.6878226e+01 8.9452620e+02 1.0000000e-06
      endloop
   endfacet
   facet normal 0.0000000e+00 -0.0000000e+00 -1.0000000e+00
      outer loop
         vertex 1.7910909e+01 8.9489084e+02 1.0000000e-06
         vertex 1.8999074e+01 8.9501448e+02 1.0000000e-06
         vertex 1.6878226e+01 8.9452620e+02 1.0000000e-06
      endloop
   endfacet
   facet normal 0.0000000e+00 0.0000000e+00 -1.0000000e+00
      outer loop
         vertex 1.6878226e+01 8.9452620e+02 1.0000000e-06
         vertex 1.8999074e+01 8.9501448e+02 1.0000000e-06
         vertex 2.3886616e+01 8.9501448e+02 1.0000000e-06
      endloop
   endfacet
   facet normal 0.0000000e+00 -0.0000000e+00 -1.0000000e+00
      outer loop
         vertex 2.1552537e+01 8.9115557e+02 1.0000000e-06
         vertex 2.3886616e+01 8.9501448e+02 1.0000000e-06
         vertex 2.2533447e+01 8.9102643e+02 1.0000000e-06
      endloop
   endfacet
   facet normal 0.0000000e+00 0.0000000e+00 -1.0000000e+00
      outer loop
         vertex 2.2533447e+01 8.9102643e+02 1.0000000e-06
         vertex 2.3886616e+01 8.9501448e+02 1.0000000e-06
         vertex 2.5006400e+01 8.9514552e+02 1.0000000e-06
      endloop
   endfacet
   facet normal 0.0000000e+00 0.0000000e+00 -1.0000000e+00
      outer loop
         vertex 2.2533447e+01 8.9102643e+02 1.0000000e-06
         vertex 2.5006400e+01 8.9514552e+02 1.0000000e-06
         vertex 3.4403494e+01 8.9628535e+02 1.0000000e-06
      endloop
   endfacet
   facet normal -0.0000000e+00 0.0000000e+00 -1.0000000e+00
      outer loop
         vertex 3.4403494e+01 8.9628535e+02 1.0000000e-06
         vertex 2.5006400e+01 8.9514552e+02 1.0000000e-06
         vertex 2.6065677e+01 8.9553155e+02 1.0000000e-06
      endloop
   endfacet
   facet normal -0.0000000e+00 0.0000000e+00 -1.0000000e+00
      outer loop
         vertex 3.4403494e+01 8.9628535e+02 1.0000000e-06
         vertex 2.6065677e+01 8.9553155e+02 1.0000000e-06
         vertex 2.7007209e+01 8.9615172e+02 1.0000000e-06
      endloop
   endfacet
   facet normal 0.0000000e+00 0.0000000e+00 -1.0000000e+00
      outer loop
         vertex 2.7007209e+01 8.9615172e+02 1.0000000e-06
         vertex 2.7780120e+01 8.9697251e+02 1.0000000e-06
         vertex 3.4403494e+01 8.9628535e+02 1.0000000e-06
      endloop
   endfacet
   facet normal 0.0000000e+00 0.0000000e+00 -1.0000000e+00
      outer loop
         vertex 3.4403494e+01 8.9628535e+02 1.0000000e-06
         vertex 2.7780120e+01 8.9697251e+02 1.0000000e-06
         vertex 2.8342646e+01 8.9794957e+02 1.0000000e-06
      endloop
   endfacet
   facet normal 0.0000000e+00 0.0000000e+00 -1.0000000e+00
      outer loop
         vertex 3.4403494e+01 8.9628535e+02 1.0000000e-06
         vertex 2.8342646e+01 8.9794957e+02 1.0000000e-06
         vertex 2.8871128e+01 8.9888023e+02 1.0000000e-06
      endloop
   endfacet
   facet normal 0.0000000e+00 -0.0000000e+00 -1.0000000e+00
      outer loop
         vertex 2.9590855e+01 8.9967233e+02 1.0000000e-06
         vertex 3.4403494e+01 9.0068751e+02 1.0000000e-06
         vertex 2.8871128e+01 8.9888023e+02 1.0000000e-06
      endloop
   endfacet
   facet normal 0.0000000e+00 0.0000000e+00 -1.0000000e+00
      outer loop
         vertex 2.8871128e+01 8.9888023e+02 1.0000000e-06
         vertex 3.4403494e+01 9.0068751e+02 1.0000000e-06
         vertex 6.4206370e+01 8.9664499e+02 1.0000000e-06
      endloop
   endfacet
   facet normal 0.0000000e+00 -0.0000000e+00 -1.0000000e+00
      outer loop
         vertex 2.8871128e+01 8.9888023e+02 1.0000000e-06
         vertex 6.4206370e+01 8.9664499e+02 1.0000000e-06
         vertex 3.4403494e+01 8.9628535e+02 1.0000000e-06
      endloop
   endfacet
   facet normal 0.0000000e+00 -0.0000000e+00 -1.0000000e+00
      outer loop
         vertex 3.4403494e+01 8.9628535e+02 1.0000000e-06
         vertex 6.4206370e+01 8.9664499e+02 1.0000000e-06
         vertex 3.7568206e+01 8.9573102e+02 1.0000000e-06
      endloop
   endfacet
   facet normal 0.0000000e+00 0.0000000e+00 -1.0000000e+00
      outer loop
         vertex 3.4403494e+01 8.9628535e+02 1.0000000e-06
         vertex 3.7568206e+01 8.9573102e+02 1.0000000e-06
         vertex 4.8048397e+01 8.8345548e+02 1.0000000e-06
      endloop
   endfacet
   facet normal 0.0000000e+00 0.0000000e+00 -1.0000000e+00
      outer loop
         vertex 2.9590855e+01 8.9967233e+02 1.0000000e-06
         vertex 3.0466778e+01 9.0028729e+02 1.0000000e-06
         vertex 3.4403494e+01 9.0068751e+02 1.0000000e-06
      endloop
   endfacet
   facet normal -0.0000000e+00 0.0000000e+00 -1.0000000e+00
      outer loop
         vertex 3.4403494e+01 9.0068751e+02 1.0000000e-06
         vertex 3.0466778e+01 9.0028729e+02 1.0000000e-06
         vertex 3.1456249e+01 9.0069518e+02 1.0000000e-06
      endloop
   endfacet
   facet normal 0.0000000e+00 0.0000000e+00 -1.0000000e+00
      outer loop
         vertex 3.4403494e+01 9.0068751e+02 1.0000000e-06
         vertex 3.1456249e+01 9.0069518e+02 1.0000000e-06
         vertex 3.4128950e+01 9.0073198e+02 1.0000000e-06
      endloop
   endfacet
   facet normal -0.0000000e+00 0.0000000e+00 -1.0000000e+00
      outer loop
         vertex 3.4128950e+01 9.0073198e+02 1.0000000e-06
         vertex 3.1456249e+01 9.0069518e+02 1.0000000e-06
         vertex 3.3854427e+01 9.0077659e+02 1.0000000e-06
      endloop
   endfacet
   facet normal -0.0000000e+00 0.0000000e+00 -1.0000000e+00
      outer loop
         vertex 3.3854427e+01 9.0077659e+02 1.0000000e-06
         vertex 3.1456249e+01 9.0069518e+02 1.0000000e-06
         vertex 3.3579926e+01 9.0082132e+02 1.0000000e-06
      endloop
   endfacet
   facet normal -0.0000000e+00 0.0000000e+00 -1.0000000e+00
      outer loop
         vertex 3.3579926e+01 9.0082132e+02 1.0000000e-06
         vertex 3.1456249e+01 9.0069518e+02 1.0000000e-06
         vertex 3.2511085e+01 9.0087613e+02 1.0000000e-06
      endloop
   endfacet
   facet normal 0.0000000e+00 -0.0000000e+00 -1.0000000e+00
      outer loop
         vertex 5.8439908e+01 8.9254554e+02 1.0000000e-06
         vertex 6.4206370e+01 8.9664499e+02 1.0000000e-06
         vertex 6.4002488e+01 8.9183332e+02 1.0000000e-06
      endloop
   endfacet
   facet normal 0.0000000e+00 0.0000000e+00 -1.0000000e+00
      outer loop
         vertex 6.4002488e+01 8.9183332e+02 1.0000000e-06
         vertex 6.4206370e+01 8.9664499e+02 1.0000000e-06
         vertex 9.4176815e+01 8.9412988e+02 1.0000000e-06
      endloop
   endfacet
   facet normal 0.0000000e+00 0.0000000e+00 -1.0000000e+00
      outer loop
         vertex 2.3236173e+02 8.6758943e+02 1.0000000e-06
         vertex 2.3550052e+02 8.6800266e+02 1.0000000e-06
         vertex 2.4697577e+02 8.6664059e+02 1.0000000e-06
      endloop
   endfacet
   facet normal 0.0000000e+00 0.0000000e+00 -1.0000000e+00
      outer loop
         vertex 2.4697577e+02 8.6664059e+02 1.0000000e-06
         vertex 2.3550052e+02 8.6800266e+02 1.0000000e-06
         vertex 2.3842540e+02 8.6921419e+02 1.0000000e-06
      endloop
   endfacet
   facet normal 0.0000000e+00 0.0000000e+00 -1.0000000e+00
      outer loop
         vertex 3.4403494e+01 8.6314818e+02 1.0000000e-06
         vertex 2.5213345e+01 8.7108700e+02 1.0000000e-06
         vertex 3.4403494e+01 8.7754736e+02 1.0000000e-06
      endloop
   endfacet
   facet normal -0.0000000e+00 0.0000000e+00 -1.0000000e+00
      outer loop
         vertex 3.4403494e+01 8.7754736e+02 1.0000000e-06
         vertex 2.5213345e+01 8.7108700e+02 1.0000000e-06
         vertex 2.5342484e+01 8.7206791e+02 1.0000000e-06
      endloop
   endfacet
   facet normal -0.0000000e+00 0.0000000e+00 -1.0000000e+00
      outer loop
         vertex 3.4403494e+01 8.7754736e+02 1.0000000e-06
         vertex 2.5342484e+01 8.7206791e+02 1.0000000e-06
         vertex 2.5213345e+01 8.7304882e+02 1.0000000e-06
      endloop
   endfacet
   facet normal -0.0000000e+00 0.0000000e+00 -1.0000000e+00
      outer loop
         vertex 4.9388187e+01 8.8188618e+02 1.0000000e-06
         vertex 4.6696733e+01 8.7754736e+02 1.0000000e-06
         vertex 4.6696733e+01 8.8188618e+02 1.0000000e-06
      endloop
   endfacet
   facet normal -0.0000000e+00 -0.0000000e+00 -1.0000000e+00
      outer loop
         vertex 4.6696733e+01 8.8188618e+02 1.0000000e-06
         vertex 4.6696733e+01 8.7754736e+02 1.0000000e-06
         vertex 3.4403494e+01 8.7754736e+02 1.0000000e-06
      endloop
   endfacet
   facet normal -0.0000000e+00 0.0000000e+00 -1.0000000e+00
      outer loop
         vertex 4.6696733e+01 8.8188618e+02 1.0000000e-06
         vertex 3.4403494e+01 8.7754736e+02 1.0000000e-06
         vertex 3.4403494e+01 8.8188618e+02 1.0000000e-06
      endloop
   endfacet
   facet normal -0.0000000e+00 -0.0000000e+00 -1.0000000e+00
      outer loop
         vertex 3.4403494e+01 8.8188618e+02 1.0000000e-06
         vertex 3.4403494e+01 8.7754736e+02 1.0000000e-06
         vertex 1.0974127e+01 8.7971677e+02 1.0000000e-06
      endloop
   endfacet
   facet normal -0.0000000e+00 0.0000000e+00 -1.0000000e+00
      outer loop
         vertex 3.4403494e+01 8.8188618e+02 1.0000000e-06
         vertex 1.0974127e+01 8.7971677e+02 1.0000000e-06
         vertex 1.0844988e+01 8.8069768e+02 1.0000000e-06
      endloop
   endfacet
   facet normal -0.0000000e+00 -0.0000000e+00 -1.0000000e+00
      outer loop
         vertex 4.9388187e+01 8.7754736e+02 1.0000000e-06
         vertex 5.7105104e+01 8.6845987e+02 1.0000000e-06
         vertex 4.8048397e+01 8.7597805e+02 1.0000000e-06
      endloop
   endfacet
   facet normal 0.0000000e+00 -0.0000000e+00 -1.0000000e+00
      outer loop
         vertex 4.8048397e+01 8.7597805e+02 1.0000000e-06
         vertex 5.7105104e+01 8.6845987e+02 1.0000000e-06
         vertex 5.6043087e+01 8.6656345e+02 1.0000000e-06
      endloop
   endfacet
   facet normal 0.0000000e+00 0.0000000e+00 -1.0000000e+00
      outer loop
         vertex 5.6043087e+01 8.6656345e+02 1.0000000e-06
         vertex 5.7105104e+01 8.6845987e+02 1.0000000e-06
         vertex 5.8439908e+01 8.6688800e+02 1.0000000e-06
      endloop
   endfacet
   facet normal 0.0000000e+00 0.0000000e+00 -1.0000000e+00
      outer loop
         vertex 5.6043087e+01 8.6656345e+02 1.0000000e-06
         vertex 5.8439908e+01 8.6688800e+02 1.0000000e-06
         vertex 6.4206370e+01 8.6278854e+02 1.0000000e-06
      endloop
   endfacet
   facet normal 0.0000000e+00 0.0000000e+00 -1.0000000e+00
      outer loop
         vertex 6.4206370e+01 8.6278854e+02 1.0000000e-06
         vertex 5.8439908e+01 8.6688800e+02 1.0000000e-06
         vertex 6.4002488e+01 8.6760021e+02 1.0000000e-06
      endloop
   endfacet
   facet normal 0.0000000e+00 0.0000000e+00 -1.0000000e+00
      outer loop
         vertex 5.8439908e+01 8.6688800e+02 1.0000000e-06
         vertex 5.7105104e+01 8.6845987e+02 1.0000000e-06
         vertex 6.6333686e+01 8.7596150e+02 1.0000000e-06
      endloop
   endfacet
   facet normal -0.0000000e+00 0.0000000e+00 -1.0000000e+00
      outer loop
         vertex 6.6333686e+01 8.7596150e+02 1.0000000e-06
         vertex 5.7105104e+01 8.6845987e+02 1.0000000e-06
         vertex 6.4924806e+01 8.7754736e+02 1.0000000e-06
      endloop
   endfacet
   facet normal -0.0000000e+00 -0.0000000e+00 -1.0000000e+00
      outer loop
         vertex 6.4924806e+01 8.8188618e+02 1.0000000e-06
         vertex 6.4924806e+01 8.7754736e+02 1.0000000e-06
         vertex 4.9388187e+01 8.7754736e+02 1.0000000e-06
      endloop
   endfacet
   facet normal 0.0000000e+00 -0.0000000e+00 -1.0000000e+00
      outer loop
         vertex 5.6043087e+01 8.9287008e+02 1.0000000e-06
         vertex 5.7105104e+01 8.9097367e+02 1.0000000e-06
         vertex 4.8048397e+01 8.8345548e+02 1.0000000e-06
      endloop
   endfacet
   facet normal 0.0000000e+00 -0.0000000e+00 -1.0000000e+00
      outer loop
         vertex 4.8048397e+01 8.8345548e+02 1.0000000e-06
         vertex 5.7105104e+01 8.9097367e+02 1.0000000e-06
         vertex 4.9388187e+01 8.8188618e+02 1.0000000e-06
      endloop
   endfacet
   facet normal -0.0000000e+00 -0.0000000e+00 -1.0000000e+00
      outer loop
         vertex 4.8048397e+01 8.8345548e+02 1.0000000e-06
         vertex 4.9388187e+01 8.8188618e+02 1.0000000e-06
         vertex 4.6696733e+01 8.8188618e+02 1.0000000e-06
      endloop
   endfacet
   facet normal -0.0000000e+00 0.0000000e+00 -1.0000000e+00
      outer loop
         vertex 4.8048397e+01 8.8345548e+02 1.0000000e-06
         vertex 4.6696733e+01 8.8188618e+02 1.0000000e-06
         vertex 3.4403494e+01 8.9628535e+02 1.0000000e-06
      endloop
   endfacet
   facet normal 0.0000000e+00 0.0000000e+00 -1.0000000e+00
      outer loop
         vertex 3.4403494e+01 8.8188618e+02 1.0000000e-06
         vertex 2.5213345e+01 8.8834653e+02 1.0000000e-06
         vertex 3.4403494e+01 8.9628535e+02 1.0000000e-06
      endloop
   endfacet
   facet normal -0.0000000e+00 0.0000000e+00 -1.0000000e+00
      outer loop
         vertex 3.4403494e+01 8.9628535e+02 1.0000000e-06
         vertex 2.5213345e+01 8.8834653e+02 1.0000000e-06
         vertex 2.4834727e+01 8.8926060e+02 1.0000000e-06
      endloop
   endfacet
   facet normal -0.0000000e+00 0.0000000e+00 -1.0000000e+00
      outer loop
         vertex 3.4403494e+01 8.9628535e+02 1.0000000e-06
         vertex 2.4834727e+01 8.8926060e+02 1.0000000e-06
         vertex 2.4232434e+01 8.9004552e+02 1.0000000e-06
      endloop
   endfacet
   facet normal 0.0000000e+00 0.0000000e+00 -1.0000000e+00
      outer loop
         vertex 1.0844988e+01 8.8069768e+02 1.0000000e-06
         vertex 1.0466370e+01 8.8161174e+02 1.0000000e-06
         vertex 3.4403494e+01 8.8188618e+02 1.0000000e-06
      endloop
   endfacet
   facet normal -0.0000000e+00 0.0000000e+00 -1.0000000e+00
      outer loop
         vertex 3.4403494e+01 8.8188618e+02 1.0000000e-06
         vertex 1.0466370e+01 8.8161174e+02 1.0000000e-06
         vertex 2.1552537e+01 8.8357568e+02 1.0000000e-06
      endloop
   endfacet
   facet normal 0.0000000e+00 0.0000000e+00 -1.0000000e+00
      outer loop
         vertex 3.4403494e+01 8.8188618e+02 1.0000000e-06
         vertex 2.1552537e+01 8.8357568e+02 1.0000000e-06
         vertex 2.2533447e+01 8.8370482e+02 1.0000000e-06
      endloop
   endfacet
   facet normal 0.0000000e+00 0.0000000e+00 -1.0000000e+00
      outer loop
         vertex 1.0466370e+01 8.8161174e+02 1.0000000e-06
         vertex 9.8640771e+00 8.8239667e+02 1.0000000e-06
         vertex 2.1552537e+01 8.8357568e+02 1.0000000e-06
      endloop
   endfacet
   facet normal -0.0000000e+00 0.0000000e+00 -1.0000000e+00
      outer loop
         vertex 2.1552537e+01 8.8357568e+02 1.0000000e-06
         vertex 9.8640771e+00 8.8239667e+02 1.0000000e-06
         vertex 2.0571626e+01 8.8370482e+02 1.0000000e-06
      endloop
   endfacet
   facet normal -0.0000000e+00 0.0000000e+00 -1.0000000e+00
      outer loop
         vertex 2.0571626e+01 8.8370482e+02 1.0000000e-06
         vertex 9.8640771e+00 8.8239667e+02 1.0000000e-06
         vertex 9.0791533e+00 8.8299896e+02 1.0000000e-06
      endloop
   endfacet
   facet normal -0.0000000e+00 0.0000000e+00 -1.0000000e+00
      outer loop
         vertex 2.0571626e+01 8.8370482e+02 1.0000000e-06
         vertex 9.0791533e+00 8.8299896e+02 1.0000000e-06
         vertex 1.9657563e+01 8.8408343e+02 1.0000000e-06
      endloop
   endfacet
   facet normal -0.0000000e+00 0.0000000e+00 -1.0000000e+00
      outer loop
         vertex 1.9657563e+01 8.8408343e+02 1.0000000e-06
         vertex 9.0791533e+00 8.8299896e+02 1.0000000e-06
         vertex 8.1650901e+00 8.8337758e+02 1.0000000e-06
      endloop
   endfacet
   facet normal -0.0000000e+00 0.0000000e+00 -1.0000000e+00
      outer loop
         vertex 1.9657563e+01 8.8408343e+02 1.0000000e-06
         vertex 8.1650901e+00 8.8337758e+02 1.0000000e-06
         vertex 1.8872639e+01 8.8468573e+02 1.0000000e-06
      endloop
   endfacet
   facet normal -0.0000000e+00 0.0000000e+00 -1.0000000e+00
      outer loop
         vertex 1.8872639e+01 8.8468573e+02 1.0000000e-06
         vertex 8.1650901e+00 8.8337758e+02 1.0000000e-06
         vertex 7.1841796e+00 8.8350672e+02 1.0000000e-06
      endloop
   endfacet
   facet normal -0.0000000e+00 0.0000000e+00 -1.0000000e+00
      outer loop
         vertex 1.8872639e+01 8.8468573e+02 1.0000000e-06
         vertex 7.1841796e+00 8.8350672e+02 1.0000000e-06
         vertex 1.8270346e+01 8.8547065e+02 1.0000000e-06
      endloop
   endfacet
   facet normal 0.0000000e+00 0.0000000e+00 -1.0000000e+00
      outer loop
         vertex 1.8270346e+01 8.7396288e+02 1.0000000e-06
         vertex 7.1841796e+00 8.7592682e+02 1.0000000e-06
         vertex 1.8872639e+01 8.7474781e+02 1.0000000e-06
      endloop
   endfacet
   facet normal 0.0000000e+00 0.0000000e+00 -1.0000000e+00
      outer loop
         vertex 1.8872639e+01 8.7474781e+02 1.0000000e-06
         vertex 7.1841796e+00 8.7592682e+02 1.0000000e-06
         vertex 8.1650901e+00 8.7605596e+02 1.0000000e-06
      endloop
   endfacet
   facet normal 0.0000000e+00 0.0000000e+00 -1.0000000e+00
      outer loop
         vertex 1.8872639e+01 8.7474781e+02 1.0000000e-06
         vertex 8.1650901e+00 8.7605596e+02 1.0000000e-06
         vertex 1.9657563e+01 8.7535010e+02 1.0000000e-06
      endloop
   endfacet
   facet normal 0.0000000e+00 0.0000000e+00 -1.0000000e+00
      outer loop
         vertex 1.9657563e+01 8.7535010e+02 1.0000000e-06
         vertex 8.1650901e+00 8.7605596e+02 1.0000000e-06
         vertex 9.0791533e+00 8.7643458e+02 1.0000000e-06
      endloop
   endfacet
   facet normal 0.0000000e+00 0.0000000e+00 -1.0000000e+00
      outer loop
         vertex 1.9657563e+01 8.7535010e+02 1.0000000e-06
         vertex 9.0791533e+00 8.7643458e+02 1.0000000e-06
         vertex 2.0571626e+01 8.7572872e+02 1.0000000e-06
      endloop
   endfacet
   facet normal 0.0000000e+00 0.0000000e+00 -1.0000000e+00
      outer loop
         vertex 2.0571626e+01 8.7572872e+02 1.0000000e-06
         vertex 9.0791533e+00 8.7643458e+02 1.0000000e-06
         vertex 9.8640771e+00 8.7703687e+02 1.0000000e-06
      endloop
   endfacet
   facet normal 0.0000000e+00 0.0000000e+00 -1.0000000e+00
      outer loop
         vertex 2.0571626e+01 8.7572872e+02 1.0000000e-06
         vertex 9.8640771e+00 8.7703687e+02 1.0000000e-06
         vertex 2.1552537e+01 8.7585786e+02 1.0000000e-06
      endloop
   endfacet
   facet normal 0.0000000e+00 0.0000000e+00 -1.0000000e+00
      outer loop
         vertex 2.1552537e+01 8.7585786e+02 1.0000000e-06
         vertex 9.8640771e+00 8.7703687e+02 1.0000000e-06
         vertex 1.0466370e+01 8.7782179e+02 1.0000000e-06
      endloop
   endfacet
   facet normal 0.0000000e+00 0.0000000e+00 -1.0000000e+00
      outer loop
         vertex 2.1552537e+01 8.7585786e+02 1.0000000e-06
         vertex 1.0466370e+01 8.7782179e+02 1.0000000e-06
         vertex 3.4403494e+01 8.7754736e+02 1.0000000e-06
      endloop
   endfacet
   facet normal 0.0000000e+00 0.0000000e+00 -1.0000000e+00
      outer loop
         vertex 3.4403494e+01 8.7754736e+02 1.0000000e-06
         vertex 1.0466370e+01 8.7782179e+02 1.0000000e-06
         vertex 1.0844988e+01 8.7873586e+02 1.0000000e-06
      endloop
   endfacet
   facet normal 0.0000000e+00 0.0000000e+00 -1.0000000e+00
      outer loop
         vertex 3.4403494e+01 8.7754736e+02 1.0000000e-06
         vertex 1.0844988e+01 8.7873586e+02 1.0000000e-06
         vertex 1.0974127e+01 8.7971677e+02 1.0000000e-06
      endloop
   endfacet
   facet normal 0.0000000e+00 0.0000000e+00 -1.0000000e+00
      outer loop
         vertex 2.2533447e+01 8.6840710e+02 1.0000000e-06
         vertex 2.3447510e+01 8.6878572e+02 1.0000000e-06
         vertex 3.4403494e+01 8.6314818e+02 1.0000000e-06
      endloop
   endfacet
   facet normal 0.0000000e+00 0.0000000e+00 -1.0000000e+00
      outer loop
         vertex 3.4403494e+01 8.6314818e+02 1.0000000e-06
         vertex 2.3447510e+01 8.6878572e+02 1.0000000e-06
         vertex 2.4232434e+01 8.6938801e+02 1.0000000e-06
      endloop
   endfacet
   facet normal 0.0000000e+00 0.0000000e+00 -1.0000000e+00
      outer loop
         vertex 3.4403494e+01 8.6314818e+02 1.0000000e-06
         vertex 2.4232434e+01 8.6938801e+02 1.0000000e-06
         vertex 2.4834727e+01 8.7017294e+02 1.0000000e-06
      endloop
   endfacet
   facet normal 0.0000000e+00 0.0000000e+00 -1.0000000e+00
      outer loop
         vertex 2.4834727e+01 8.7017294e+02 1.0000000e-06
         vertex 2.5213345e+01 8.7108700e+02 1.0000000e-06
         vertex 3.4403494e+01 8.6314818e+02 1.0000000e-06
      endloop
   endfacet
   facet normal 0.0000000e+00 0.0000000e+00 -1.0000000e+00
      outer loop
         vertex 2.5213345e+01 8.7304882e+02 1.0000000e-06
         vertex 2.4834727e+01 8.7396288e+02 1.0000000e-06
         vertex 3.4403494e+01 8.7754736e+02 1.0000000e-06
      endloop
   endfacet
   facet normal -0.0000000e+00 0.0000000e+00 -1.0000000e+00
      outer loop
         vertex 3.4403494e+01 8.7754736e+02 1.0000000e-06
         vertex 2.4834727e+01 8.7396288e+02 1.0000000e-06
         vertex 2.4232434e+01 8.7474781e+02 1.0000000e-06
      endloop
   endfacet
   facet normal -0.0000000e+00 0.0000000e+00 -1.0000000e+00
      outer loop
         vertex 3.4403494e+01 8.7754736e+02 1.0000000e-06
         vertex 2.4232434e+01 8.7474781e+02 1.0000000e-06
         vertex 2.3447510e+01 8.7535010e+02 1.0000000e-06
      endloop
   endfacet
   facet normal 0.0000000e+00 0.0000000e+00 -1.0000000e+00
      outer loop
         vertex 2.3447510e+01 8.7535010e+02 1.0000000e-06
         vertex 2.2533447e+01 8.7572872e+02 1.0000000e-06
         vertex 3.4403494e+01 8.7754736e+02 1.0000000e-06
      endloop
   endfacet
   facet normal -0.0000000e+00 0.0000000e+00 -1.0000000e+00
      outer loop
         vertex 3.4403494e+01 8.7754736e+02 1.0000000e-06
         vertex 2.2533447e+01 8.7572872e+02 1.0000000e-06
         vertex 2.1552537e+01 8.7585786e+02 1.0000000e-06
      endloop
   endfacet
   facet normal 0.0000000e+00 0.0000000e+00 -1.0000000e+00
      outer loop
         vertex 2.5213345e+01 8.8638471e+02 1.0000000e-06
         vertex 2.5342484e+01 8.8736562e+02 1.0000000e-06
         vertex 3.4403494e+01 8.8188618e+02 1.0000000e-06
      endloop
   endfacet
   facet normal 0.0000000e+00 0.0000000e+00 -1.0000000e+00
      outer loop
         vertex 3.4403494e+01 8.8188618e+02 1.0000000e-06
         vertex 2.5342484e+01 8.8736562e+02 1.0000000e-06
         vertex 2.5213345e+01 8.8834653e+02 1.0000000e-06
      endloop
   endfacet
   facet normal 0.0000000e+00 0.0000000e+00 -1.0000000e+00
      outer loop
         vertex 2.4232434e+01 8.9004552e+02 1.0000000e-06
         vertex 2.3447510e+01 8.9064782e+02 1.0000000e-06
         vertex 3.4403494e+01 8.9628535e+02 1.0000000e-06
      endloop
   endfacet
   facet normal -0.0000000e+00 0.0000000e+00 -1.0000000e+00
      outer loop
         vertex 3.4403494e+01 8.9628535e+02 1.0000000e-06
         vertex 2.3447510e+01 8.9064782e+02 1.0000000e-06
         vertex 2.2533447e+01 8.9102643e+02 1.0000000e-06
      endloop
   endfacet
   facet normal 0.0000000e+00 0.0000000e+00 -1.0000000e+00
      outer loop
         vertex 2.2533447e+01 8.8370482e+02 1.0000000e-06
         vertex 2.3447510e+01 8.8408343e+02 1.0000000e-06
         vertex 3.4403494e+01 8.8188618e+02 1.0000000e-06
      endloop
   endfacet
   facet normal 0.0000000e+00 0.0000000e+00 -1.0000000e+00
      outer loop
         vertex 3.4403494e+01 8.8188618e+02 1.0000000e-06
         vertex 2.3447510e+01 8.8408343e+02 1.0000000e-06
         vertex 2.4232434e+01 8.8468573e+02 1.0000000e-06
      endloop
   endfacet
   facet normal 0.0000000e+00 0.0000000e+00 -1.0000000e+00
      outer loop
         vertex 3.4403494e+01 8.8188618e+02 1.0000000e-06
         vertex 2.4232434e+01 8.8468573e+02 1.0000000e-06
         vertex 2.4834727e+01 8.8547065e+02 1.0000000e-06
      endloop
   endfacet
   facet normal 0.0000000e+00 0.0000000e+00 -1.0000000e+00
      outer loop
         vertex 2.4834727e+01 8.8547065e+02 1.0000000e-06
         vertex 2.5213345e+01 8.8638471e+02 1.0000000e-06
         vertex 3.4403494e+01 8.8188618e+02 1.0000000e-06
      endloop
   endfacet
   facet normal 0.0000000e+00 0.0000000e+00 -1.0000000e+00
      outer loop
         vertex 3.7568206e+01 8.6370251e+02 1.0000000e-06
         vertex 4.3715646e+01 8.6472539e+02 1.0000000e-06
         vertex 6.4206370e+01 8.6278854e+02 1.0000000e-06
      endloop
   endfacet
   facet normal 0.0000000e+00 0.0000000e+00 -1.0000000e+00
      outer loop
         vertex 6.4206370e+01 8.6278854e+02 1.0000000e-06
         vertex 4.3715646e+01 8.6472539e+02 1.0000000e-06
         vertex 4.9874199e+01 8.6567908e+02 1.0000000e-06
      endloop
   endfacet
   facet normal 0.0000000e+00 0.0000000e+00 -1.0000000e+00
      outer loop
         vertex 6.4206370e+01 8.6278854e+02 1.0000000e-06
         vertex 4.9874199e+01 8.6567908e+02 1.0000000e-06
         vertex 5.6043087e+01 8.6656345e+02 1.0000000e-06
      endloop
   endfacet
   facet normal 0.0000000e+00 0.0000000e+00 -1.0000000e+00
      outer loop
         vertex 9.4176815e+01 8.6530365e+02 1.0000000e-06
         vertex 7.5147844e+01 8.6885562e+02 1.0000000e-06
         vertex 7.8036071e+01 8.6914374e+02 1.0000000e-06
      endloop
   endfacet
   facet normal -0.0000000e+00 0.0000000e+00 -1.0000000e+00
      outer loop
         vertex 7.8036071e+01 8.6914374e+02 1.0000000e-06
         vertex 7.5147844e+01 8.6885562e+02 1.0000000e-06
         vertex 6.6333686e+01 8.7596150e+02 1.0000000e-06
      endloop
   endfacet
   facet normal 0.0000000e+00 0.0000000e+00 -1.0000000e+00
      outer loop
         vertex 4.3715646e+01 8.9470815e+02 1.0000000e-06
         vertex 3.7568206e+01 8.9573102e+02 1.0000000e-06
         vertex 6.4206370e+01 8.9664499e+02 1.0000000e-06
      endloop
   endfacet
   facet normal -9.9144486e-01 -1.3052619e-01 -0.0000000e+00
      outer loop
         vertex 1.0844988e+01 8.8069768e+02 7.8000010e+00
         vertex 1.0844988e+01 8.8069768e+02 1.0000000e-06
         vertex 1.0974127e+01 8.7971677e+02 7.8000010e+00
      endloop
   endfacet
   facet normal -9.9144486e-01 -1.3052619e-01 0.0000000e+00
      outer loop
         vertex 1.0974127e+01 8.7971677e+02 7.8000010e+00
         vertex 1.0844988e+01 8.8069768e+02 1.0000000e-06
         vertex 1.0974127e+01 8.7971677e+02 1.0000000e-06
      endloop
   endfacet
   facet normal -9.9144486e-01 1.3052619e-01 0.0000000e+00
      outer loop
         vertex 1.0974127e+01 8.7971677e+02 7.8000010e+00
         vertex 1.0974127e+01 8.7971677e+02 1.0000000e-06
         vertex 1.0844988e+01 8.7873586e+02 7.8000010e+00
      endloop
   endfacet
   facet normal -9.9144486e-01 1.3052619e-01 0.0000000e+00
      outer loop
         vertex 1.0844988e+01 8.7873586e+02 7.8000010e+00
         vertex 1.0974127e+01 8.7971677e+02 1.0000000e-06
         vertex 1.0844988e+01 8.7873586e+02 1.0000000e-06
      endloop
   endfacet
   facet normal -9.2387953e-01 3.8268343e-01 0.0000000e+00
      outer loop
         vertex 1.0844988e+01 8.7873586e+02 7.8000010e+00
         vertex 1.0844988e+01 8.7873586e+02 1.0000000e-06
         vertex 1.0466370e+01 8.7782179e+02 7.8000010e+00
      endloop
   endfacet
   facet normal -9.2387953e-01 3.8268343e-01 0.0000000e+00
      outer loop
         vertex 1.0466370e+01 8.7782179e+02 7.8000010e+00
         vertex 1.0844988e+01 8.7873586e+02 1.0000000e-06
         vertex 1.0466370e+01 8.7782179e+02 1.0000000e-06
      endloop
   endfacet
   facet normal -7.9335334e-01 6.0876143e-01 0.0000000e+00
      outer loop
         vertex 1.0466370e+01 8.7782179e+02 7.8000010e+00
         vertex 1.0466370e+01 8.7782179e+02 1.0000000e-06
         vertex 9.8640771e+00 8.7703687e+02 7.8000010e+00
      endloop
   endfacet
   facet normal -7.9335334e-01 6.0876143e-01 0.0000000e+00
      outer loop
         vertex 9.8640771e+00 8.7703687e+02 7.8000010e+00
         vertex 1.0466370e+01 8.7782179e+02 1.0000000e-06
         vertex 9.8640771e+00 8.7703687e+02 1.0000000e-06
      endloop
   endfacet
   facet normal -6.0876143e-01 7.9335334e-01 0.0000000e+00
      outer loop
         vertex 9.8640771e+00 8.7703687e+02 7.8000010e+00
         vertex 9.8640771e+00 8.7703687e+02 1.0000000e-06
         vertex 9.0791533e+00 8.7643458e+02 7.8000010e+00
      endloop
   endfacet
   facet normal -6.0876143e-01 7.9335334e-01 0.0000000e+00
      outer loop
         vertex 9.0791533e+00 8.7643458e+02 7.8000010e+00
         vertex 9.8640771e+00 8.7703687e+02 1.0000000e-06
         vertex 9.0791533e+00 8.7643458e+02 1.0000000e-06
      endloop
   endfacet
   facet normal -3.8268343e-01 9.2387953e-01 0.0000000e+00
      outer loop
         vertex 9.0791533e+00 8.7643458e+02 7.8000010e+00
         vertex 9.0791533e+00 8.7643458e+02 1.0000000e-06
         vertex 8.1650901e+00 8.7605596e+02 7.8000010e+00
      endloop
   endfacet
   facet normal -3.8268343e-01 9.2387953e-01 0.0000000e+00
      outer loop
         vertex 8.1650901e+00 8.7605596e+02 7.8000010e+00
         vertex 9.0791533e+00 8.7643458e+02 1.0000000e-06
         vertex 8.1650901e+00 8.7605596e+02 1.0000000e-06
      endloop
   endfacet
   facet normal -1.3052619e-01 9.9144486e-01 0.0000000e+00
      outer loop
         vertex 8.1650901e+00 8.7605596e+02 7.8000010e+00
         vertex 8.1650901e+00 8.7605596e+02 1.0000000e-06
         vertex 7.1841796e+00 8.7592682e+02 7.8000010e+00
      endloop
   endfacet
   facet normal -1.3052619e-01 9.9144486e-01 0.0000000e+00
      outer loop
         vertex 7.1841796e+00 8.7592682e+02 7.8000010e+00
         vertex 8.1650901e+00 8.7605596e+02 1.0000000e-06
         vertex 7.1841796e+00 8.7592682e+02 1.0000000e-06
      endloop
   endfacet
   facet normal 1.3052619e-01 9.9144486e-01 0.0000000e+00
      outer loop
         vertex 7.1841796e+00 8.7592682e+02 7.8000010e+00
         vertex 7.1841796e+00 8.7592682e+02 1.0000000e-06
         vertex 6.2032691e+00 8.7605596e+02 7.8000010e+00
      endloop
   endfacet
   facet normal 1.3052619e-01 9.9144486e-01 0.0000000e+00
      outer loop
         vertex 6.2032691e+00 8.7605596e+02 7.8000010e+00
         vertex 7.1841796e+00 8.7592682e+02 1.0000000e-06
         vertex 6.2032691e+00 8.7605596e+02 1.0000000e-06
      endloop
   endfacet
   facet normal 3.8268343e-01 9.2387953e-01 0.0000000e+00
      outer loop
         vertex 6.2032691e+00 8.7605596e+02 7.8000010e+00
         vertex 6.2032691e+00 8.7605596e+02 1.0000000e-06
         vertex 5.2892059e+00 8.7643458e+02 7.8000010e+00
      endloop
   endfacet
   facet normal 3.8268343e-01 9.2387953e-01 0.0000000e+00
      outer loop
         vertex 5.2892059e+00 8.7643458e+02 7.8000010e+00
         vertex 6.2032691e+00 8.7605596e+02 1.0000000e-06
         vertex 5.2892059e+00 8.7643458e+02 1.0000000e-06
      endloop
   endfacet
   facet normal 6.0876143e-01 7.9335334e-01 0.0000000e+00
      outer loop
         vertex 5.2892059e+00 8.7643458e+02 7.8000010e+00
         vertex 5.2892059e+00 8.7643458e+02 1.0000000e-06
         vertex 4.5042822e+00 8.7703687e+02 7.8000010e+00
      endloop
   endfacet
   facet normal 6.0876143e-01 7.9335334e-01 0.0000000e+00
      outer loop
         vertex 4.5042822e+00 8.7703687e+02 7.8000010e+00
         vertex 5.2892059e+00 8.7643458e+02 1.0000000e-06
         vertex 4.5042822e+00 8.7703687e+02 1.0000000e-06
      endloop
   endfacet
   facet normal 7.9335334e-01 6.0876143e-01 0.0000000e+00
      outer loop
         vertex 4.5042822e+00 8.7703687e+02 7.8000010e+00
         vertex 4.5042822e+00 8.7703687e+02 1.0000000e-06
         vertex 3.9019889e+00 8.7782179e+02 7.8000010e+00
      endloop
   endfacet
   facet normal 7.9335334e-01 6.0876143e-01 0.0000000e+00
      outer loop
         vertex 3.9019889e+00 8.7782179e+02 7.8000010e+00
         vertex 4.5042822e+00 8.7703687e+02 1.0000000e-06
         vertex 3.9019889e+00 8.7782179e+02 1.0000000e-06
      endloop
   endfacet
   facet normal 9.2387953e-01 3.8268343e-01 0.0000000e+00
      outer loop
         vertex 3.9019889e+00 8.7782179e+02 7.8000010e+00
         vertex 3.9019889e+00 8.7782179e+02 1.0000000e-06
         vertex 3.5233716e+00 8.7873586e+02 7.8000010e+00
      endloop
   endfacet
   facet normal 9.2387953e-01 3.8268343e-01 0.0000000e+00
      outer loop
         vertex 3.5233716e+00 8.7873586e+02 7.8000010e+00
         vertex 3.9019889e+00 8.7782179e+02 1.0000000e-06
         vertex 3.5233716e+00 8.7873586e+02 1.0000000e-06
      endloop
   endfacet
   facet normal 9.9144486e-01 1.3052619e-01 0.0000000e+00
      outer loop
         vertex 3.5233716e+00 8.7873586e+02 7.8000010e+00
         vertex 3.5233716e+00 8.7873586e+02 1.0000000e-06
         vertex 3.3942323e+00 8.7971677e+02 7.8000010e+00
      endloop
   endfacet
   facet normal 9.9144486e-01 1.3052619e-01 0.0000000e+00
      outer loop
         vertex 3.3942323e+00 8.7971677e+02 7.8000010e+00
         vertex 3.5233716e+00 8.7873586e+02 1.0000000e-06
         vertex 3.3942323e+00 8.7971677e+02 1.0000000e-06
      endloop
   endfacet
   facet normal 9.9144486e-01 -1.3052619e-01 0.0000000e+00
      outer loop
         vertex 3.3942323e+00 8.7971677e+02 7.8000010e+00
         vertex 3.3942323e+00 8.7971677e+02 1.0000000e-06
         vertex 3.5233716e+00 8.8069768e+02 7.8000010e+00
      endloop
   endfacet
   facet normal 9.9144486e-01 -1.3052619e-01 0.0000000e+00
      outer loop
         vertex 3.5233716e+00 8.8069768e+02 7.8000010e+00
         vertex 3.3942323e+00 8.7971677e+02 1.0000000e-06
         vertex 3.5233716e+00 8.8069768e+02 1.0000000e-06
      endloop
   endfacet
   facet normal 9.2387953e-01 -3.8268343e-01 0.0000000e+00
      outer loop
         vertex 3.5233716e+00 8.8069768e+02 7.8000010e+00
         vertex 3.5233716e+00 8.8069768e+02 1.0000000e-06
         vertex 3.9019889e+00 8.8161174e+02 7.8000010e+00
      endloop
   endfacet
   facet normal 9.2387953e-01 -3.8268343e-01 0.0000000e+00
      outer loop
         vertex 3.9019889e+00 8.8161174e+02 7.8000010e+00
         vertex 3.5233716e+00 8.8069768e+02 1.0000000e-06
         vertex 3.9019889e+00 8.8161174e+02 1.0000000e-06
      endloop
   endfacet
   facet normal 7.9335334e-01 -6.0876143e-01 0.0000000e+00
      outer loop
         vertex 3.9019889e+00 8.8161174e+02 7.8000010e+00
         vertex 3.9019889e+00 8.8161174e+02 1.0000000e-06
         vertex 4.5042822e+00 8.8239667e+02 7.8000010e+00
      endloop
   endfacet
   facet normal 7.9335334e-01 -6.0876143e-01 0.0000000e+00
      outer loop
         vertex 4.5042822e+00 8.8239667e+02 7.8000010e+00
         vertex 3.9019889e+00 8.8161174e+02 1.0000000e-06
         vertex 4.5042822e+00 8.8239667e+02 1.0000000e-06
      endloop
   endfacet
   facet normal 6.0876143e-01 -7.9335334e-01 0.0000000e+00
      outer loop
         vertex 4.5042822e+00 8.8239667e+02 7.8000010e+00
         vertex 4.5042822e+00 8.8239667e+02 1.0000000e-06
         vertex 5.2892059e+00 8.8299896e+02 7.8000010e+00
      endloop
   endfacet
   facet normal 6.0876143e-01 -7.9335334e-01 0.0000000e+00
      outer loop
         vertex 5.2892059e+00 8.8299896e+02 7.8000010e+00
         vertex 4.5042822e+00 8.8239667e+02 1.0000000e-06
         vertex 5.2892059e+00 8.8299896e+02 1.0000000e-06
      endloop
   endfacet
   facet normal 3.8268343e-01 -9.2387953e-01 0.0000000e+00
      outer loop
         vertex 5.2892059e+00 8.8299896e+02 7.8000010e+00
         vertex 5.2892059e+00 8.8299896e+02 1.0000000e-06
         vertex 6.2032691e+00 8.8337758e+02 7.8000010e+00
      endloop
   endfacet
   facet normal 3.8268343e-01 -9.2387953e-01 0.0000000e+00
      outer loop
         vertex 6.2032691e+00 8.8337758e+02 7.8000010e+00
         vertex 5.2892059e+00 8.8299896e+02 1.0000000e-06
         vertex 6.2032691e+00 8.8337758e+02 1.0000000e-06
      endloop
   endfacet
   facet normal 1.3052619e-01 -9.9144486e-01 0.0000000e+00
      outer loop
         vertex 6.2032691e+00 8.8337758e+02 7.8000010e+00
         vertex 6.2032691e+00 8.8337758e+02 1.0000000e-06
         vertex 7.1841796e+00 8.8350672e+02 7.8000010e+00
      endloop
   endfacet
   facet normal 1.3052619e-01 -9.9144486e-01 0.0000000e+00
      outer loop
         vertex 7.1841796e+00 8.8350672e+02 7.8000010e+00
         vertex 6.2032691e+00 8.8337758e+02 1.0000000e-06
         vertex 7.1841796e+00 8.8350672e+02 1.0000000e-06
      endloop
   endfacet
   facet normal -1.3052619e-01 -9.9144486e-01 -0.0000000e+00
      outer loop
         vertex 7.1841796e+00 8.8350672e+02 7.8000010e+00
         vertex 7.1841796e+00 8.8350672e+02 1.0000000e-06
         vertex 8.1650901e+00 8.8337758e+02 7.8000010e+00
      endloop
   endfacet
   facet normal -1.3052619e-01 -9.9144486e-01 0.0000000e+00
      outer loop
         vertex 8.1650901e+00 8.8337758e+02 7.8000010e+00
         vertex 7.1841796e+00 8.8350672e+02 1.0000000e-06
         vertex 8.1650901e+00 8.8337758e+02 1.0000000e-06
      endloop
   endfacet
   facet normal -3.8268343e-01 -9.2387953e-01 -0.0000000e+00
      outer loop
         vertex 8.1650901e+00 8.8337758e+02 7.8000010e+00
         vertex 8.1650901e+00 8.8337758e+02 1.0000000e-06
         vertex 9.0791533e+00 8.8299896e+02 7.8000010e+00
      endloop
   endfacet
   facet normal -3.8268343e-01 -9.2387953e-01 0.0000000e+00
      outer loop
         vertex 9.0791533e+00 8.8299896e+02 7.8000010e+00
         vertex 8.1650901e+00 8.8337758e+02 1.0000000e-06
         vertex 9.0791533e+00 8.8299896e+02 1.0000000e-06
      endloop
   endfacet
   facet normal -6.0876143e-01 -7.9335334e-01 -0.0000000e+00
      outer loop
         vertex 9.0791533e+00 8.8299896e+02 7.8000010e+00
         vertex 9.0791533e+00 8.8299896e+02 1.0000000e-06
         vertex 9.8640771e+00 8.8239667e+02 7.8000010e+00
      endloop
   endfacet
   facet normal -6.0876143e-01 -7.9335334e-01 0.0000000e+00
      outer loop
         vertex 9.8640771e+00 8.8239667e+02 7.8000010e+00
         vertex 9.0791533e+00 8.8299896e+02 1.0000000e-06
         vertex 9.8640771e+00 8.8239667e+02 1.0000000e-06
      endloop
   endfacet
   facet normal -7.9335334e-01 -6.0876143e-01 -0.0000000e+00
      outer loop
         vertex 9.8640771e+00 8.8239667e+02 7.8000010e+00
         vertex 9.8640771e+00 8.8239667e+02 1.0000000e-06
         vertex 1.0466370e+01 8.8161174e+02 7.8000010e+00
      endloop
   endfacet
   facet normal -7.9335334e-01 -6.0876143e-01 0.0000000e+00
      outer loop
         vertex 1.0466370e+01 8.8161174e+02 7.8000010e+00
         vertex 9.8640771e+00 8.8239667e+02 1.0000000e-06
         vertex 1.0466370e+01 8.8161174e+02 1.0000000e-06
      endloop
   endfacet
   facet normal -9.2387953e-01 -3.8268343e-01 -0.0000000e+00
      outer loop
         vertex 1.0466370e+01 8.8161174e+02 7.8000010e+00
         vertex 1.0466370e+01 8.8161174e+02 1.0000000e-06
         vertex 1.0844988e+01 8.8069768e+02 7.8000010e+00
      endloop
   endfacet
   facet normal -9.2387953e-01 -3.8268343e-01 0.0000000e+00
      outer loop
         vertex 1.0844988e+01 8.8069768e+02 7.8000010e+00
         vertex 1.0466370e+01 8.8161174e+02 1.0000000e-06
         vertex 1.0844988e+01 8.8069768e+02 1.0000000e-06
      endloop
   endfacet
   facet normal 9.9144486e-01 1.3052619e-01 0.0000000e+00
      outer loop
         vertex 1.7891729e+01 8.7108700e+02 7.8000010e+00
         vertex 1.7891729e+01 8.7108700e+02 1.0000000e-06
         vertex 1.7762589e+01 8.7206791e+02 7.8000010e+00
      endloop
   endfacet
   facet normal 9.9144486e-01 1.3052619e-01 0.0000000e+00
      outer loop
         vertex 1.7762589e+01 8.7206791e+02 7.8000010e+00
         vertex 1.7891729e+01 8.7108700e+02 1.0000000e-06
         vertex 1.7762589e+01 8.7206791e+02 1.0000000e-06
      endloop
   endfacet
   facet normal 9.9144486e-01 -1.3052619e-01 0.0000000e+00
      outer loop
         vertex 1.7762589e+01 8.7206791e+02 7.8000010e+00
         vertex 1.7762589e+01 8.7206791e+02 1.0000000e-06
         vertex 1.7891729e+01 8.7304882e+02 7.8000010e+00
      endloop
   endfacet
   facet normal 9.9144486e-01 -1.3052619e-01 0.0000000e+00
      outer loop
         vertex 1.7891729e+01 8.7304882e+02 7.8000010e+00
         vertex 1.7762589e+01 8.7206791e+02 1.0000000e-06
         vertex 1.7891729e+01 8.7304882e+02 1.0000000e-06
      endloop
   endfacet
   facet normal 9.2387953e-01 -3.8268343e-01 0.0000000e+00
      outer loop
         vertex 1.7891729e+01 8.7304882e+02 7.8000010e+00
         vertex 1.7891729e+01 8.7304882e+02 1.0000000e-06
         vertex 1.8270346e+01 8.7396288e+02 7.8000010e+00
      endloop
   endfacet
   facet normal 9.2387953e-01 -3.8268343e-01 0.0000000e+00
      outer loop
         vertex 1.8270346e+01 8.7396288e+02 7.8000010e+00
         vertex 1.7891729e+01 8.7304882e+02 1.0000000e-06
         vertex 1.8270346e+01 8.7396288e+02 1.0000000e-06
      endloop
   endfacet
   facet normal 7.9335334e-01 -6.0876143e-01 0.0000000e+00
      outer loop
         vertex 1.8270346e+01 8.7396288e+02 7.8000010e+00
         vertex 1.8270346e+01 8.7396288e+02 1.0000000e-06
         vertex 1.8872639e+01 8.7474781e+02 7.8000010e+00
      endloop
   endfacet
   facet normal 7.9335334e-01 -6.0876143e-01 0.0000000e+00
      outer loop
         vertex 1.8872639e+01 8.7474781e+02 7.8000010e+00
         vertex 1.8270346e+01 8.7396288e+02 1.0000000e-06
         vertex 1.8872639e+01 8.7474781e+02 1.0000000e-06
      endloop
   endfacet
   facet normal 6.0876143e-01 -7.9335334e-01 0.0000000e+00
      outer loop
         vertex 1.8872639e+01 8.7474781e+02 7.8000010e+00
         vertex 1.8872639e+01 8.7474781e+02 1.0000000e-06
         vertex 1.9657563e+01 8.7535010e+02 7.8000010e+00
      endloop
   endfacet
   facet normal 6.0876143e-01 -7.9335334e-01 0.0000000e+00
      outer loop
         vertex 1.9657563e+01 8.7535010e+02 7.8000010e+00
         vertex 1.8872639e+01 8.7474781e+02 1.0000000e-06
         vertex 1.9657563e+01 8.7535010e+02 1.0000000e-06
      endloop
   endfacet
   facet normal 3.8268343e-01 -9.2387953e-01 0.0000000e+00
      outer loop
         vertex 1.9657563e+01 8.7535010e+02 7.8000010e+00
         vertex 1.9657563e+01 8.7535010e+02 1.0000000e-06
         vertex 2.0571626e+01 8.7572872e+02 7.8000010e+00
      endloop
   endfacet
   facet normal 3.8268343e-01 -9.2387953e-01 0.0000000e+00
      outer loop
         vertex 2.0571626e+01 8.7572872e+02 7.8000010e+00
         vertex 1.9657563e+01 8.7535010e+02 1.0000000e-06
         vertex 2.0571626e+01 8.7572872e+02 1.0000000e-06
      endloop
   endfacet
   facet normal 1.3052619e-01 -9.9144486e-01 0.0000000e+00
      outer loop
         vertex 2.0571626e+01 8.7572872e+02 7.8000010e+00
         vertex 2.0571626e+01 8.7572872e+02 1.0000000e-06
         vertex 2.1552537e+01 8.7585786e+02 7.8000010e+00
      endloop
   endfacet
   facet normal 1.3052619e-01 -9.9144486e-01 0.0000000e+00
      outer loop
         vertex 2.1552537e+01 8.7585786e+02 7.8000010e+00
         vertex 2.0571626e+01 8.7572872e+02 1.0000000e-06
         vertex 2.1552537e+01 8.7585786e+02 1.0000000e-06
      endloop
   endfacet
   facet normal -1.3052619e-01 -9.9144486e-01 -0.0000000e+00
      outer loop
         vertex 2.1552537e+01 8.7585786e+02 7.8000010e+00
         vertex 2.1552537e+01 8.7585786e+02 1.0000000e-06
         vertex 2.2533447e+01 8.7572872e+02 7.8000010e+00
      endloop
   endfacet
   facet normal -1.3052619e-01 -9.9144486e-01 0.0000000e+00
      outer loop
         vertex 2.2533447e+01 8.7572872e+02 7.8000010e+00
         vertex 2.1552537e+01 8.7585786e+02 1.0000000e-06
         vertex 2.2533447e+01 8.7572872e+02 1.0000000e-06
      endloop
   endfacet
   facet normal -3.8268343e-01 -9.2387953e-01 -0.0000000e+00
      outer loop
         vertex 2.2533447e+01 8.7572872e+02 7.8000010e+00
         vertex 2.2533447e+01 8.7572872e+02 1.0000000e-06
         vertex 2.3447510e+01 8.7535010e+02 7.8000010e+00
      endloop
   endfacet
   facet normal -3.8268343e-01 -9.2387953e-01 0.0000000e+00
      outer loop
         vertex 2.3447510e+01 8.7535010e+02 7.8000010e+00
         vertex 2.2533447e+01 8.7572872e+02 1.0000000e-06
         vertex 2.3447510e+01 8.7535010e+02 1.0000000e-06
      endloop
   endfacet
   facet normal -6.0876143e-01 -7.9335334e-01 -0.0000000e+00
      outer loop
         vertex 2.3447510e+01 8.7535010e+02 7.8000010e+00
         vertex 2.3447510e+01 8.7535010e+02 1.0000000e-06
         vertex 2.4232434e+01 8.7474781e+02 7.8000010e+00
      endloop
   endfacet
   facet normal -6.0876143e-01 -7.9335334e-01 0.0000000e+00
      outer loop
         vertex 2.4232434e+01 8.7474781e+02 7.8000010e+00
         vertex 2.3447510e+01 8.7535010e+02 1.0000000e-06
         vertex 2.4232434e+01 8.7474781e+02 1.0000000e-06
      endloop
   endfacet
   facet normal -7.9335334e-01 -6.0876143e-01 -0.0000000e+00
      outer loop
         vertex 2.4232434e+01 8.7474781e+02 7.8000010e+00
         vertex 2.4232434e+01 8.7474781e+02 1.0000000e-06
         vertex 2.4834727e+01 8.7396288e+02 7.8000010e+00
      endloop
   endfacet
   facet normal -7.9335334e-01 -6.0876143e-01 0.0000000e+00
      outer loop
         vertex 2.4834727e+01 8.7396288e+02 7.8000010e+00
         vertex 2.4232434e+01 8.7474781e+02 1.0000000e-06
         vertex 2.4834727e+01 8.7396288e+02 1.0000000e-06
      endloop
   endfacet
   facet normal -9.2387953e-01 -3.8268343e-01 -0.0000000e+00
      outer loop
         vertex 2.4834727e+01 8.7396288e+02 7.8000010e+00
         vertex 2.4834727e+01 8.7396288e+02 1.0000000e-06
         vertex 2.5213345e+01 8.7304882e+02 7.8000010e+00
      endloop
   endfacet
   facet normal -9.2387953e-01 -3.8268343e-01 0.0000000e+00
      outer loop
         vertex 2.5213345e+01 8.7304882e+02 7.8000010e+00
         vertex 2.4834727e+01 8.7396288e+02 1.0000000e-06
         vertex 2.5213345e+01 8.7304882e+02 1.0000000e-06
      endloop
   endfacet
   facet normal -9.9144486e-01 -1.3052619e-01 -0.0000000e+00
      outer loop
         vertex 2.5213345e+01 8.7304882e+02 7.8000010e+00
         vertex 2.5213345e+01 8.7304882e+02 1.0000000e-06
         vertex 2.5342484e+01 8.7206791e+02 7.8000010e+00
      endloop
   endfacet
   facet normal -9.9144486e-01 -1.3052619e-01 0.0000000e+00
      outer loop
         vertex 2.5342484e+01 8.7206791e+02 7.8000010e+00
         vertex 2.5213345e+01 8.7304882e+02 1.0000000e-06
         vertex 2.5342484e+01 8.7206791e+02 1.0000000e-06
      endloop
   endfacet
   facet normal -9.9144486e-01 1.3052619e-01 0.0000000e+00
      outer loop
         vertex 2.5342484e+01 8.7206791e+02 7.8000010e+00
         vertex 2.5342484e+01 8.7206791e+02 1.0000000e-06
         vertex 2.5213345e+01 8.7108700e+02 7.8000010e+00
      endloop
   endfacet
   facet normal -9.9144486e-01 1.3052619e-01 0.0000000e+00
      outer loop
         vertex 2.5213345e+01 8.7108700e+02 7.8000010e+00
         vertex 2.5342484e+01 8.7206791e+02 1.0000000e-06
         vertex 2.5213345e+01 8.7108700e+02 1.0000000e-06
      endloop
   endfacet
   facet normal -9.2387953e-01 3.8268343e-01 0.0000000e+00
      outer loop
         vertex 2.5213345e+01 8.7108700e+02 7.8000010e+00
         vertex 2.5213345e+01 8.7108700e+02 1.0000000e-06
         vertex 2.4834727e+01 8.7017294e+02 7.8000010e+00
      endloop
   endfacet
   facet normal -9.2387953e-01 3.8268343e-01 0.0000000e+00
      outer loop
         vertex 2.4834727e+01 8.7017294e+02 7.8000010e+00
         vertex 2.5213345e+01 8.7108700e+02 1.0000000e-06
         vertex 2.4834727e+01 8.7017294e+02 1.0000000e-06
      endloop
   endfacet
   facet normal -7.9335334e-01 6.0876143e-01 0.0000000e+00
      outer loop
         vertex 2.4834727e+01 8.7017294e+02 7.8000010e+00
         vertex 2.4834727e+01 8.7017294e+02 1.0000000e-06
         vertex 2.4232434e+01 8.6938801e+02 7.8000010e+00
      endloop
   endfacet
   facet normal -7.9335334e-01 6.0876143e-01 0.0000000e+00
      outer loop
         vertex 2.4232434e+01 8.6938801e+02 7.8000010e+00
         vertex 2.4834727e+01 8.7017294e+02 1.0000000e-06
         vertex 2.4232434e+01 8.6938801e+02 1.0000000e-06
      endloop
   endfacet
   facet normal -6.0876143e-01 7.9335334e-01 0.0000000e+00
      outer loop
         vertex 2.4232434e+01 8.6938801e+02 7.8000010e+00
         vertex 2.4232434e+01 8.6938801e+02 1.0000000e-06
         vertex 2.3447510e+01 8.6878572e+02 7.8000010e+00
      endloop
   endfacet
   facet normal -6.0876143e-01 7.9335334e-01 0.0000000e+00
      outer loop
         vertex 2.3447510e+01 8.6878572e+02 7.8000010e+00
         vertex 2.4232434e+01 8.6938801e+02 1.0000000e-06
         vertex 2.3447510e+01 8.6878572e+02 1.0000000e-06
      endloop
   endfacet
   facet normal -3.8268343e-01 9.2387953e-01 0.0000000e+00
      outer loop
         vertex 2.3447510e+01 8.6878572e+02 7.8000010e+00
         vertex 2.3447510e+01 8.6878572e+02 1.0000000e-06
         vertex 2.2533447e+01 8.6840710e+02 7.8000010e+00
      endloop
   endfacet
   facet normal -3.8268343e-01 9.2387953e-01 0.0000000e+00
      outer loop
         vertex 2.2533447e+01 8.6840710e+02 7.8000010e+00
         vertex 2.3447510e+01 8.6878572e+02 1.0000000e-06
         vertex 2.2533447e+01 8.6840710e+02 1.0000000e-06
      endloop
   endfacet
   facet normal -1.3052619e-01 9.9144486e-01 0.0000000e+00
      outer loop
         vertex 2.2533447e+01 8.6840710e+02 7.8000010e+00
         vertex 2.2533447e+01 8.6840710e+02 1.0000000e-06
         vertex 2.1552537e+01 8.6827796e+02 7.8000010e+00
      endloop
   endfacet
   facet normal -1.3052619e-01 9.9144486e-01 0.0000000e+00
      outer loop
         vertex 2.1552537e+01 8.6827796e+02 7.8000010e+00
         vertex 2.2533447e+01 8.6840710e+02 1.0000000e-06
         vertex 2.1552537e+01 8.6827796e+02 1.0000000e-06
      endloop
   endfacet
   facet normal 1.3052619e-01 9.9144486e-01 0.0000000e+00
      outer loop
         vertex 2.1552537e+01 8.6827796e+02 7.8000010e+00
         vertex 2.1552537e+01 8.6827796e+02 1.0000000e-06
         vertex 2.0571626e+01 8.6840710e+02 7.8000010e+00
      endloop
   endfacet
   facet normal 1.3052619e-01 9.9144486e-01 0.0000000e+00
      outer loop
         vertex 2.0571626e+01 8.6840710e+02 7.8000010e+00
         vertex 2.1552537e+01 8.6827796e+02 1.0000000e-06
         vertex 2.0571626e+01 8.6840710e+02 1.0000000e-06
      endloop
   endfacet
   facet normal 3.8268343e-01 9.2387953e-01 0.0000000e+00
      outer loop
         vertex 2.0571626e+01 8.6840710e+02 7.8000010e+00
         vertex 2.0571626e+01 8.6840710e+02 1.0000000e-06
         vertex 1.9657563e+01 8.6878572e+02 7.8000010e+00
      endloop
   endfacet
   facet normal 3.8268343e-01 9.2387953e-01 0.0000000e+00
      outer loop
         vertex 1.9657563e+01 8.6878572e+02 7.8000010e+00
         vertex 2.0571626e+01 8.6840710e+02 1.0000000e-06
         vertex 1.9657563e+01 8.6878572e+02 1.0000000e-06
      endloop
   endfacet
   facet normal 6.0876143e-01 7.9335334e-01 0.0000000e+00
      outer loop
         vertex 1.9657563e+01 8.6878572e+02 7.8000010e+00
         vertex 1.9657563e+01 8.6878572e+02 1.0000000e-06
         vertex 1.8872639e+01 8.6938801e+02 7.8000010e+00
      endloop
   endfacet
   facet normal 6.0876143e-01 7.9335334e-01 0.0000000e+00
      outer loop
         vertex 1.8872639e+01 8.6938801e+02 7.8000010e+00
         vertex 1.9657563e+01 8.6878572e+02 1.0000000e-06
         vertex 1.8872639e+01 8.6938801e+02 1.0000000e-06
      endloop
   endfacet
   facet normal 7.9335334e-01 6.0876143e-01 0.0000000e+00
      outer loop
         vertex 1.8872639e+01 8.6938801e+02 7.8000010e+00
         vertex 1.8872639e+01 8.6938801e+02 1.0000000e-06
         vertex 1.8270346e+01 8.7017294e+02 7.8000010e+00
      endloop
   endfacet
   facet normal 7.9335334e-01 6.0876143e-01 0.0000000e+00
      outer loop
         vertex 1.8270346e+01 8.7017294e+02 7.8000010e+00
         vertex 1.8872639e+01 8.6938801e+02 1.0000000e-06
         vertex 1.8270346e+01 8.7017294e+02 1.0000000e-06
      endloop
   endfacet
   facet normal 9.2387953e-01 3.8268343e-01 0.0000000e+00
      outer loop
         vertex 1.8270346e+01 8.7017294e+02 7.8000010e+00
         vertex 1.8270346e+01 8.7017294e+02 1.0000000e-06
         vertex 1.7891729e+01 8.7108700e+02 7.8000010e+00
      endloop
   endfacet
   facet normal 9.2387953e-01 3.8268343e-01 0.0000000e+00
      outer loop
         vertex 1.7891729e+01 8.7108700e+02 7.8000010e+00
         vertex 1.8270346e+01 8.7017294e+02 1.0000000e-06
         vertex 1.7891729e+01 8.7108700e+02 1.0000000e-06
      endloop
   endfacet
   facet normal -9.9144486e-01 -1.3052619e-01 -0.0000000e+00
      outer loop
         vertex 2.5213345e+01 8.8834653e+02 7.8000010e+00
         vertex 2.5213345e+01 8.8834653e+02 1.0000000e-06
         vertex 2.5342484e+01 8.8736562e+02 7.8000010e+00
      endloop
   endfacet
   facet normal -9.9144486e-01 -1.3052619e-01 0.0000000e+00
      outer loop
         vertex 2.5342484e+01 8.8736562e+02 7.8000010e+00
         vertex 2.5213345e+01 8.8834653e+02 1.0000000e-06
         vertex 2.5342484e+01 8.8736562e+02 1.0000000e-06
      endloop
   endfacet
   facet normal -9.9144486e-01 1.3052619e-01 0.0000000e+00
      outer loop
         vertex 2.5342484e+01 8.8736562e+02 7.8000010e+00
         vertex 2.5342484e+01 8.8736562e+02 1.0000000e-06
         vertex 2.5213345e+01 8.8638471e+02 7.8000010e+00
      endloop
   endfacet
   facet normal -9.9144486e-01 1.3052619e-01 0.0000000e+00
      outer loop
         vertex 2.5213345e+01 8.8638471e+02 7.8000010e+00
         vertex 2.5342484e+01 8.8736562e+02 1.0000000e-06
         vertex 2.5213345e+01 8.8638471e+02 1.0000000e-06
      endloop
   endfacet
   facet normal -9.2387953e-01 3.8268343e-01 0.0000000e+00
      outer loop
         vertex 2.5213345e+01 8.8638471e+02 7.8000010e+00
         vertex 2.5213345e+01 8.8638471e+02 1.0000000e-06
         vertex 2.4834727e+01 8.8547065e+02 7.8000010e+00
      endloop
   endfacet
   facet normal -9.2387953e-01 3.8268343e-01 0.0000000e+00
      outer loop
         vertex 2.4834727e+01 8.8547065e+02 7.8000010e+00
         vertex 2.5213345e+01 8.8638471e+02 1.0000000e-06
         vertex 2.4834727e+01 8.8547065e+02 1.0000000e-06
      endloop
   endfacet
   facet normal -7.9335334e-01 6.0876143e-01 0.0000000e+00
      outer loop
         vertex 2.4834727e+01 8.8547065e+02 7.8000010e+00
         vertex 2.4834727e+01 8.8547065e+02 1.0000000e-06
         vertex 2.4232434e+01 8.8468573e+02 7.8000010e+00
      endloop
   endfacet
   facet normal -7.9335334e-01 6.0876143e-01 0.0000000e+00
      outer loop
         vertex 2.4232434e+01 8.8468573e+02 7.8000010e+00
         vertex 2.4834727e+01 8.8547065e+02 1.0000000e-06
         vertex 2.4232434e+01 8.8468573e+02 1.0000000e-06
      endloop
   endfacet
   facet normal -6.0876143e-01 7.9335334e-01 0.0000000e+00
      outer loop
         vertex 2.4232434e+01 8.8468573e+02 7.8000010e+00
         vertex 2.4232434e+01 8.8468573e+02 1.0000000e-06
         vertex 2.3447510e+01 8.8408343e+02 7.8000010e+00
      endloop
   endfacet
   facet normal -6.0876143e-01 7.9335334e-01 0.0000000e+00
      outer loop
         vertex 2.3447510e+01 8.8408343e+02 7.8000010e+00
         vertex 2.4232434e+01 8.8468573e+02 1.0000000e-06
         vertex 2.3447510e+01 8.8408343e+02 1.0000000e-06
      endloop
   endfacet
   facet normal -3.8268343e-01 9.2387953e-01 0.0000000e+00
      outer loop
         vertex 2.3447510e+01 8.8408343e+02 7.8000010e+00
         vertex 2.3447510e+01 8.8408343e+02 1.0000000e-06
         vertex 2.2533447e+01 8.8370482e+02 7.8000010e+00
      endloop
   endfacet
   facet normal -3.8268343e-01 9.2387953e-01 0.0000000e+00
      outer loop
         vertex 2.2533447e+01 8.8370482e+02 7.8000010e+00
         vertex 2.3447510e+01 8.8408343e+02 1.0000000e-06
         vertex 2.2533447e+01 8.8370482e+02 1.0000000e-06
      endloop
   endfacet
   facet normal -1.3052619e-01 9.9144486e-01 0.0000000e+00
      outer loop
         vertex 2.2533447e+01 8.8370482e+02 7.8000010e+00
         vertex 2.2533447e+01 8.8370482e+02 1.0000000e-06
         vertex 2.1552537e+01 8.8357568e+02 7.8000010e+00
      endloop
   endfacet
   facet normal -1.3052619e-01 9.9144486e-01 0.0000000e+00
      outer loop
         vertex 2.1552537e+01 8.8357568e+02 7.8000010e+00
         vertex 2.2533447e+01 8.8370482e+02 1.0000000e-06
         vertex 2.1552537e+01 8.8357568e+02 1.0000000e-06
      endloop
   endfacet
   facet normal 1.3052619e-01 9.9144486e-01 0.0000000e+00
      outer loop
         vertex 2.1552537e+01 8.8357568e+02 7.8000010e+00
         vertex 2.1552537e+01 8.8357568e+02 1.0000000e-06
         vertex 2.0571626e+01 8.8370482e+02 7.8000010e+00
      endloop
   endfacet
   facet normal 1.3052619e-01 9.9144486e-01 0.0000000e+00
      outer loop
         vertex 2.0571626e+01 8.8370482e+02 7.8000010e+00
         vertex 2.1552537e+01 8.8357568e+02 1.0000000e-06
         vertex 2.0571626e+01 8.8370482e+02 1.0000000e-06
      endloop
   endfacet
   facet normal 3.8268343e-01 9.2387953e-01 0.0000000e+00
      outer loop
         vertex 2.0571626e+01 8.8370482e+02 7.8000010e+00
         vertex 2.0571626e+01 8.8370482e+02 1.0000000e-06
         vertex 1.9657563e+01 8.8408343e+02 7.8000010e+00
      endloop
   endfacet
   facet normal 3.8268343e-01 9.2387953e-01 0.0000000e+00
      outer loop
         vertex 1.9657563e+01 8.8408343e+02 7.8000010e+00
         vertex 2.0571626e+01 8.8370482e+02 1.0000000e-06
         vertex 1.9657563e+01 8.8408343e+02 1.0000000e-06
      endloop
   endfacet
   facet normal 6.0876143e-01 7.9335334e-01 0.0000000e+00
      outer loop
         vertex 1.9657563e+01 8.8408343e+02 7.8000010e+00
         vertex 1.9657563e+01 8.8408343e+02 1.0000000e-06
         vertex 1.8872639e+01 8.8468573e+02 7.8000010e+00
      endloop
   endfacet
   facet normal 6.0876143e-01 7.9335334e-01 0.0000000e+00
      outer loop
         vertex 1.8872639e+01 8.8468573e+02 7.8000010e+00
         vertex 1.9657563e+01 8.8408343e+02 1.0000000e-06
         vertex 1.8872639e+01 8.8468573e+02 1.0000000e-06
      endloop
   endfacet
   facet normal 7.9335334e-01 6.0876143e-01 0.0000000e+00
      outer loop
         vertex 1.8872639e+01 8.8468573e+02 7.8000010e+00
         vertex 1.8872639e+01 8.8468573e+02 1.0000000e-06
         vertex 1.8270346e+01 8.8547065e+02 7.8000010e+00
      endloop
   endfacet
   facet normal 7.9335334e-01 6.0876143e-01 0.0000000e+00
      outer loop
         vertex 1.8270346e+01 8.8547065e+02 7.8000010e+00
         vertex 1.8872639e+01 8.8468573e+02 1.0000000e-06
         vertex 1.8270346e+01 8.8547065e+02 1.0000000e-06
      endloop
   endfacet
   facet normal 9.2387953e-01 3.8268343e-01 0.0000000e+00
      outer loop
         vertex 1.8270346e+01 8.8547065e+02 7.8000010e+00
         vertex 1.8270346e+01 8.8547065e+02 1.0000000e-06
         vertex 1.7891729e+01 8.8638471e+02 7.8000010e+00
      endloop
   endfacet
   facet normal 9.2387953e-01 3.8268343e-01 0.0000000e+00
      outer loop
         vertex 1.7891729e+01 8.8638471e+02 7.8000010e+00
         vertex 1.8270346e+01 8.8547065e+02 1.0000000e-06
         vertex 1.7891729e+01 8.8638471e+02 1.0000000e-06
      endloop
   endfacet
   facet normal 9.9144486e-01 1.3052619e-01 0.0000000e+00
      outer loop
         vertex 1.7891729e+01 8.8638471e+02 7.8000010e+00
         vertex 1.7891729e+01 8.8638471e+02 1.0000000e-06
         vertex 1.7762589e+01 8.8736562e+02 7.8000010e+00
      endloop
   endfacet
   facet normal 9.9144486e-01 1.3052619e-01 0.0000000e+00
      outer loop
         vertex 1.7762589e+01 8.8736562e+02 7.8000010e+00
         vertex 1.7891729e+01 8.8638471e+02 1.0000000e-06
         vertex 1.7762589e+01 8.8736562e+02 1.0000000e-06
      endloop
   endfacet
   facet normal 9.9144486e-01 -1.3052619e-01 0.0000000e+00
      outer loop
         vertex 1.7762589e+01 8.8736562e+02 7.8000010e+00
         vertex 1.7762589e+01 8.8736562e+02 1.0000000e-06
         vertex 1.7891729e+01 8.8834653e+02 7.8000010e+00
      endloop
   endfacet
   facet normal 9.9144486e-01 -1.3052619e-01 0.0000000e+00
      outer loop
         vertex 1.7891729e+01 8.8834653e+02 7.8000010e+00
         vertex 1.7762589e+01 8.8736562e+02 1.0000000e-06
         vertex 1.7891729e+01 8.8834653e+02 1.0000000e-06
      endloop
   endfacet
   facet normal 9.2387953e-01 -3.8268343e-01 0.0000000e+00
      outer loop
         vertex 1.7891729e+01 8.8834653e+02 7.8000010e+00
         vertex 1.7891729e+01 8.8834653e+02 1.0000000e-06
         vertex 1.8270346e+01 8.8926060e+02 7.8000010e+00
      endloop
   endfacet
   facet normal 9.2387953e-01 -3.8268343e-01 0.0000000e+00
      outer loop
         vertex 1.8270346e+01 8.8926060e+02 7.8000010e+00
         vertex 1.7891729e+01 8.8834653e+02 1.0000000e-06
         vertex 1.8270346e+01 8.8926060e+02 1.0000000e-06
      endloop
   endfacet
   facet normal 7.9335334e-01 -6.0876143e-01 0.0000000e+00
      outer loop
         vertex 1.8270346e+01 8.8926060e+02 7.8000010e+00
         vertex 1.8270346e+01 8.8926060e+02 1.0000000e-06
         vertex 1.8872639e+01 8.9004552e+02 7.8000010e+00
      endloop
   endfacet
   facet normal 7.9335334e-01 -6.0876143e-01 0.0000000e+00
      outer loop
         vertex 1.8872639e+01 8.9004552e+02 7.8000010e+00
         vertex 1.8270346e+01 8.8926060e+02 1.0000000e-06
         vertex 1.8872639e+01 8.9004552e+02 1.0000000e-06
      endloop
   endfacet
   facet normal 6.0876143e-01 -7.9335334e-01 0.0000000e+00
      outer loop
         vertex 1.8872639e+01 8.9004552e+02 7.8000010e+00
         vertex 1.8872639e+01 8.9004552e+02 1.0000000e-06
         vertex 1.9657563e+01 8.9064782e+02 7.8000010e+00
      endloop
   endfacet
   facet normal 6.0876143e-01 -7.9335334e-01 0.0000000e+00
      outer loop
         vertex 1.9657563e+01 8.9064782e+02 7.8000010e+00
         vertex 1.8872639e+01 8.9004552e+02 1.0000000e-06
         vertex 1.9657563e+01 8.9064782e+02 1.0000000e-06
      endloop
   endfacet
   facet normal 3.8268343e-01 -9.2387953e-01 0.0000000e+00
      outer loop
         vertex 1.9657563e+01 8.9064782e+02 7.8000010e+00
         vertex 1.9657563e+01 8.9064782e+02 1.0000000e-06
         vertex 2.0571626e+01 8.9102643e+02 7.8000010e+00
      endloop
   endfacet
   facet normal 3.8268343e-01 -9.2387953e-01 0.0000000e+00
      outer loop
         vertex 2.0571626e+01 8.9102643e+02 7.8000010e+00
         vertex 1.9657563e+01 8.9064782e+02 1.0000000e-06
         vertex 2.0571626e+01 8.9102643e+02 1.0000000e-06
      endloop
   endfacet
   facet normal 1.3052619e-01 -9.9144486e-01 0.0000000e+00
      outer loop
         vertex 2.0571626e+01 8.9102643e+02 7.8000010e+00
         vertex 2.0571626e+01 8.9102643e+02 1.0000000e-06
         vertex 2.1552537e+01 8.9115557e+02 7.8000010e+00
      endloop
   endfacet
   facet normal 1.3052619e-01 -9.9144486e-01 0.0000000e+00
      outer loop
         vertex 2.1552537e+01 8.9115557e+02 7.8000010e+00
         vertex 2.0571626e+01 8.9102643e+02 1.0000000e-06
         vertex 2.1552537e+01 8.9115557e+02 1.0000000e-06
      endloop
   endfacet
   facet normal -1.3052619e-01 -9.9144486e-01 -0.0000000e+00
      outer loop
         vertex 2.1552537e+01 8.9115557e+02 7.8000010e+00
         vertex 2.1552537e+01 8.9115557e+02 1.0000000e-06
         vertex 2.2533447e+01 8.9102643e+02 7.8000010e+00
      endloop
   endfacet
   facet normal -1.3052619e-01 -9.9144486e-01 0.0000000e+00
      outer loop
         vertex 2.2533447e+01 8.9102643e+02 7.8000010e+00
         vertex 2.1552537e+01 8.9115557e+02 1.0000000e-06
         vertex 2.2533447e+01 8.9102643e+02 1.0000000e-06
      endloop
   endfacet
   facet normal -3.8268343e-01 -9.2387953e-01 -0.0000000e+00
      outer loop
         vertex 2.2533447e+01 8.9102643e+02 7.8000010e+00
         vertex 2.2533447e+01 8.9102643e+02 1.0000000e-06
         vertex 2.3447510e+01 8.9064782e+02 7.8000010e+00
      endloop
   endfacet
   facet normal -3.8268343e-01 -9.2387953e-01 0.0000000e+00
      outer loop
         vertex 2.3447510e+01 8.9064782e+02 7.8000010e+00
         vertex 2.2533447e+01 8.9102643e+02 1.0000000e-06
         vertex 2.3447510e+01 8.9064782e+02 1.0000000e-06
      endloop
   endfacet
   facet normal -6.0876143e-01 -7.9335334e-01 -0.0000000e+00
      outer loop
         vertex 2.3447510e+01 8.9064782e+02 7.8000010e+00
         vertex 2.3447510e+01 8.9064782e+02 1.0000000e-06
         vertex 2.4232434e+01 8.9004552e+02 7.8000010e+00
      endloop
   endfacet
   facet normal -6.0876143e-01 -7.9335334e-01 0.0000000e+00
      outer loop
         vertex 2.4232434e+01 8.9004552e+02 7.8000010e+00
         vertex 2.3447510e+01 8.9064782e+02 1.0000000e-06
         vertex 2.4232434e+01 8.9004552e+02 1.0000000e-06
      endloop
   endfacet
   facet normal -7.9335334e-01 -6.0876143e-01 -0.0000000e+00
      outer loop
         vertex 2.4232434e+01 8.9004552e+02 7.8000010e+00
         vertex 2.4232434e+01 8.9004552e+02 1.0000000e-06
         vertex 2.4834727e+01 8.8926060e+02 7.8000010e+00
      endloop
   endfacet
   facet normal -7.9335334e-01 -6.0876143e-01 0.0000000e+00
      outer loop
         vertex 2.4834727e+01 8.8926060e+02 7.8000010e+00
         vertex 2.4232434e+01 8.9004552e+02 1.0000000e-06
         vertex 2.4834727e+01 8.8926060e+02 1.0000000e-06
      endloop
   endfacet
   facet normal -9.2387953e-01 -3.8268343e-01 -0.0000000e+00
      outer loop
         vertex 2.4834727e+01 8.8926060e+02 7.8000010e+00
         vertex 2.4834727e+01 8.8926060e+02 1.0000000e-06
         vertex 2.5213345e+01 8.8834653e+02 7.8000010e+00
      endloop
   endfacet
   facet normal -9.2387953e-01 -3.8268343e-01 0.0000000e+00
      outer loop
         vertex 2.5213345e+01 8.8834653e+02 7.8000010e+00
         vertex 2.4834727e+01 8.8926060e+02 1.0000000e-06
         vertex 2.5213345e+01 8.8834653e+02 1.0000000e-06
      endloop
   endfacet
   facet normal 1.6084611e-01 -9.8697950e-01 0.0000000e+00
      outer loop
         vertex 3.3579926e+01 8.5861221e+02 7.8000010e+00
         vertex 3.3579926e+01 8.5861221e+02 1.0000000e-06
         vertex 3.3854427e+01 8.5865695e+02 7.8000010e+00
      endloop
   endfacet
   facet normal 1.6084611e-01 -9.8697950e-01 0.0000000e+00
      outer loop
         vertex 3.3854427e+01 8.5865695e+02 7.8000010e+00
         vertex 3.3579926e+01 8.5861221e+02 1.0000000e-06
         vertex 3.3854427e+01 8.5865695e+02 1.0000000e-06
      endloop
   endfacet
   facet normal 1.6037979e-01 -9.8705538e-01 0.0000000e+00
      outer loop
         vertex 3.3854427e+01 8.5865695e+02 7.8000010e+00
         vertex 3.3854427e+01 8.5865695e+02 1.0000000e-06
         vertex 3.4128950e+01 8.5870155e+02 7.8000010e+00
      endloop
   endfacet
   facet normal 1.6037979e-01 -9.8705538e-01 0.0000000e+00
      outer loop
         vertex 3.4128950e+01 8.5870155e+02 7.8000010e+00
         vertex 3.3854427e+01 8.5865695e+02 1.0000000e-06
         vertex 3.4128950e+01 8.5870155e+02 1.0000000e-06
      endloop
   endfacet
   facet normal 1.5991344e-01 -9.8713104e-01 0.0000000e+00
      outer loop
         vertex 3.4128950e+01 8.5870155e+02 7.8000010e+00
         vertex 3.4128950e+01 8.5870155e+02 1.0000000e-06
         vertex 3.4403494e+01 8.5874603e+02 6.4930010e+00
      endloop
   endfacet
   facet normal 1.5991344e-01 -9.8713104e-01 0.0000000e+00
      outer loop
         vertex 3.4403494e+01 8.5874603e+02 6.4930010e+00
         vertex 3.4128950e+01 8.5870155e+02 1.0000000e-06
         vertex 3.4403494e+01 8.5874603e+02 1.0000000e-06
      endloop
   endfacet
   facet normal 1.5991344e-01 -9.8713104e-01 0.0000000e+00
      outer loop
         vertex 3.4403494e+01 8.5874603e+02 6.4930010e+00
         vertex 3.4403494e+01 8.5874603e+02 7.8000010e+00
         vertex 3.4128950e+01 8.5870155e+02 7.8000010e+00
      endloop
   endfacet
   facet normal -8.6957746e-01 -4.9379655e-01 -0.0000000e+00
      outer loop
         vertex 2.8342646e+01 8.6148397e+02 7.8000010e+00
         vertex 2.8342646e+01 8.6148397e+02 1.0000000e-06
         vertex 2.8871128e+01 8.6055330e+02 7.8000010e+00
      endloop
   endfacet
   facet normal -8.6957746e-01 -4.9379655e-01 0.0000000e+00
      outer loop
         vertex 2.8871128e+01 8.6055330e+02 7.8000010e+00
         vertex 2.8342646e+01 8.6148397e+02 1.0000000e-06
         vertex 2.8871128e+01 8.6055330e+02 1.0000000e-06
      endloop
   endfacet
   facet normal -7.4010833e-01 -6.7248767e-01 -0.0000000e+00
      outer loop
         vertex 2.8871128e+01 8.6055330e+02 7.8000010e+00
         vertex 2.8871128e+01 8.6055330e+02 1.0000000e-06
         vertex 2.9590855e+01 8.5976121e+02 1.0000000e-06
      endloop
   endfacet
   facet normal -7.4010833e-01 -6.7248767e-01 0.0000000e+00
      outer loop
         vertex 2.8871128e+01 8.6055330e+02 7.8000010e+00
         vertex 2.9590855e+01 8.5976121e+02 1.0000000e-06
         vertex 2.9590855e+01 8.5976121e+02 7.8000010e+00
      endloop
   endfacet
   facet normal -5.7460126e-01 -8.1843350e-01 -0.0000000e+00
      outer loop
         vertex 2.9590855e+01 8.5976121e+02 7.8000010e+00
         vertex 2.9590855e+01 8.5976121e+02 1.0000000e-06
         vertex 3.0466778e+01 8.5914624e+02 1.0000000e-06
      endloop
   endfacet
   facet normal -5.7460126e-01 -8.1843350e-01 0.0000000e+00
      outer loop
         vertex 2.9590855e+01 8.5976121e+02 7.8000010e+00
         vertex 3.0466778e+01 8.5914624e+02 1.0000000e-06
         vertex 3.0466778e+01 8.5914624e+02 7.8000010e+00
      endloop
   endfacet
   facet normal -3.8111527e-01 -9.2452753e-01 -0.0000000e+00
      outer loop
         vertex 3.0466778e+01 8.5914624e+02 7.8000010e+00
         vertex 3.0466778e+01 8.5914624e+02 1.0000000e-06
         vertex 3.1456249e+01 8.5873836e+02 1.0000000e-06
      endloop
   endfacet
   facet normal -3.8111527e-01 -9.2452753e-01 0.0000000e+00
      outer loop
         vertex 3.0466778e+01 8.5914624e+02 7.8000010e+00
         vertex 3.1456249e+01 8.5873836e+02 1.0000000e-06
         vertex 3.1456249e+01 8.5873836e+02 7.8000010e+00
      endloop
   endfacet
   facet normal -1.6907171e-01 -9.8560375e-01 -0.0000000e+00
      outer loop
         vertex 3.1456249e+01 8.5873836e+02 7.8000010e+00
         vertex 3.1456249e+01 8.5873836e+02 1.0000000e-06
         vertex 3.2511085e+01 8.5855741e+02 1.0000000e-06
      endloop
   endfacet
   facet normal -1.6907171e-01 -9.8560375e-01 0.0000000e+00
      outer loop
         vertex 3.1456249e+01 8.5873836e+02 7.8000010e+00
         vertex 3.2511085e+01 8.5855741e+02 1.0000000e-06
         vertex 3.2511085e+01 8.5855741e+02 7.8000010e+00
      endloop
   endfacet
   facet normal 5.1204409e-02 -9.9868819e-01 0.0000000e+00
      outer loop
         vertex 3.2511085e+01 8.5855741e+02 7.8000010e+00
         vertex 3.2511085e+01 8.5855741e+02 1.0000000e-06
         vertex 3.3579926e+01 8.5861221e+02 7.8000010e+00
      endloop
   endfacet
   facet normal 5.1204409e-02 -9.9868819e-01 0.0000000e+00
      outer loop
         vertex 3.3579926e+01 8.5861221e+02 7.8000010e+00
         vertex 3.2511085e+01 8.5855741e+02 1.0000000e-06
         vertex 3.3579926e+01 8.5861221e+02 1.0000000e-06
      endloop
   endfacet
   facet normal -1.1622704e-01 -9.9322267e-01 -0.0000000e+00
      outer loop
         vertex 2.3886616e+01 8.6441905e+02 7.8000010e+00
         vertex 2.3886616e+01 8.6441905e+02 1.0000000e-06
         vertex 2.5006400e+01 8.6428802e+02 7.8000010e+00
      endloop
   endfacet
   facet normal -1.1622704e-01 -9.9322267e-01 0.0000000e+00
      outer loop
         vertex 2.5006400e+01 8.6428802e+02 7.8000010e+00
         vertex 2.3886616e+01 8.6441905e+02 1.0000000e-06
         vertex 2.5006400e+01 8.6428802e+02 1.0000000e-06
      endloop
   endfacet
   facet normal -3.4240081e-01 -9.3955398e-01 -0.0000000e+00
      outer loop
         vertex 2.5006400e+01 8.6428802e+02 7.8000010e+00
         vertex 2.5006400e+01 8.6428802e+02 1.0000000e-06
         vertex 2.6065677e+01 8.6390199e+02 7.8000010e+00
      endloop
   endfacet
   facet normal -3.4240081e-01 -9.3955398e-01 0.0000000e+00
      outer loop
         vertex 2.6065677e+01 8.6390199e+02 7.8000010e+00
         vertex 2.5006400e+01 8.6428802e+02 1.0000000e-06
         vertex 2.6065677e+01 8.6390199e+02 1.0000000e-06
      endloop
   endfacet
   facet normal -5.5007299e-01 -8.3511658e-01 -0.0000000e+00
      outer loop
         vertex 2.6065677e+01 8.6390199e+02 7.8000010e+00
         vertex 2.6065677e+01 8.6390199e+02 1.0000000e-06
         vertex 2.7007209e+01 8.6328182e+02 7.8000010e+00
      endloop
   endfacet
   facet normal -5.5007299e-01 -8.3511658e-01 0.0000000e+00
      outer loop
         vertex 2.7007209e+01 8.6328182e+02 7.8000010e+00
         vertex 2.6065677e+01 8.6390199e+02 1.0000000e-06
         vertex 2.7007209e+01 8.6328182e+02 1.0000000e-06
      endloop
   endfacet
   facet normal -7.2802202e-01 -6.8555374e-01 -0.0000000e+00
      outer loop
         vertex 2.7007209e+01 8.6328182e+02 7.8000010e+00
         vertex 2.7007209e+01 8.6328182e+02 1.0000000e-06
         vertex 2.7780120e+01 8.6246103e+02 7.8000010e+00
      endloop
   endfacet
   facet normal -7.2802202e-01 -6.8555374e-01 0.0000000e+00
      outer loop
         vertex 2.7780120e+01 8.6246103e+02 7.8000010e+00
         vertex 2.7007209e+01 8.6328182e+02 1.0000000e-06
         vertex 2.7780120e+01 8.6246103e+02 1.0000000e-06
      endloop
   endfacet
   facet normal -8.6663246e-01 -4.9894707e-01 -0.0000000e+00
      outer loop
         vertex 2.7780120e+01 8.6246103e+02 7.8000010e+00
         vertex 2.7780120e+01 8.6246103e+02 1.0000000e-06
         vertex 2.8342646e+01 8.6148397e+02 7.8000010e+00
      endloop
   endfacet
   facet normal -8.6663246e-01 -4.9894707e-01 0.0000000e+00
      outer loop
         vertex 2.8342646e+01 8.6148397e+02 7.8000010e+00
         vertex 2.7780120e+01 8.6246103e+02 1.0000000e-06
         vertex 2.8342646e+01 8.6148397e+02 1.0000000e-06
      endloop
   endfacet
   facet normal 0.0000000e+00 -1.0000000e+00 0.0000000e+00
      outer loop
         vertex 1.9218458e+01 8.6441905e+02 1.0000000e-06
         vertex 2.3886616e+01 8.6441905e+02 1.0000000e-06
         vertex 1.9218458e+01 8.6441905e+02 7.8000010e+00
      endloop
   endfacet
   facet normal 0.0000000e+00 -1.0000000e+00 0.0000000e+00
      outer loop
         vertex 1.9218458e+01 8.6441905e+02 7.8000010e+00
         vertex 2.3886616e+01 8.6441905e+02 1.0000000e-06
         vertex 2.3886616e+01 8.6441905e+02 7.8000010e+00
      endloop
   endfacet
   facet normal -9.4725859e-01 -3.2047022e-01 -0.0000000e+00
      outer loop
         vertex 1.4478050e+01 8.6824348e+02 7.8000010e+00
         vertex 1.4478050e+01 8.6824348e+02 1.0000000e-06
         vertex 1.4829019e+01 8.6720608e+02 7.8000010e+00
      endloop
   endfacet
   facet normal -9.4725859e-01 -3.2047022e-01 0.0000000e+00
      outer loop
         vertex 1.4829019e+01 8.6720608e+02 7.8000010e+00
         vertex 1.4478050e+01 8.6824348e+02 1.0000000e-06
         vertex 1.4829019e+01 8.6720608e+02 1.0000000e-06
      endloop
   endfacet
   facet normal -8.5120916e-01 -5.2482660e-01 -0.0000000e+00
      outer loop
         vertex 1.4829019e+01 8.6720608e+02 7.8000010e+00
         vertex 1.4829019e+01 8.6720608e+02 1.0000000e-06
         vertex 1.5403792e+01 8.6627386e+02 7.8000010e+00
      endloop
   endfacet
   facet normal -8.5120916e-01 -5.2482660e-01 0.0000000e+00
      outer loop
         vertex 1.5403792e+01 8.6627386e+02 7.8000010e+00
         vertex 1.4829019e+01 8.6720608e+02 1.0000000e-06
         vertex 1.5403792e+01 8.6627386e+02 1.0000000e-06
      endloop
   endfacet
   facet normal -7.1175912e-01 -7.0242363e-01 -0.0000000e+00
      outer loop
         vertex 1.5403792e+01 8.6627386e+02 7.8000010e+00
         vertex 1.5403792e+01 8.6627386e+02 1.0000000e-06
         vertex 1.6173063e+01 8.6549436e+02 7.8000010e+00
      endloop
   endfacet
   facet normal -7.1175912e-01 -7.0242363e-01 0.0000000e+00
      outer loop
         vertex 1.6173063e+01 8.6549436e+02 7.8000010e+00
         vertex 1.5403792e+01 8.6627386e+02 1.0000000e-06
         vertex 1.6173063e+01 8.6549436e+02 1.0000000e-06
      endloop
   endfacet
   facet normal -5.3601859e-01 -8.4420618e-01 -0.0000000e+00
      outer loop
         vertex 1.6173063e+01 8.6549436e+02 7.8000010e+00
         vertex 1.6173063e+01 8.6549436e+02 1.0000000e-06
         vertex 1.7097610e+01 8.6490733e+02 7.8000010e+00
      endloop
   endfacet
   facet normal -5.3601859e-01 -8.4420618e-01 0.0000000e+00
      outer loop
         vertex 1.7097610e+01 8.6490733e+02 7.8000010e+00
         vertex 1.6173063e+01 8.6549436e+02 1.0000000e-06
         vertex 1.7097610e+01 8.6490733e+02 1.0000000e-06
      endloop
   endfacet
   facet normal -3.3294808e-01 -9.4294516e-01 -0.0000000e+00
      outer loop
         vertex 1.7097610e+01 8.6490733e+02 7.8000010e+00
         vertex 1.7097610e+01 8.6490733e+02 1.0000000e-06
         vertex 1.8130293e+01 8.6454270e+02 7.8000010e+00
      endloop
   endfacet
   facet normal -3.3294808e-01 -9.4294516e-01 0.0000000e+00
      outer loop
         vertex 1.8130293e+01 8.6454270e+02 7.8000010e+00
         vertex 1.7097610e+01 8.6490733e+02 1.0000000e-06
         vertex 1.8130293e+01 8.6454270e+02 1.0000000e-06
      endloop
   endfacet
   facet normal -1.1290153e-01 -9.9360618e-01 -0.0000000e+00
      outer loop
         vertex 1.8130293e+01 8.6454270e+02 7.8000010e+00
         vertex 1.8130293e+01 8.6454270e+02 1.0000000e-06
         vertex 1.9218458e+01 8.6441905e+02 7.8000010e+00
      endloop
   endfacet
   facet normal -1.1290153e-01 -9.9360618e-01 0.0000000e+00
      outer loop
         vertex 1.9218458e+01 8.6441905e+02 7.8000010e+00
         vertex 1.8130293e+01 8.6454270e+02 1.0000000e-06
         vertex 1.9218458e+01 8.6441905e+02 1.0000000e-06
      endloop
   endfacet
   facet normal -1.1290153e-01 -9.9360618e-01 -0.0000000e+00
      outer loop
         vertex 9.7376426e+00 8.7206791e+02 7.8000010e+00
         vertex 9.7376426e+00 8.7206791e+02 1.0000000e-06
         vertex 1.0825808e+01 8.7194426e+02 7.8000010e+00
      endloop
   endfacet
   facet normal -1.1290153e-01 -9.9360618e-01 0.0000000e+00
      outer loop
         vertex 1.0825808e+01 8.7194426e+02 7.8000010e+00
         vertex 9.7376426e+00 8.7206791e+02 1.0000000e-06
         vertex 1.0825808e+01 8.7194426e+02 1.0000000e-06
      endloop
   endfacet
   facet normal -3.3294808e-01 -9.4294516e-01 -0.0000000e+00
      outer loop
         vertex 1.0825808e+01 8.7194426e+02 7.8000010e+00
         vertex 1.0825808e+01 8.7194426e+02 1.0000000e-06
         vertex 1.1858490e+01 8.7157963e+02 7.8000010e+00
      endloop
   endfacet
   facet normal -3.3294808e-01 -9.4294516e-01 0.0000000e+00
      outer loop
         vertex 1.1858490e+01 8.7157963e+02 7.8000010e+00
         vertex 1.0825808e+01 8.7194426e+02 1.0000000e-06
         vertex 1.1858490e+01 8.7157963e+02 1.0000000e-06
      endloop
   endfacet
   facet normal -5.3601859e-01 -8.4420618e-01 -0.0000000e+00
      outer loop
         vertex 1.1858490e+01 8.7157963e+02 7.8000010e+00
         vertex 1.1858490e+01 8.7157963e+02 1.0000000e-06
         vertex 1.2783037e+01 8.7099260e+02 7.8000010e+00
      endloop
   endfacet
   facet normal -5.3601859e-01 -8.4420618e-01 0.0000000e+00
      outer loop
         vertex 1.2783037e+01 8.7099260e+02 7.8000010e+00
         vertex 1.1858490e+01 8.7157963e+02 1.0000000e-06
         vertex 1.2783037e+01 8.7099260e+02 1.0000000e-06
      endloop
   endfacet
   facet normal -7.1175912e-01 -7.0242363e-01 -0.0000000e+00
      outer loop
         vertex 1.2783037e+01 8.7099260e+02 7.8000010e+00
         vertex 1.2783037e+01 8.7099260e+02 1.0000000e-06
         vertex 1.3552309e+01 8.7021311e+02 7.8000010e+00
      endloop
   endfacet
   facet normal -7.1175912e-01 -7.0242363e-01 0.0000000e+00
      outer loop
         vertex 1.3552309e+01 8.7021311e+02 7.8000010e+00
         vertex 1.2783037e+01 8.7099260e+02 1.0000000e-06
         vertex 1.3552309e+01 8.7021311e+02 1.0000000e-06
      endloop
   endfacet
   facet normal -8.5120916e-01 -5.2482660e-01 -0.0000000e+00
      outer loop
         vertex 1.3552309e+01 8.7021311e+02 7.8000010e+00
         vertex 1.3552309e+01 8.7021311e+02 1.0000000e-06
         vertex 1.4127082e+01 8.6928089e+02 7.8000010e+00
      endloop
   endfacet
   facet normal -8.5120916e-01 -5.2482660e-01 0.0000000e+00
      outer loop
         vertex 1.4127082e+01 8.6928089e+02 7.8000010e+00
         vertex 1.3552309e+01 8.7021311e+02 1.0000000e-06
         vertex 1.4127082e+01 8.6928089e+02 1.0000000e-06
      endloop
   endfacet
   facet normal -9.4725859e-01 -3.2047022e-01 -0.0000000e+00
      outer loop
         vertex 1.4127082e+01 8.6928089e+02 7.8000010e+00
         vertex 1.4127082e+01 8.6928089e+02 1.0000000e-06
         vertex 1.4478050e+01 8.6824348e+02 7.8000010e+00
      endloop
   endfacet
   facet normal -9.4725859e-01 -3.2047022e-01 0.0000000e+00
      outer loop
         vertex 1.4478050e+01 8.6824348e+02 7.8000010e+00
         vertex 1.4127082e+01 8.6928089e+02 1.0000000e-06
         vertex 1.4478050e+01 8.6824348e+02 1.0000000e-06
      endloop
   endfacet
   facet normal -2.3260534e-14 -1.0000000e+00 0.0000000e+00
      outer loop
         vertex 4.8501005e+00 8.7206791e+02 1.0000000e-06
         vertex 9.7376426e+00 8.7206791e+02 1.0000000e-06
         vertex 4.8501005e+00 8.7206791e+02 7.8000010e+00
      endloop
   endfacet
   facet normal -2.3260534e-14 -1.0000000e+00 0.0000000e+00
      outer loop
         vertex 4.8501005e+00 8.7206791e+02 7.8000010e+00
         vertex 9.7376426e+00 8.7206791e+02 1.0000000e-06
         vertex 9.7376426e+00 8.7206791e+02 7.8000010e+00
      endloop
   endfacet
   facet normal -9.9144486e-01 -1.3052619e-01 -0.0000000e+00
      outer loop
         vertex 1.0000001e-06 8.7691801e+02 7.8000010e+00
         vertex 1.0000001e-06 8.7691801e+02 1.0000000e-06
         vertex 1.6526413e-01 8.7566271e+02 7.8000010e+00
      endloop
   endfacet
   facet normal -9.9144486e-01 -1.3052619e-01 0.0000000e+00
      outer loop
         vertex 1.6526413e-01 8.7566271e+02 7.8000010e+00
         vertex 1.0000001e-06 8.7691801e+02 1.0000000e-06
         vertex 1.6526413e-01 8.7566271e+02 1.0000000e-06
      endloop
   endfacet
   facet normal -9.2387953e-01 -3.8268343e-01 -0.0000000e+00
      outer loop
         vertex 1.6526413e-01 8.7566271e+02 7.8000010e+00
         vertex 1.6526413e-01 8.7566271e+02 1.0000000e-06
         vertex 6.4979113e-01 8.7449296e+02 7.8000010e+00
      endloop
   endfacet
   facet normal -9.2387953e-01 -3.8268343e-01 0.0000000e+00
      outer loop
         vertex 6.4979113e-01 8.7449296e+02 7.8000010e+00
         vertex 1.6526413e-01 8.7566271e+02 1.0000000e-06
         vertex 6.4979113e-01 8.7449296e+02 1.0000000e-06
      endloop
   endfacet
   facet normal -7.9335334e-01 -6.0876143e-01 -0.0000000e+00
      outer loop
         vertex 6.4979113e-01 8.7449296e+02 7.8000010e+00
         vertex 6.4979113e-01 8.7449296e+02 1.0000000e-06
         vertex 1.4205623e+00 8.7348847e+02 7.8000010e+00
      endloop
   endfacet
   facet normal -7.9335334e-01 -6.0876143e-01 0.0000000e+00
      outer loop
         vertex 1.4205623e+00 8.7348847e+02 7.8000010e+00
         vertex 6.4979113e-01 8.7449296e+02 1.0000000e-06
         vertex 1.4205623e+00 8.7348847e+02 1.0000000e-06
      endloop
   endfacet
   facet normal -6.0876143e-01 -7.9335334e-01 -0.0000000e+00
      outer loop
         vertex 1.4205623e+00 8.7348847e+02 7.8000010e+00
         vertex 1.4205623e+00 8.7348847e+02 1.0000000e-06
         vertex 2.4250508e+00 8.7271770e+02 7.8000010e+00
      endloop
   endfacet
   facet normal -6.0876143e-01 -7.9335334e-01 0.0000000e+00
      outer loop
         vertex 2.4250508e+00 8.7271770e+02 7.8000010e+00
         vertex 1.4205623e+00 8.7348847e+02 1.0000000e-06
         vertex 2.4250508e+00 8.7271770e+02 1.0000000e-06
      endloop
   endfacet
   facet normal -3.8268343e-01 -9.2387953e-01 -0.0000000e+00
      outer loop
         vertex 2.4250508e+00 8.7271770e+02 7.8000010e+00
         vertex 2.4250508e+00 8.7271770e+02 1.0000000e-06
         vertex 3.5948024e+00 8.7223317e+02 7.8000010e+00
      endloop
   endfacet
   facet normal -3.8268343e-01 -9.2387953e-01 0.0000000e+00
      outer loop
         vertex 3.5948024e+00 8.7223317e+02 7.8000010e+00
         vertex 2.4250508e+00 8.7271770e+02 1.0000000e-06
         vertex 3.5948024e+00 8.7223317e+02 1.0000000e-06
      endloop
   endfacet
   facet normal -1.3052619e-01 -9.9144486e-01 -0.0000000e+00
      outer loop
         vertex 3.5948024e+00 8.7223317e+02 7.8000010e+00
         vertex 3.5948024e+00 8.7223317e+02 1.0000000e-06
         vertex 4.8501005e+00 8.7206791e+02 7.8000010e+00
      endloop
   endfacet
   facet normal -1.3052619e-01 -9.9144486e-01 0.0000000e+00
      outer loop
         vertex 4.8501005e+00 8.7206791e+02 7.8000010e+00
         vertex 3.5948024e+00 8.7223317e+02 1.0000000e-06
         vertex 4.8501005e+00 8.7206791e+02 1.0000000e-06
      endloop
   endfacet
   facet normal -1.0000000e+00 -2.0310236e-14 0.0000000e+00
      outer loop
         vertex 1.0000000e-06 8.8251552e+02 1.0000000e-06
         vertex 1.0000001e-06 8.7691801e+02 1.0000000e-06
         vertex 1.0000000e-06 8.8251552e+02 7.8000010e+00
      endloop
   endfacet
   facet normal -1.0000000e+00 -2.0310236e-14 0.0000000e+00
      outer loop
         vertex 1.0000000e-06 8.8251552e+02 7.8000010e+00
         vertex 1.0000001e-06 8.7691801e+02 1.0000000e-06
         vertex 1.0000001e-06 8.7691801e+02 7.8000010e+00
      endloop
   endfacet
   facet normal -1.3052619e-01 9.9144486e-01 0.0000000e+00
      outer loop
         vertex 4.8501005e+00 8.8736562e+02 7.8000010e+00
         vertex 4.8501005e+00 8.8736562e+02 1.0000000e-06
         vertex 3.5948024e+00 8.8720036e+02 7.8000010e+00
      endloop
   endfacet
   facet normal -1.3052619e-01 9.9144486e-01 0.0000000e+00
      outer loop
         vertex 3.5948024e+00 8.8720036e+02 7.8000010e+00
         vertex 4.8501005e+00 8.8736562e+02 1.0000000e-06
         vertex 3.5948024e+00 8.8720036e+02 1.0000000e-06
      endloop
   endfacet
   facet normal -3.8268343e-01 9.2387953e-01 0.0000000e+00
      outer loop
         vertex 3.5948024e+00 8.8720036e+02 7.8000010e+00
         vertex 3.5948024e+00 8.8720036e+02 1.0000000e-06
         vertex 2.4250508e+00 8.8671583e+02 7.8000010e+00
      endloop
   endfacet
   facet normal -3.8268343e-01 9.2387953e-01 0.0000000e+00
      outer loop
         vertex 2.4250508e+00 8.8671583e+02 7.8000010e+00
         vertex 3.5948024e+00 8.8720036e+02 1.0000000e-06
         vertex 2.4250508e+00 8.8671583e+02 1.0000000e-06
      endloop
   endfacet
   facet normal -6.0876143e-01 7.9335334e-01 0.0000000e+00
      outer loop
         vertex 2.4250508e+00 8.8671583e+02 7.8000010e+00
         vertex 2.4250508e+00 8.8671583e+02 1.0000000e-06
         vertex 1.4205623e+00 8.8594506e+02 7.8000010e+00
      endloop
   endfacet
   facet normal -6.0876143e-01 7.9335334e-01 0.0000000e+00
      outer loop
         vertex 1.4205623e+00 8.8594506e+02 7.8000010e+00
         vertex 2.4250508e+00 8.8671583e+02 1.0000000e-06
         vertex 1.4205623e+00 8.8594506e+02 1.0000000e-06
      endloop
   endfacet
   facet normal -7.9335334e-01 6.0876143e-01 0.0000000e+00
      outer loop
         vertex 1.4205623e+00 8.8594506e+02 7.8000010e+00
         vertex 1.4205623e+00 8.8594506e+02 1.0000000e-06
         vertex 6.4979113e-01 8.8494057e+02 7.8000010e+00
      endloop
   endfacet
   facet normal -7.9335334e-01 6.0876143e-01 0.0000000e+00
      outer loop
         vertex 6.4979113e-01 8.8494057e+02 7.8000010e+00
         vertex 1.4205623e+00 8.8594506e+02 1.0000000e-06
         vertex 6.4979113e-01 8.8494057e+02 1.0000000e-06
      endloop
   endfacet
   facet normal -9.2387953e-01 3.8268343e-01 0.0000000e+00
      outer loop
         vertex 6.4979113e-01 8.8494057e+02 7.8000010e+00
         vertex 6.4979113e-01 8.8494057e+02 1.0000000e-06
         vertex 1.6526413e-01 8.8377082e+02 7.8000010e+00
      endloop
   endfacet
   facet normal -9.2387953e-01 3.8268343e-01 0.0000000e+00
      outer loop
         vertex 1.6526413e-01 8.8377082e+02 7.8000010e+00
         vertex 6.4979113e-01 8.8494057e+02 1.0000000e-06
         vertex 1.6526413e-01 8.8377082e+02 1.0000000e-06
      endloop
   endfacet
   facet normal -9.9144486e-01 1.3052619e-01 0.0000000e+00
      outer loop
         vertex 1.6526413e-01 8.8377082e+02 7.8000010e+00
         vertex 1.6526413e-01 8.8377082e+02 1.0000000e-06
         vertex 1.0000000e-06 8.8251552e+02 7.8000010e+00
      endloop
   endfacet
   facet normal -9.9144486e-01 1.3052619e-01 0.0000000e+00
      outer loop
         vertex 1.0000000e-06 8.8251552e+02 7.8000010e+00
         vertex 1.6526413e-01 8.8377082e+02 1.0000000e-06
         vertex 1.0000000e-06 8.8251552e+02 1.0000000e-06
      endloop
   endfacet
   facet normal 0.0000000e+00 1.0000000e+00 -0.0000000e+00
      outer loop
         vertex 9.5182587e+00 8.8736562e+02 1.0000000e-06
         vertex 4.8501005e+00 8.8736562e+02 1.0000000e-06
         vertex 9.5182587e+00 8.8736562e+02 7.8000010e+00
      endloop
   endfacet
   facet normal 0.0000000e+00 1.0000000e+00 -0.0000000e+00
      outer loop
         vertex 9.5182587e+00 8.8736562e+02 7.8000010e+00
         vertex 4.8501005e+00 8.8736562e+02 1.0000000e-06
         vertex 4.8501005e+00 8.8736562e+02 7.8000010e+00
      endloop
   endfacet
   facet normal -9.4725859e-01 3.2047022e-01 0.0000000e+00
      outer loop
         vertex 1.4258666e+01 8.9119005e+02 7.8000010e+00
         vertex 1.4258666e+01 8.9119005e+02 1.0000000e-06
         vertex 1.3907698e+01 8.9015265e+02 7.8000010e+00
      endloop
   endfacet
   facet normal -9.4725859e-01 3.2047022e-01 0.0000000e+00
      outer loop
         vertex 1.3907698e+01 8.9015265e+02 7.8000010e+00
         vertex 1.4258666e+01 8.9119005e+02 1.0000000e-06
         vertex 1.3907698e+01 8.9015265e+02 1.0000000e-06
      endloop
   endfacet
   facet normal -8.5120916e-01 5.2482660e-01 0.0000000e+00
      outer loop
         vertex 1.3907698e+01 8.9015265e+02 7.8000010e+00
         vertex 1.3907698e+01 8.9015265e+02 1.0000000e-06
         vertex 1.3332925e+01 8.8922043e+02 7.8000010e+00
      endloop
   endfacet
   facet normal -8.5120916e-01 5.2482660e-01 0.0000000e+00
      outer loop
         vertex 1.3332925e+01 8.8922043e+02 7.8000010e+00
         vertex 1.3907698e+01 8.9015265e+02 1.0000000e-06
         vertex 1.3332925e+01 8.8922043e+02 1.0000000e-06
      endloop
   endfacet
   facet normal -7.1175912e-01 7.0242363e-01 0.0000000e+00
      outer loop
         vertex 1.3332925e+01 8.8922043e+02 7.8000010e+00
         vertex 1.3332925e+01 8.8922043e+02 1.0000000e-06
         vertex 1.2563653e+01 8.8844093e+02 7.8000010e+00
      endloop
   endfacet
   facet normal -7.1175912e-01 7.0242363e-01 0.0000000e+00
      outer loop
         vertex 1.2563653e+01 8.8844093e+02 7.8000010e+00
         vertex 1.3332925e+01 8.8922043e+02 1.0000000e-06
         vertex 1.2563653e+01 8.8844093e+02 1.0000000e-06
      endloop
   endfacet
   facet normal -5.3601859e-01 8.4420618e-01 0.0000000e+00
      outer loop
         vertex 1.2563653e+01 8.8844093e+02 7.8000010e+00
         vertex 1.2563653e+01 8.8844093e+02 1.0000000e-06
         vertex 1.1639106e+01 8.8785390e+02 7.8000010e+00
      endloop
   endfacet
   facet normal -5.3601859e-01 8.4420618e-01 0.0000000e+00
      outer loop
         vertex 1.1639106e+01 8.8785390e+02 7.8000010e+00
         vertex 1.2563653e+01 8.8844093e+02 1.0000000e-06
         vertex 1.1639106e+01 8.8785390e+02 1.0000000e-06
      endloop
   endfacet
   facet normal -3.3294808e-01 9.4294516e-01 0.0000000e+00
      outer loop
         vertex 1.1639106e+01 8.8785390e+02 7.8000010e+00
         vertex 1.1639106e+01 8.8785390e+02 1.0000000e-06
         vertex 1.0606424e+01 8.8748927e+02 7.8000010e+00
      endloop
   endfacet
   facet normal -3.3294808e-01 9.4294516e-01 0.0000000e+00
      outer loop
         vertex 1.0606424e+01 8.8748927e+02 7.8000010e+00
         vertex 1.1639106e+01 8.8785390e+02 1.0000000e-06
         vertex 1.0606424e+01 8.8748927e+02 1.0000000e-06
      endloop
   endfacet
   facet normal -1.1290153e-01 9.9360618e-01 0.0000000e+00
      outer loop
         vertex 1.0606424e+01 8.8748927e+02 7.8000010e+00
         vertex 1.0606424e+01 8.8748927e+02 1.0000000e-06
         vertex 9.5182587e+00 8.8736562e+02 7.8000010e+00
      endloop
   endfacet
   facet normal -1.1290153e-01 9.9360618e-01 0.0000000e+00
      outer loop
         vertex 9.5182587e+00 8.8736562e+02 7.8000010e+00
         vertex 1.0606424e+01 8.8748927e+02 1.0000000e-06
         vertex 9.5182587e+00 8.8736562e+02 1.0000000e-06
      endloop
   endfacet
   facet normal -1.1290153e-01 9.9360618e-01 0.0000000e+00
      outer loop
         vertex 1.8999074e+01 8.9501448e+02 7.8000010e+00
         vertex 1.8999074e+01 8.9501448e+02 1.0000000e-06
         vertex 1.7910909e+01 8.9489084e+02 7.8000010e+00
      endloop
   endfacet
   facet normal -1.1290153e-01 9.9360618e-01 0.0000000e+00
      outer loop
         vertex 1.7910909e+01 8.9489084e+02 7.8000010e+00
         vertex 1.8999074e+01 8.9501448e+02 1.0000000e-06
         vertex 1.7910909e+01 8.9489084e+02 1.0000000e-06
      endloop
   endfacet
   facet normal -3.3294808e-01 9.4294516e-01 0.0000000e+00
      outer loop
         vertex 1.7910909e+01 8.9489084e+02 7.8000010e+00
         vertex 1.7910909e+01 8.9489084e+02 1.0000000e-06
         vertex 1.6878226e+01 8.9452620e+02 7.8000010e+00
      endloop
   endfacet
   facet normal -3.3294808e-01 9.4294516e-01 0.0000000e+00
      outer loop
         vertex 1.6878226e+01 8.9452620e+02 7.8000010e+00
         vertex 1.7910909e+01 8.9489084e+02 1.0000000e-06
         vertex 1.6878226e+01 8.9452620e+02 1.0000000e-06
      endloop
   endfacet
   facet normal -5.3601859e-01 8.4420618e-01 0.0000000e+00
      outer loop
         vertex 1.6878226e+01 8.9452620e+02 7.8000010e+00
         vertex 1.6878226e+01 8.9452620e+02 1.0000000e-06
         vertex 1.5953679e+01 8.9393917e+02 7.8000010e+00
      endloop
   endfacet
   facet normal -5.3601859e-01 8.4420618e-01 0.0000000e+00
      outer loop
         vertex 1.5953679e+01 8.9393917e+02 7.8000010e+00
         vertex 1.6878226e+01 8.9452620e+02 1.0000000e-06
         vertex 1.5953679e+01 8.9393917e+02 1.0000000e-06
      endloop
   endfacet
   facet normal -7.1175912e-01 7.0242363e-01 0.0000000e+00
      outer loop
         vertex 1.5953679e+01 8.9393917e+02 7.8000010e+00
         vertex 1.5953679e+01 8.9393917e+02 1.0000000e-06
         vertex 1.5184408e+01 8.9315968e+02 7.8000010e+00
      endloop
   endfacet
   facet normal -7.1175912e-01 7.0242363e-01 0.0000000e+00
      outer loop
         vertex 1.5184408e+01 8.9315968e+02 7.8000010e+00
         vertex 1.5953679e+01 8.9393917e+02 1.0000000e-06
         vertex 1.5184408e+01 8.9315968e+02 1.0000000e-06
      endloop
   endfacet
   facet normal -8.5120916e-01 5.2482660e-01 0.0000000e+00
      outer loop
         vertex 1.5184408e+01 8.9315968e+02 7.8000010e+00
         vertex 1.5184408e+01 8.9315968e+02 1.0000000e-06
         vertex 1.4609635e+01 8.9222746e+02 7.8000010e+00
      endloop
   endfacet
   facet normal -8.5120916e-01 5.2482660e-01 0.0000000e+00
      outer loop
         vertex 1.4609635e+01 8.9222746e+02 7.8000010e+00
         vertex 1.5184408e+01 8.9315968e+02 1.0000000e-06
         vertex 1.4609635e+01 8.9222746e+02 1.0000000e-06
      endloop
   endfacet
   facet normal -9.4725859e-01 3.2047022e-01 0.0000000e+00
      outer loop
         vertex 1.4609635e+01 8.9222746e+02 7.8000010e+00
         vertex 1.4609635e+01 8.9222746e+02 1.0000000e-06
         vertex 1.4258666e+01 8.9119005e+02 7.8000010e+00
      endloop
   endfacet
   facet normal -9.4725859e-01 3.2047022e-01 0.0000000e+00
      outer loop
         vertex 1.4258666e+01 8.9119005e+02 7.8000010e+00
         vertex 1.4609635e+01 8.9222746e+02 1.0000000e-06
         vertex 1.4258666e+01 8.9119005e+02 1.0000000e-06
      endloop
   endfacet
   facet normal 0.0000000e+00 1.0000000e+00 -0.0000000e+00
      outer loop
         vertex 2.3886616e+01 8.9501448e+02 1.0000000e-06
         vertex 1.8999074e+01 8.9501448e+02 1.0000000e-06
         vertex 2.3886616e+01 8.9501448e+02 7.8000010e+00
      endloop
   endfacet
   facet normal 0.0000000e+00 1.0000000e+00 -0.0000000e+00
      outer loop
         vertex 2.3886616e+01 8.9501448e+02 7.8000010e+00
         vertex 1.8999074e+01 8.9501448e+02 1.0000000e-06
         vertex 1.8999074e+01 8.9501448e+02 7.8000010e+00
      endloop
   endfacet
   facet normal -8.6663246e-01 4.9894707e-01 0.0000000e+00
      outer loop
         vertex 2.8342646e+01 8.9794957e+02 7.8000010e+00
         vertex 2.8342646e+01 8.9794957e+02 1.0000000e-06
         vertex 2.7780120e+01 8.9697251e+02 7.8000010e+00
      endloop
   endfacet
   facet normal -8.6663246e-01 4.9894707e-01 0.0000000e+00
      outer loop
         vertex 2.7780120e+01 8.9697251e+02 7.8000010e+00
         vertex 2.8342646e+01 8.9794957e+02 1.0000000e-06
         vertex 2.7780120e+01 8.9697251e+02 1.0000000e-06
      endloop
   endfacet
   facet normal -7.2802202e-01 6.8555374e-01 0.0000000e+00
      outer loop
         vertex 2.7780120e+01 8.9697251e+02 7.8000010e+00
         vertex 2.7780120e+01 8.9697251e+02 1.0000000e-06
         vertex 2.7007209e+01 8.9615172e+02 7.8000010e+00
      endloop
   endfacet
   facet normal -7.2802202e-01 6.8555374e-01 0.0000000e+00
      outer loop
         vertex 2.7007209e+01 8.9615172e+02 7.8000010e+00
         vertex 2.7780120e+01 8.9697251e+02 1.0000000e-06
         vertex 2.7007209e+01 8.9615172e+02 1.0000000e-06
      endloop
   endfacet
   facet normal -5.5007299e-01 8.3511658e-01 0.0000000e+00
      outer loop
         vertex 2.7007209e+01 8.9615172e+02 7.8000010e+00
         vertex 2.7007209e+01 8.9615172e+02 1.0000000e-06
         vertex 2.6065677e+01 8.9553155e+02 7.8000010e+00
      endloop
   endfacet
   facet normal -5.5007299e-01 8.3511658e-01 0.0000000e+00
      outer loop
         vertex 2.6065677e+01 8.9553155e+02 7.8000010e+00
         vertex 2.7007209e+01 8.9615172e+02 1.0000000e-06
         vertex 2.6065677e+01 8.9553155e+02 1.0000000e-06
      endloop
   endfacet
   facet normal -3.4240081e-01 9.3955398e-01 0.0000000e+00
      outer loop
         vertex 2.6065677e+01 8.9553155e+02 7.8000010e+00
         vertex 2.6065677e+01 8.9553155e+02 1.0000000e-06
         vertex 2.5006400e+01 8.9514552e+02 7.8000010e+00
      endloop
   endfacet
   facet normal -3.4240081e-01 9.3955398e-01 0.0000000e+00
      outer loop
         vertex 2.5006400e+01 8.9514552e+02 7.8000010e+00
         vertex 2.6065677e+01 8.9553155e+02 1.0000000e-06
         vertex 2.5006400e+01 8.9514552e+02 1.0000000e-06
      endloop
   endfacet
   facet normal -1.1622704e-01 9.9322267e-01 0.0000000e+00
      outer loop
         vertex 2.5006400e+01 8.9514552e+02 7.8000010e+00
         vertex 2.5006400e+01 8.9514552e+02 1.0000000e-06
         vertex 2.3886616e+01 8.9501448e+02 7.8000010e+00
      endloop
   endfacet
   facet normal -1.1622704e-01 9.9322267e-01 0.0000000e+00
      outer loop
         vertex 2.3886616e+01 8.9501448e+02 7.8000010e+00
         vertex 2.5006400e+01 8.9514552e+02 1.0000000e-06
         vertex 2.3886616e+01 8.9501448e+02 1.0000000e-06
      endloop
   endfacet
   facet normal 5.1204409e-02 9.9868819e-01 0.0000000e+00
      outer loop
         vertex 3.3579926e+01 9.0082132e+02 7.8000010e+00
         vertex 3.3579926e+01 9.0082132e+02 1.0000000e-06
         vertex 3.2511085e+01 9.0087613e+02 7.8000010e+00
      endloop
   endfacet
   facet normal 5.1204409e-02 9.9868819e-01 0.0000000e+00
      outer loop
         vertex 3.2511085e+01 9.0087613e+02 7.8000010e+00
         vertex 3.3579926e+01 9.0082132e+02 1.0000000e-06
         vertex 3.2511085e+01 9.0087613e+02 1.0000000e-06
      endloop
   endfacet
   facet normal -1.6907171e-01 9.8560375e-01 0.0000000e+00
      outer loop
         vertex 3.2511085e+01 9.0087613e+02 7.8000010e+00
         vertex 3.2511085e+01 9.0087613e+02 1.0000000e-06
         vertex 3.1456249e+01 9.0069518e+02 1.0000000e-06
      endloop
   endfacet
   facet normal -1.6907171e-01 9.8560375e-01 0.0000000e+00
      outer loop
         vertex 3.2511085e+01 9.0087613e+02 7.8000010e+00
         vertex 3.1456249e+01 9.0069518e+02 1.0000000e-06
         vertex 3.1456249e+01 9.0069518e+02 7.8000010e+00
      endloop
   endfacet
   facet normal -3.8111527e-01 9.2452753e-01 0.0000000e+00
      outer loop
         vertex 3.1456249e+01 9.0069518e+02 7.8000010e+00
         vertex 3.1456249e+01 9.0069518e+02 1.0000000e-06
         vertex 3.0466778e+01 9.0028729e+02 1.0000000e-06
      endloop
   endfacet
   facet normal -3.8111527e-01 9.2452753e-01 0.0000000e+00
      outer loop
         vertex 3.1456249e+01 9.0069518e+02 7.8000010e+00
         vertex 3.0466778e+01 9.0028729e+02 1.0000000e-06
         vertex 3.0466778e+01 9.0028729e+02 7.8000010e+00
      endloop
   endfacet
   facet normal -5.7460126e-01 8.1843350e-01 0.0000000e+00
      outer loop
         vertex 3.0466778e+01 9.0028729e+02 7.8000010e+00
         vertex 3.0466778e+01 9.0028729e+02 1.0000000e-06
         vertex 2.9590855e+01 8.9967233e+02 1.0000000e-06
      endloop
   endfacet
   facet normal -5.7460126e-01 8.1843350e-01 0.0000000e+00
      outer loop
         vertex 3.0466778e+01 9.0028729e+02 7.8000010e+00
         vertex 2.9590855e+01 8.9967233e+02 1.0000000e-06
         vertex 2.9590855e+01 8.9967233e+02 7.8000010e+00
      endloop
   endfacet
   facet normal -7.4010833e-01 6.7248767e-01 0.0000000e+00
      outer loop
         vertex 2.9590855e+01 8.9967233e+02 7.8000010e+00
         vertex 2.9590855e+01 8.9967233e+02 1.0000000e-06
         vertex 2.8871128e+01 8.9888023e+02 1.0000000e-06
      endloop
   endfacet
   facet normal -7.4010833e-01 6.7248767e-01 0.0000000e+00
      outer loop
         vertex 2.9590855e+01 8.9967233e+02 7.8000010e+00
         vertex 2.8871128e+01 8.9888023e+02 1.0000000e-06
         vertex 2.8871128e+01 8.9888023e+02 7.8000010e+00
      endloop
   endfacet
   facet normal -8.6957746e-01 4.9379655e-01 0.0000000e+00
      outer loop
         vertex 2.8871128e+01 8.9888023e+02 7.8000010e+00
         vertex 2.8871128e+01 8.9888023e+02 1.0000000e-06
         vertex 2.8342646e+01 8.9794957e+02 7.8000010e+00
      endloop
   endfacet
   facet normal -8.6957746e-01 4.9379655e-01 0.0000000e+00
      outer loop
         vertex 2.8342646e+01 8.9794957e+02 7.8000010e+00
         vertex 2.8871128e+01 8.9888023e+02 1.0000000e-06
         vertex 2.8342646e+01 8.9794957e+02 1.0000000e-06
      endloop
   endfacet
   facet normal 1.5991344e-01 9.8713104e-01 0.0000000e+00
      outer loop
         vertex 3.4403494e+01 9.0068751e+02 1.0000000e-06
         vertex 3.4128950e+01 9.0073198e+02 1.0000000e-06
         vertex 3.4403494e+01 9.0068751e+02 6.4930010e+00
      endloop
   endfacet
   facet normal 1.5991344e-01 9.8713104e-01 -0.0000000e+00
      outer loop
         vertex 3.4403494e+01 9.0068751e+02 6.4930010e+00
         vertex 3.4128950e+01 9.0073198e+02 1.0000000e-06
         vertex 3.4128950e+01 9.0073198e+02 7.8000010e+00
      endloop
   endfacet
   facet normal 1.5991344e-01 9.8713104e-01 0.0000000e+00
      outer loop
         vertex 3.4403494e+01 9.0068751e+02 6.4930010e+00
         vertex 3.4128950e+01 9.0073198e+02 7.8000010e+00
         vertex 3.4403494e+01 9.0068751e+02 7.8000010e+00
      endloop
   endfacet
   facet normal 1.6037979e-01 9.8705538e-01 0.0000000e+00
      outer loop
         vertex 3.4128950e+01 9.0073198e+02 7.8000010e+00
         vertex 3.4128950e+01 9.0073198e+02 1.0000000e-06
         vertex 3.3854427e+01 9.0077659e+02 7.8000010e+00
      endloop
   endfacet
   facet normal 1.6037979e-01 9.8705538e-01 0.0000000e+00
      outer loop
         vertex 3.3854427e+01 9.0077659e+02 7.8000010e+00
         vertex 3.4128950e+01 9.0073198e+02 1.0000000e-06
         vertex 3.3854427e+01 9.0077659e+02 1.0000000e-06
      endloop
   endfacet
   facet normal 1.6084611e-01 9.8697950e-01 0.0000000e+00
      outer loop
         vertex 3.3854427e+01 9.0077659e+02 7.8000010e+00
         vertex 3.3854427e+01 9.0077659e+02 1.0000000e-06
         vertex 3.3579926e+01 9.0082132e+02 7.8000010e+00
      endloop
   endfacet
   facet normal 1.6084611e-01 9.8697950e-01 0.0000000e+00
      outer loop
         vertex 3.3579926e+01 9.0082132e+02 7.8000010e+00
         vertex 3.3854427e+01 9.0077659e+02 1.0000000e-06
         vertex 3.3579926e+01 9.0082132e+02 1.0000000e-06
      endloop
   endfacet
   facet normal 0.0000000e+00 -0.0000000e+00 1.0000000e+00
      outer loop
         vertex 2.5213345e+01 8.8638471e+02 7.8000010e+00
         vertex 3.4403494e+01 9.0068751e+02 7.8000010e+00
         vertex 2.5342484e+01 8.8736562e+02 7.8000010e+00
      endloop
   endfacet
   facet normal 0.0000000e+00 -0.0000000e+00 1.0000000e+00
      outer loop
         vertex 2.5342484e+01 8.8736562e+02 7.8000010e+00
         vertex 3.4403494e+01 9.0068751e+02 7.8000010e+00
         vertex 2.7780120e+01 8.9697251e+02 7.8000010e+00
      endloop
   endfacet
   facet normal 0.0000000e+00 -0.0000000e+00 1.0000000e+00
      outer loop
         vertex 2.5342484e+01 8.8736562e+02 7.8000010e+00
         vertex 2.7780120e+01 8.9697251e+02 7.8000010e+00
         vertex 2.5213345e+01 8.8834653e+02 7.8000010e+00
      endloop
   endfacet
   facet normal 0.0000000e+00 -0.0000000e+00 1.0000000e+00
      outer loop
         vertex 2.5213345e+01 8.8834653e+02 7.8000010e+00
         vertex 2.7780120e+01 8.9697251e+02 7.8000010e+00
         vertex 2.7007209e+01 8.9615172e+02 7.8000010e+00
      endloop
   endfacet
   facet normal 0.0000000e+00 -0.0000000e+00 1.0000000e+00
      outer loop
         vertex 2.5213345e+01 8.8834653e+02 7.8000010e+00
         vertex 2.7007209e+01 8.9615172e+02 7.8000010e+00
         vertex 2.4834727e+01 8.8926060e+02 7.8000010e+00
      endloop
   endfacet
   facet normal 0.0000000e+00 -0.0000000e+00 1.0000000e+00
      outer loop
         vertex 2.4834727e+01 8.8926060e+02 7.8000010e+00
         vertex 2.7007209e+01 8.9615172e+02 7.8000010e+00
         vertex 2.6065677e+01 8.9553155e+02 7.8000010e+00
      endloop
   endfacet
   facet normal 0.0000000e+00 -0.0000000e+00 1.0000000e+00
      outer loop
         vertex 2.4834727e+01 8.8926060e+02 7.8000010e+00
         vertex 2.6065677e+01 8.9553155e+02 7.8000010e+00
         vertex 2.4232434e+01 8.9004552e+02 7.8000010e+00
      endloop
   endfacet
   facet normal 0.0000000e+00 -0.0000000e+00 1.0000000e+00
      outer loop
         vertex 2.4232434e+01 8.9004552e+02 7.8000010e+00
         vertex 2.6065677e+01 8.9553155e+02 7.8000010e+00
         vertex 2.5006400e+01 8.9514552e+02 7.8000010e+00
      endloop
   endfacet
   facet normal 0.0000000e+00 -0.0000000e+00 1.0000000e+00
      outer loop
         vertex 2.4232434e+01 8.9004552e+02 7.8000010e+00
         vertex 2.5006400e+01 8.9514552e+02 7.8000010e+00
         vertex 2.3447510e+01 8.9064782e+02 7.8000010e+00
      endloop
   endfacet
   facet normal 0.0000000e+00 -0.0000000e+00 1.0000000e+00
      outer loop
         vertex 2.3447510e+01 8.9064782e+02 7.8000010e+00
         vertex 2.5006400e+01 8.9514552e+02 7.8000010e+00
         vertex 2.3886616e+01 8.9501448e+02 7.8000010e+00
      endloop
   endfacet
   facet normal 0.0000000e+00 -0.0000000e+00 1.0000000e+00
      outer loop
         vertex 2.3447510e+01 8.9064782e+02 7.8000010e+00
         vertex 2.3886616e+01 8.9501448e+02 7.8000010e+00
         vertex 2.2533447e+01 8.9102643e+02 7.8000010e+00
      endloop
   endfacet
   facet normal 0.0000000e+00 -0.0000000e+00 1.0000000e+00
      outer loop
         vertex 2.2533447e+01 8.9102643e+02 7.8000010e+00
         vertex 2.3886616e+01 8.9501448e+02 7.8000010e+00
         vertex 2.1552537e+01 8.9115557e+02 7.8000010e+00
      endloop
   endfacet
   facet normal 0.0000000e+00 -0.0000000e+00 1.0000000e+00
      outer loop
         vertex 2.1552537e+01 8.9115557e+02 7.8000010e+00
         vertex 2.3886616e+01 8.9501448e+02 7.8000010e+00
         vertex 1.8999074e+01 8.9501448e+02 7.8000010e+00
      endloop
   endfacet
   facet normal 0.0000000e+00 0.0000000e+00 1.0000000e+00
      outer loop
         vertex 2.1552537e+01 8.9115557e+02 7.8000010e+00
         vertex 1.8999074e+01 8.9501448e+02 7.8000010e+00
         vertex 2.0571626e+01 8.9102643e+02 7.8000010e+00
      endloop
   endfacet
   facet normal 0.0000000e+00 0.0000000e+00 1.0000000e+00
      outer loop
         vertex 2.0571626e+01 8.9102643e+02 7.8000010e+00
         vertex 1.8999074e+01 8.9501448e+02 7.8000010e+00
         vertex 1.9657563e+01 8.9064782e+02 7.8000010e+00
      endloop
   endfacet
   facet normal 0.0000000e+00 0.0000000e+00 1.0000000e+00
      outer loop
         vertex 1.9657563e+01 8.9064782e+02 7.8000010e+00
         vertex 1.8999074e+01 8.9501448e+02 7.8000010e+00
         vertex 1.7910909e+01 8.9489084e+02 7.8000010e+00
      endloop
   endfacet
   facet normal 0.0000000e+00 0.0000000e+00 1.0000000e+00
      outer loop
         vertex 1.9657563e+01 8.9064782e+02 7.8000010e+00
         vertex 1.7910909e+01 8.9489084e+02 7.8000010e+00
         vertex 1.8872639e+01 8.9004552e+02 7.8000010e+00
      endloop
   endfacet
   facet normal 0.0000000e+00 0.0000000e+00 1.0000000e+00
      outer loop
         vertex 1.8872639e+01 8.9004552e+02 7.8000010e+00
         vertex 1.7910909e+01 8.9489084e+02 7.8000010e+00
         vertex 1.6878226e+01 8.9452620e+02 7.8000010e+00
      endloop
   endfacet
   facet normal 0.0000000e+00 0.0000000e+00 1.0000000e+00
      outer loop
         vertex 1.8872639e+01 8.9004552e+02 7.8000010e+00
         vertex 1.6878226e+01 8.9452620e+02 7.8000010e+00
         vertex 1.5953679e+01 8.9393917e+02 7.8000010e+00
      endloop
   endfacet
   facet normal -0.0000000e+00 0.0000000e+00 1.0000000e+00
      outer loop
         vertex 2.4834727e+01 8.8547065e+02 7.8000010e+00
         vertex 2.4834727e+01 8.7396288e+02 7.8000010e+00
         vertex 2.5213345e+01 8.8638471e+02 7.8000010e+00
      endloop
   endfacet
   facet normal 0.0000000e+00 0.0000000e+00 1.0000000e+00
      outer loop
         vertex 2.5213345e+01 8.8638471e+02 7.8000010e+00
         vertex 2.4834727e+01 8.7396288e+02 7.8000010e+00
         vertex 2.5213345e+01 8.7304882e+02 7.8000010e+00
      endloop
   endfacet
   facet normal 0.0000000e+00 0.0000000e+00 1.0000000e+00
      outer loop
         vertex 2.5213345e+01 8.8638471e+02 7.8000010e+00
         vertex 2.5213345e+01 8.7304882e+02 7.8000010e+00
         vertex 3.4403494e+01 8.5874603e+02 7.8000010e+00
      endloop
   endfacet
   facet normal 0.0000000e+00 0.0000000e+00 1.0000000e+00
      outer loop
         vertex 3.4403494e+01 8.5874603e+02 7.8000010e+00
         vertex 2.5213345e+01 8.7304882e+02 7.8000010e+00
         vertex 2.5342484e+01 8.7206791e+02 7.8000010e+00
      endloop
   endfacet
   facet normal 0.0000000e+00 0.0000000e+00 1.0000000e+00
      outer loop
         vertex 3.4403494e+01 8.5874603e+02 7.8000010e+00
         vertex 2.5342484e+01 8.7206791e+02 7.8000010e+00
         vertex 2.7780120e+01 8.6246103e+02 7.8000010e+00
      endloop
   endfacet
   facet normal 0.0000000e+00 0.0000000e+00 1.0000000e+00
      outer loop
         vertex 2.7780120e+01 8.6246103e+02 7.8000010e+00
         vertex 2.5342484e+01 8.7206791e+02 7.8000010e+00
         vertex 2.5213345e+01 8.7108700e+02 7.8000010e+00
      endloop
   endfacet
   facet normal 0.0000000e+00 0.0000000e+00 1.0000000e+00
      outer loop
         vertex 2.7780120e+01 8.6246103e+02 7.8000010e+00
         vertex 2.5213345e+01 8.7108700e+02 7.8000010e+00
         vertex 2.7007209e+01 8.6328182e+02 7.8000010e+00
      endloop
   endfacet
   facet normal 0.0000000e+00 0.0000000e+00 1.0000000e+00
      outer loop
         vertex 2.7007209e+01 8.6328182e+02 7.8000010e+00
         vertex 2.5213345e+01 8.7108700e+02 7.8000010e+00
         vertex 2.4834727e+01 8.7017294e+02 7.8000010e+00
      endloop
   endfacet
   facet normal 0.0000000e+00 0.0000000e+00 1.0000000e+00
      outer loop
         vertex 2.7007209e+01 8.6328182e+02 7.8000010e+00
         vertex 2.4834727e+01 8.7017294e+02 7.8000010e+00
         vertex 2.6065677e+01 8.6390199e+02 7.8000010e+00
      endloop
   endfacet
   facet normal 0.0000000e+00 0.0000000e+00 1.0000000e+00
      outer loop
         vertex 2.6065677e+01 8.6390199e+02 7.8000010e+00
         vertex 2.4834727e+01 8.7017294e+02 7.8000010e+00
         vertex 2.4232434e+01 8.6938801e+02 7.8000010e+00
      endloop
   endfacet
   facet normal 0.0000000e+00 0.0000000e+00 1.0000000e+00
      outer loop
         vertex 2.6065677e+01 8.6390199e+02 7.8000010e+00
         vertex 2.4232434e+01 8.6938801e+02 7.8000010e+00
         vertex 2.5006400e+01 8.6428802e+02 7.8000010e+00
      endloop
   endfacet
   facet normal 0.0000000e+00 0.0000000e+00 1.0000000e+00
      outer loop
         vertex 2.5006400e+01 8.6428802e+02 7.8000010e+00
         vertex 2.4232434e+01 8.6938801e+02 7.8000010e+00
         vertex 2.3447510e+01 8.6878572e+02 7.8000010e+00
      endloop
   endfacet
   facet normal 0.0000000e+00 0.0000000e+00 1.0000000e+00
      outer loop
         vertex 2.5006400e+01 8.6428802e+02 7.8000010e+00
         vertex 2.3447510e+01 8.6878572e+02 7.8000010e+00
         vertex 2.3886616e+01 8.6441905e+02 7.8000010e+00
      endloop
   endfacet
   facet normal 0.0000000e+00 0.0000000e+00 1.0000000e+00
      outer loop
         vertex 2.3886616e+01 8.6441905e+02 7.8000010e+00
         vertex 2.3447510e+01 8.6878572e+02 7.8000010e+00
         vertex 2.2533447e+01 8.6840710e+02 7.8000010e+00
      endloop
   endfacet
   facet normal 0.0000000e+00 0.0000000e+00 1.0000000e+00
      outer loop
         vertex 2.3886616e+01 8.6441905e+02 7.8000010e+00
         vertex 2.2533447e+01 8.6840710e+02 7.8000010e+00
         vertex 2.1552537e+01 8.6827796e+02 7.8000010e+00
      endloop
   endfacet
   facet normal 0.0000000e+00 0.0000000e+00 1.0000000e+00
      outer loop
         vertex 2.4834727e+01 8.8547065e+02 7.8000010e+00
         vertex 2.4232434e+01 8.8468573e+02 7.8000010e+00
         vertex 2.4834727e+01 8.7396288e+02 7.8000010e+00
      endloop
   endfacet
   facet normal 0.0000000e+00 0.0000000e+00 1.0000000e+00
      outer loop
         vertex 2.4834727e+01 8.7396288e+02 7.8000010e+00
         vertex 2.4232434e+01 8.8468573e+02 7.8000010e+00
         vertex 2.4232434e+01 8.7474781e+02 7.8000010e+00
      endloop
   endfacet
   facet normal 0.0000000e+00 -0.0000000e+00 1.0000000e+00
      outer loop
         vertex 2.4232434e+01 8.7474781e+02 7.8000010e+00
         vertex 2.4232434e+01 8.8468573e+02 7.8000010e+00
         vertex 2.3447510e+01 8.8408343e+02 7.8000010e+00
      endloop
   endfacet
   facet normal 0.0000000e+00 0.0000000e+00 1.0000000e+00
      outer loop
         vertex 2.4232434e+01 8.7474781e+02 7.8000010e+00
         vertex 2.3447510e+01 8.8408343e+02 7.8000010e+00
         vertex 2.3447510e+01 8.7535010e+02 7.8000010e+00
      endloop
   endfacet
   facet normal 0.0000000e+00 -0.0000000e+00 1.0000000e+00
      outer loop
         vertex 2.3447510e+01 8.7535010e+02 7.8000010e+00
         vertex 2.3447510e+01 8.8408343e+02 7.8000010e+00
         vertex 2.2533447e+01 8.8370482e+02 7.8000010e+00
      endloop
   endfacet
   facet normal 0.0000000e+00 0.0000000e+00 1.0000000e+00
      outer loop
         vertex 2.3447510e+01 8.7535010e+02 7.8000010e+00
         vertex 2.2533447e+01 8.8370482e+02 7.8000010e+00
         vertex 2.2533447e+01 8.7572872e+02 7.8000010e+00
      endloop
   endfacet
   facet normal 0.0000000e+00 -0.0000000e+00 1.0000000e+00
      outer loop
         vertex 2.2533447e+01 8.7572872e+02 7.8000010e+00
         vertex 2.2533447e+01 8.8370482e+02 7.8000010e+00
         vertex 2.1552537e+01 8.8357568e+02 7.8000010e+00
      endloop
   endfacet
   facet normal 0.0000000e+00 0.0000000e+00 1.0000000e+00
      outer loop
         vertex 2.2533447e+01 8.7572872e+02 7.8000010e+00
         vertex 2.1552537e+01 8.8357568e+02 7.8000010e+00
         vertex 2.1552537e+01 8.7585786e+02 7.8000010e+00
      endloop
   endfacet
   facet normal 0.0000000e+00 -0.0000000e+00 1.0000000e+00
      outer loop
         vertex 2.1552537e+01 8.7585786e+02 7.8000010e+00
         vertex 2.1552537e+01 8.8357568e+02 7.8000010e+00
         vertex 2.0571626e+01 8.8370482e+02 7.8000010e+00
      endloop
   endfacet
   facet normal 0.0000000e+00 0.0000000e+00 1.0000000e+00
      outer loop
         vertex 2.1552537e+01 8.7585786e+02 7.8000010e+00
         vertex 2.0571626e+01 8.8370482e+02 7.8000010e+00
         vertex 2.0571626e+01 8.7572872e+02 7.8000010e+00
      endloop
   endfacet
   facet normal 0.0000000e+00 -0.0000000e+00 1.0000000e+00
      outer loop
         vertex 2.0571626e+01 8.7572872e+02 7.8000010e+00
         vertex 2.0571626e+01 8.8370482e+02 7.8000010e+00
         vertex 1.9657563e+01 8.8408343e+02 7.8000010e+00
      endloop
   endfacet
   facet normal 0.0000000e+00 0.0000000e+00 1.0000000e+00
      outer loop
         vertex 2.0571626e+01 8.7572872e+02 7.8000010e+00
         vertex 1.9657563e+01 8.8408343e+02 7.8000010e+00
         vertex 1.9657563e+01 8.7535010e+02 7.8000010e+00
      endloop
   endfacet
   facet normal 0.0000000e+00 -0.0000000e+00 1.0000000e+00
      outer loop
         vertex 1.9657563e+01 8.7535010e+02 7.8000010e+00
         vertex 1.9657563e+01 8.8408343e+02 7.8000010e+00
         vertex 1.8872639e+01 8.8468573e+02 7.8000010e+00
      endloop
   endfacet
   facet normal 0.0000000e+00 0.0000000e+00 1.0000000e+00
      outer loop
         vertex 1.9657563e+01 8.7535010e+02 7.8000010e+00
         vertex 1.8872639e+01 8.8468573e+02 7.8000010e+00
         vertex 1.8872639e+01 8.7474781e+02 7.8000010e+00
      endloop
   endfacet
   facet normal 0.0000000e+00 -0.0000000e+00 1.0000000e+00
      outer loop
         vertex 1.8872639e+01 8.7474781e+02 7.8000010e+00
         vertex 1.8872639e+01 8.8468573e+02 7.8000010e+00
         vertex 1.0974127e+01 8.7971677e+02 7.8000010e+00
      endloop
   endfacet
   facet normal 0.0000000e+00 0.0000000e+00 1.0000000e+00
      outer loop
         vertex 1.8872639e+01 8.7474781e+02 7.8000010e+00
         vertex 1.0974127e+01 8.7971677e+02 7.8000010e+00
         vertex 1.0844988e+01 8.7873586e+02 7.8000010e+00
      endloop
   endfacet
   facet normal 0.0000000e+00 -0.0000000e+00 1.0000000e+00
      outer loop
         vertex 1.0974127e+01 8.7971677e+02 7.8000010e+00
         vertex 1.8872639e+01 8.8468573e+02 7.8000010e+00
         vertex 1.0844988e+01 8.8069768e+02 7.8000010e+00
      endloop
   endfacet
   facet normal 0.0000000e+00 -0.0000000e+00 1.0000000e+00
      outer loop
         vertex 1.0844988e+01 8.8069768e+02 7.8000010e+00
         vertex 1.8872639e+01 8.8468573e+02 7.8000010e+00
         vertex 1.8270346e+01 8.8547065e+02 7.8000010e+00
      endloop
   endfacet
   facet normal 0.0000000e+00 -0.0000000e+00 1.0000000e+00
      outer loop
         vertex 1.0844988e+01 8.8069768e+02 7.8000010e+00
         vertex 1.8270346e+01 8.8547065e+02 7.8000010e+00
         vertex 1.0466370e+01 8.8161174e+02 7.8000010e+00
      endloop
   endfacet
   facet normal 0.0000000e+00 -0.0000000e+00 1.0000000e+00
      outer loop
         vertex 1.0466370e+01 8.8161174e+02 7.8000010e+00
         vertex 1.8270346e+01 8.8547065e+02 7.8000010e+00
         vertex 1.7891729e+01 8.8638471e+02 7.8000010e+00
      endloop
   endfacet
   facet normal 0.0000000e+00 -0.0000000e+00 1.0000000e+00
      outer loop
         vertex 1.0466370e+01 8.8161174e+02 7.8000010e+00
         vertex 1.7891729e+01 8.8638471e+02 7.8000010e+00
         vertex 1.2563653e+01 8.8844093e+02 7.8000010e+00
      endloop
   endfacet
   facet normal -0.0000000e+00 -0.0000000e+00 1.0000000e+00
      outer loop
         vertex 1.2563653e+01 8.8844093e+02 7.8000010e+00
         vertex 1.7891729e+01 8.8638471e+02 7.8000010e+00
         vertex 1.3332925e+01 8.8922043e+02 7.8000010e+00
      endloop
   endfacet
   facet normal -0.0000000e+00 -0.0000000e+00 1.0000000e+00
      outer loop
         vertex 1.3332925e+01 8.8922043e+02 7.8000010e+00
         vertex 1.7891729e+01 8.8638471e+02 7.8000010e+00
         vertex 1.7762589e+01 8.8736562e+02 7.8000010e+00
      endloop
   endfacet
   facet normal -0.0000000e+00 -0.0000000e+00 1.0000000e+00
      outer loop
         vertex 1.3332925e+01 8.8922043e+02 7.8000010e+00
         vertex 1.7762589e+01 8.8736562e+02 7.8000010e+00
         vertex 1.3907698e+01 8.9015265e+02 7.8000010e+00
      endloop
   endfacet
   facet normal -0.0000000e+00 0.0000000e+00 1.0000000e+00
      outer loop
         vertex 1.3907698e+01 8.9015265e+02 7.8000010e+00
         vertex 1.7762589e+01 8.8736562e+02 7.8000010e+00
         vertex 1.7891729e+01 8.8834653e+02 7.8000010e+00
      endloop
   endfacet
   facet normal -0.0000000e+00 -0.0000000e+00 1.0000000e+00
      outer loop
         vertex 1.3907698e+01 8.9015265e+02 7.8000010e+00
         vertex 1.7891729e+01 8.8834653e+02 7.8000010e+00
         vertex 1.4258666e+01 8.9119005e+02 7.8000010e+00
      endloop
   endfacet
   facet normal -0.0000000e+00 0.0000000e+00 1.0000000e+00
      outer loop
         vertex 1.4258666e+01 8.9119005e+02 7.8000010e+00
         vertex 1.7891729e+01 8.8834653e+02 7.8000010e+00
         vertex 1.8270346e+01 8.8926060e+02 7.8000010e+00
      endloop
   endfacet
   facet normal -0.0000000e+00 -0.0000000e+00 1.0000000e+00
      outer loop
         vertex 1.4258666e+01 8.9119005e+02 7.8000010e+00
         vertex 1.8270346e+01 8.8926060e+02 7.8000010e+00
         vertex 1.4609635e+01 8.9222746e+02 7.8000010e+00
      endloop
   endfacet
   facet normal -0.0000000e+00 -0.0000000e+00 1.0000000e+00
      outer loop
         vertex 1.4609635e+01 8.9222746e+02 7.8000010e+00
         vertex 1.8270346e+01 8.8926060e+02 7.8000010e+00
         vertex 1.5184408e+01 8.9315968e+02 7.8000010e+00
      endloop
   endfacet
   facet normal -0.0000000e+00 -0.0000000e+00 1.0000000e+00
      outer loop
         vertex 1.5184408e+01 8.9315968e+02 7.8000010e+00
         vertex 1.8270346e+01 8.8926060e+02 7.8000010e+00
         vertex 1.5953679e+01 8.9393917e+02 7.8000010e+00
      endloop
   endfacet
   facet normal -0.0000000e+00 0.0000000e+00 1.0000000e+00
      outer loop
         vertex 1.5953679e+01 8.9393917e+02 7.8000010e+00
         vertex 1.8270346e+01 8.8926060e+02 7.8000010e+00
         vertex 1.8872639e+01 8.9004552e+02 7.8000010e+00
      endloop
   endfacet
   facet normal -0.0000000e+00 0.0000000e+00 1.0000000e+00
      outer loop
         vertex 1.7891729e+01 8.7304882e+02 7.8000010e+00
         vertex 1.3552309e+01 8.7021311e+02 7.8000010e+00
         vertex 1.7762589e+01 8.7206791e+02 7.8000010e+00
      endloop
   endfacet
   facet normal 0.0000000e+00 0.0000000e+00 1.0000000e+00
      outer loop
         vertex 1.7762589e+01 8.7206791e+02 7.8000010e+00
         vertex 1.3552309e+01 8.7021311e+02 7.8000010e+00
         vertex 1.4127082e+01 8.6928089e+02 7.8000010e+00
      endloop
   endfacet
   facet normal -0.0000000e+00 0.0000000e+00 1.0000000e+00
      outer loop
         vertex 1.7762589e+01 8.7206791e+02 7.8000010e+00
         vertex 1.4127082e+01 8.6928089e+02 7.8000010e+00
         vertex 1.7891729e+01 8.7108700e+02 7.8000010e+00
      endloop
   endfacet
   facet normal 0.0000000e+00 0.0000000e+00 1.0000000e+00
      outer loop
         vertex 1.7891729e+01 8.7108700e+02 7.8000010e+00
         vertex 1.4127082e+01 8.6928089e+02 7.8000010e+00
         vertex 1.4478050e+01 8.6824348e+02 7.8000010e+00
      endloop
   endfacet
   facet normal -0.0000000e+00 0.0000000e+00 1.0000000e+00
      outer loop
         vertex 1.7891729e+01 8.7108700e+02 7.8000010e+00
         vertex 1.4478050e+01 8.6824348e+02 7.8000010e+00
         vertex 1.8270346e+01 8.7017294e+02 7.8000010e+00
      endloop
   endfacet
   facet normal 0.0000000e+00 0.0000000e+00 1.0000000e+00
      outer loop
         vertex 1.8270346e+01 8.7017294e+02 7.8000010e+00
         vertex 1.4478050e+01 8.6824348e+02 7.8000010e+00
         vertex 1.4829019e+01 8.6720608e+02 7.8000010e+00
      endloop
   endfacet
   facet normal 0.0000000e+00 0.0000000e+00 1.0000000e+00
      outer loop
         vertex 1.8270346e+01 8.7017294e+02 7.8000010e+00
         vertex 1.4829019e+01 8.6720608e+02 7.8000010e+00
         vertex 1.5403792e+01 8.6627386e+02 7.8000010e+00
      endloop
   endfacet
   facet normal 0.0000000e+00 0.0000000e+00 1.0000000e+00
      outer loop
         vertex 1.8270346e+01 8.7396288e+02 7.8000010e+00
         vertex 1.0466370e+01 8.7782179e+02 7.8000010e+00
         vertex 1.7891729e+01 8.7304882e+02 7.8000010e+00
      endloop
   endfacet
   facet normal 0.0000000e+00 0.0000000e+00 1.0000000e+00
      outer loop
         vertex 1.7891729e+01 8.7304882e+02 7.8000010e+00
         vertex 1.0466370e+01 8.7782179e+02 7.8000010e+00
         vertex 1.2783037e+01 8.7099260e+02 7.8000010e+00
      endloop
   endfacet
   facet normal 0.0000000e+00 0.0000000e+00 1.0000000e+00
      outer loop
         vertex 1.7891729e+01 8.7304882e+02 7.8000010e+00
         vertex 1.2783037e+01 8.7099260e+02 7.8000010e+00
         vertex 1.3552309e+01 8.7021311e+02 7.8000010e+00
      endloop
   endfacet
   facet normal -0.0000000e+00 -0.0000000e+00 1.0000000e+00
      outer loop
         vertex 1.0466370e+01 8.7782179e+02 7.8000010e+00
         vertex 1.8270346e+01 8.7396288e+02 7.8000010e+00
         vertex 1.0844988e+01 8.7873586e+02 7.8000010e+00
      endloop
   endfacet
   facet normal -0.0000000e+00 0.0000000e+00 1.0000000e+00
      outer loop
         vertex 1.0844988e+01 8.7873586e+02 7.8000010e+00
         vertex 1.8270346e+01 8.7396288e+02 7.8000010e+00
         vertex 1.8872639e+01 8.7474781e+02 7.8000010e+00
      endloop
   endfacet
   facet normal 0.0000000e+00 0.0000000e+00 1.0000000e+00
      outer loop
         vertex 2.3886616e+01 8.6441905e+02 7.8000010e+00
         vertex 2.1552537e+01 8.6827796e+02 7.8000010e+00
         vertex 1.9218458e+01 8.6441905e+02 7.8000010e+00
      endloop
   endfacet
   facet normal 0.0000000e+00 -0.0000000e+00 1.0000000e+00
      outer loop
         vertex 1.9218458e+01 8.6441905e+02 7.8000010e+00
         vertex 2.1552537e+01 8.6827796e+02 7.8000010e+00
         vertex 2.0571626e+01 8.6840710e+02 7.8000010e+00
      endloop
   endfacet
   facet normal 0.0000000e+00 -0.0000000e+00 1.0000000e+00
      outer loop
         vertex 1.9218458e+01 8.6441905e+02 7.8000010e+00
         vertex 2.0571626e+01 8.6840710e+02 7.8000010e+00
         vertex 1.9657563e+01 8.6878572e+02 7.8000010e+00
      endloop
   endfacet
   facet normal 0.0000000e+00 -0.0000000e+00 1.0000000e+00
      outer loop
         vertex 1.9218458e+01 8.6441905e+02 7.8000010e+00
         vertex 1.9657563e+01 8.6878572e+02 7.8000010e+00
         vertex 1.8130293e+01 8.6454270e+02 7.8000010e+00
      endloop
   endfacet
   facet normal 0.0000000e+00 -0.0000000e+00 1.0000000e+00
      outer loop
         vertex 1.8130293e+01 8.6454270e+02 7.8000010e+00
         vertex 1.9657563e+01 8.6878572e+02 7.8000010e+00
         vertex 1.8872639e+01 8.6938801e+02 7.8000010e+00
      endloop
   endfacet
   facet normal 0.0000000e+00 -0.0000000e+00 1.0000000e+00
      outer loop
         vertex 1.8130293e+01 8.6454270e+02 7.8000010e+00
         vertex 1.8872639e+01 8.6938801e+02 7.8000010e+00
         vertex 1.7097610e+01 8.6490733e+02 7.8000010e+00
      endloop
   endfacet
   facet normal 0.0000000e+00 -0.0000000e+00 1.0000000e+00
      outer loop
         vertex 1.7097610e+01 8.6490733e+02 7.8000010e+00
         vertex 1.8872639e+01 8.6938801e+02 7.8000010e+00
         vertex 1.6173063e+01 8.6549436e+02 7.8000010e+00
      endloop
   endfacet
   facet normal 0.0000000e+00 -0.0000000e+00 1.0000000e+00
      outer loop
         vertex 1.6173063e+01 8.6549436e+02 7.8000010e+00
         vertex 1.8872639e+01 8.6938801e+02 7.8000010e+00
         vertex 1.5403792e+01 8.6627386e+02 7.8000010e+00
      endloop
   endfacet
   facet normal 0.0000000e+00 -0.0000000e+00 1.0000000e+00
      outer loop
         vertex 1.5403792e+01 8.6627386e+02 7.8000010e+00
         vertex 1.8872639e+01 8.6938801e+02 7.8000010e+00
         vertex 1.8270346e+01 8.7017294e+02 7.8000010e+00
      endloop
   endfacet
   facet normal 0.0000000e+00 0.0000000e+00 1.0000000e+00
      outer loop
         vertex 1.2783037e+01 8.7099260e+02 7.8000010e+00
         vertex 1.0466370e+01 8.7782179e+02 7.8000010e+00
         vertex 1.1858490e+01 8.7157963e+02 7.8000010e+00
      endloop
   endfacet
   facet normal 0.0000000e+00 0.0000000e+00 1.0000000e+00
      outer loop
         vertex 1.1858490e+01 8.7157963e+02 7.8000010e+00
         vertex 1.0466370e+01 8.7782179e+02 7.8000010e+00
         vertex 9.8640771e+00 8.7703687e+02 7.8000010e+00
      endloop
   endfacet
   facet normal 0.0000000e+00 0.0000000e+00 1.0000000e+00
      outer loop
         vertex 1.1858490e+01 8.7157963e+02 7.8000010e+00
         vertex 9.8640771e+00 8.7703687e+02 7.8000010e+00
         vertex 1.0825808e+01 8.7194426e+02 7.8000010e+00
      endloop
   endfacet
   facet normal 0.0000000e+00 0.0000000e+00 1.0000000e+00
      outer loop
         vertex 1.0825808e+01 8.7194426e+02 7.8000010e+00
         vertex 9.8640771e+00 8.7703687e+02 7.8000010e+00
         vertex 9.0791533e+00 8.7643458e+02 7.8000010e+00
      endloop
   endfacet
   facet normal 0.0000000e+00 0.0000000e+00 1.0000000e+00
      outer loop
         vertex 1.0825808e+01 8.7194426e+02 7.8000010e+00
         vertex 9.0791533e+00 8.7643458e+02 7.8000010e+00
         vertex 9.7376426e+00 8.7206791e+02 7.8000010e+00
      endloop
   endfacet
   facet normal 0.0000000e+00 0.0000000e+00 1.0000000e+00
      outer loop
         vertex 9.7376426e+00 8.7206791e+02 7.8000010e+00
         vertex 9.0791533e+00 8.7643458e+02 7.8000010e+00
         vertex 8.1650901e+00 8.7605596e+02 7.8000010e+00
      endloop
   endfacet
   facet normal 0.0000000e+00 0.0000000e+00 1.0000000e+00
      outer loop
         vertex 9.7376426e+00 8.7206791e+02 7.8000010e+00
         vertex 8.1650901e+00 8.7605596e+02 7.8000010e+00
         vertex 7.1841796e+00 8.7592682e+02 7.8000010e+00
      endloop
   endfacet
   facet normal 0.0000000e+00 0.0000000e+00 1.0000000e+00
      outer loop
         vertex 9.7376426e+00 8.7206791e+02 7.8000010e+00
         vertex 7.1841796e+00 8.7592682e+02 7.8000010e+00
         vertex 4.8501005e+00 8.7206791e+02 7.8000010e+00
      endloop
   endfacet
   facet normal 0.0000000e+00 -0.0000000e+00 1.0000000e+00
      outer loop
         vertex 4.8501005e+00 8.7206791e+02 7.8000010e+00
         vertex 7.1841796e+00 8.7592682e+02 7.8000010e+00
         vertex 6.2032691e+00 8.7605596e+02 7.8000010e+00
      endloop
   endfacet
   facet normal 0.0000000e+00 -0.0000000e+00 1.0000000e+00
      outer loop
         vertex 4.8501005e+00 8.7206791e+02 7.8000010e+00
         vertex 6.2032691e+00 8.7605596e+02 7.8000010e+00
         vertex 5.2892059e+00 8.7643458e+02 7.8000010e+00
      endloop
   endfacet
   facet normal 0.0000000e+00 -0.0000000e+00 1.0000000e+00
      outer loop
         vertex 4.8501005e+00 8.7206791e+02 7.8000010e+00
         vertex 5.2892059e+00 8.7643458e+02 7.8000010e+00
         vertex 3.5948024e+00 8.7223317e+02 7.8000010e+00
      endloop
   endfacet
   facet normal 0.0000000e+00 -0.0000000e+00 1.0000000e+00
      outer loop
         vertex 3.5948024e+00 8.7223317e+02 7.8000010e+00
         vertex 5.2892059e+00 8.7643458e+02 7.8000010e+00
         vertex 4.5042822e+00 8.7703687e+02 7.8000010e+00
      endloop
   endfacet
   facet normal 0.0000000e+00 -0.0000000e+00 1.0000000e+00
      outer loop
         vertex 3.5948024e+00 8.7223317e+02 7.8000010e+00
         vertex 4.5042822e+00 8.7703687e+02 7.8000010e+00
         vertex 2.4250508e+00 8.7271770e+02 7.8000010e+00
      endloop
   endfacet
   facet normal 0.0000000e+00 -0.0000000e+00 1.0000000e+00
      outer loop
         vertex 2.4250508e+00 8.7271770e+02 7.8000010e+00
         vertex 4.5042822e+00 8.7703687e+02 7.8000010e+00
         vertex 1.4205623e+00 8.7348847e+02 7.8000010e+00
      endloop
   endfacet
   facet normal 0.0000000e+00 -0.0000000e+00 1.0000000e+00
      outer loop
         vertex 1.4205623e+00 8.7348847e+02 7.8000010e+00
         vertex 4.5042822e+00 8.7703687e+02 7.8000010e+00
         vertex 3.9019889e+00 8.7782179e+02 7.8000010e+00
      endloop
   endfacet
   facet normal 0.0000000e+00 -0.0000000e+00 1.0000000e+00
      outer loop
         vertex 1.4205623e+00 8.7348847e+02 7.8000010e+00
         vertex 3.9019889e+00 8.7782179e+02 7.8000010e+00
         vertex 6.4979113e-01 8.7449296e+02 7.8000010e+00
      endloop
   endfacet
   facet normal 0.0000000e+00 -0.0000000e+00 1.0000000e+00
      outer loop
         vertex 6.4979113e-01 8.7449296e+02 7.8000010e+00
         vertex 3.9019889e+00 8.7782179e+02 7.8000010e+00
         vertex 1.6526413e-01 8.7566271e+02 7.8000010e+00
      endloop
   endfacet
   facet normal 0.0000000e+00 -0.0000000e+00 1.0000000e+00
      outer loop
         vertex 1.6526413e-01 8.7566271e+02 7.8000010e+00
         vertex 3.9019889e+00 8.7782179e+02 7.8000010e+00
         vertex 1.0000001e-06 8.7691801e+02 7.8000010e+00
      endloop
   endfacet
   facet normal 0.0000000e+00 -0.0000000e+00 1.0000000e+00
      outer loop
         vertex 1.0000001e-06 8.7691801e+02 7.8000010e+00
         vertex 3.9019889e+00 8.7782179e+02 7.8000010e+00
         vertex 3.5233716e+00 8.7873586e+02 7.8000010e+00
      endloop
   endfacet
   facet normal 0.0000000e+00 -0.0000000e+00 1.0000000e+00
      outer loop
         vertex 1.0000001e-06 8.7691801e+02 7.8000010e+00
         vertex 3.5233716e+00 8.7873586e+02 7.8000010e+00
         vertex 3.3942323e+00 8.7971677e+02 7.8000010e+00
      endloop
   endfacet
   facet normal 0.0000000e+00 -0.0000000e+00 1.0000000e+00
      outer loop
         vertex 1.0000001e-06 8.7691801e+02 7.8000010e+00
         vertex 3.3942323e+00 8.7971677e+02 7.8000010e+00
         vertex 1.0000000e-06 8.8251552e+02 7.8000010e+00
      endloop
   endfacet
   facet normal -0.0000000e+00 0.0000000e+00 1.0000000e+00
      outer loop
         vertex 1.0000000e-06 8.8251552e+02 7.8000010e+00
         vertex 3.3942323e+00 8.7971677e+02 7.8000010e+00
         vertex 3.5233716e+00 8.8069768e+02 7.8000010e+00
      endloop
   endfacet
   facet normal -0.0000000e+00 0.0000000e+00 1.0000000e+00
      outer loop
         vertex 1.0000000e-06 8.8251552e+02 7.8000010e+00
         vertex 3.5233716e+00 8.8069768e+02 7.8000010e+00
         vertex 3.9019889e+00 8.8161174e+02 7.8000010e+00
      endloop
   endfacet
   facet normal 0.0000000e+00 0.0000000e+00 1.0000000e+00
      outer loop
         vertex 4.5042822e+00 8.8239667e+02 7.8000010e+00
         vertex 1.4205623e+00 8.8594506e+02 7.8000010e+00
         vertex 3.9019889e+00 8.8161174e+02 7.8000010e+00
      endloop
   endfacet
   facet normal 0.0000000e+00 0.0000000e+00 1.0000000e+00
      outer loop
         vertex 3.9019889e+00 8.8161174e+02 7.8000010e+00
         vertex 1.4205623e+00 8.8594506e+02 7.8000010e+00
         vertex 6.4979113e-01 8.8494057e+02 7.8000010e+00
      endloop
   endfacet
   facet normal 0.0000000e+00 0.0000000e+00 1.0000000e+00
      outer loop
         vertex 3.9019889e+00 8.8161174e+02 7.8000010e+00
         vertex 6.4979113e-01 8.8494057e+02 7.8000010e+00
         vertex 1.6526413e-01 8.8377082e+02 7.8000010e+00
      endloop
   endfacet
   facet normal 0.0000000e+00 0.0000000e+00 1.0000000e+00
      outer loop
         vertex 5.2892059e+00 8.8299896e+02 7.8000010e+00
         vertex 3.5948024e+00 8.8720036e+02 7.8000010e+00
         vertex 4.5042822e+00 8.8239667e+02 7.8000010e+00
      endloop
   endfacet
   facet normal 0.0000000e+00 0.0000000e+00 1.0000000e+00
      outer loop
         vertex 4.5042822e+00 8.8239667e+02 7.8000010e+00
         vertex 3.5948024e+00 8.8720036e+02 7.8000010e+00
         vertex 2.4250508e+00 8.8671583e+02 7.8000010e+00
      endloop
   endfacet
   facet normal 0.0000000e+00 0.0000000e+00 1.0000000e+00
      outer loop
         vertex 4.5042822e+00 8.8239667e+02 7.8000010e+00
         vertex 2.4250508e+00 8.8671583e+02 7.8000010e+00
         vertex 1.4205623e+00 8.8594506e+02 7.8000010e+00
      endloop
   endfacet
   facet normal -0.0000000e+00 -0.0000000e+00 1.0000000e+00
      outer loop
         vertex 3.5948024e+00 8.8720036e+02 7.8000010e+00
         vertex 5.2892059e+00 8.8299896e+02 7.8000010e+00
         vertex 4.8501005e+00 8.8736562e+02 7.8000010e+00
      endloop
   endfacet
   facet normal -0.0000000e+00 0.0000000e+00 1.0000000e+00
      outer loop
         vertex 4.8501005e+00 8.8736562e+02 7.8000010e+00
         vertex 5.2892059e+00 8.8299896e+02 7.8000010e+00
         vertex 6.2032691e+00 8.8337758e+02 7.8000010e+00
      endloop
   endfacet
   facet normal -0.0000000e+00 0.0000000e+00 1.0000000e+00
      outer loop
         vertex 4.8501005e+00 8.8736562e+02 7.8000010e+00
         vertex 6.2032691e+00 8.8337758e+02 7.8000010e+00
         vertex 7.1841796e+00 8.8350672e+02 7.8000010e+00
      endloop
   endfacet
   facet normal -0.0000000e+00 0.0000000e+00 1.0000000e+00
      outer loop
         vertex 4.8501005e+00 8.8736562e+02 7.8000010e+00
         vertex 7.1841796e+00 8.8350672e+02 7.8000010e+00
         vertex 9.5182587e+00 8.8736562e+02 7.8000010e+00
      endloop
   endfacet
   facet normal 0.0000000e+00 0.0000000e+00 1.0000000e+00
      outer loop
         vertex 9.5182587e+00 8.8736562e+02 7.8000010e+00
         vertex 7.1841796e+00 8.8350672e+02 7.8000010e+00
         vertex 8.1650901e+00 8.8337758e+02 7.8000010e+00
      endloop
   endfacet
   facet normal 0.0000000e+00 0.0000000e+00 1.0000000e+00
      outer loop
         vertex 9.5182587e+00 8.8736562e+02 7.8000010e+00
         vertex 8.1650901e+00 8.8337758e+02 7.8000010e+00
         vertex 9.0791533e+00 8.8299896e+02 7.8000010e+00
      endloop
   endfacet
   facet normal -0.0000000e+00 0.0000000e+00 1.0000000e+00
      outer loop
         vertex 9.5182587e+00 8.8736562e+02 7.8000010e+00
         vertex 9.0791533e+00 8.8299896e+02 7.8000010e+00
         vertex 1.0606424e+01 8.8748927e+02 7.8000010e+00
      endloop
   endfacet
   facet normal 0.0000000e+00 0.0000000e+00 1.0000000e+00
      outer loop
         vertex 1.0606424e+01 8.8748927e+02 7.8000010e+00
         vertex 9.0791533e+00 8.8299896e+02 7.8000010e+00
         vertex 9.8640771e+00 8.8239667e+02 7.8000010e+00
      endloop
   endfacet
   facet normal -0.0000000e+00 0.0000000e+00 1.0000000e+00
      outer loop
         vertex 1.0606424e+01 8.8748927e+02 7.8000010e+00
         vertex 9.8640771e+00 8.8239667e+02 7.8000010e+00
         vertex 1.1639106e+01 8.8785390e+02 7.8000010e+00
      endloop
   endfacet
   facet normal 0.0000000e+00 0.0000000e+00 1.0000000e+00
      outer loop
         vertex 1.1639106e+01 8.8785390e+02 7.8000010e+00
         vertex 9.8640771e+00 8.8239667e+02 7.8000010e+00
         vertex 1.0466370e+01 8.8161174e+02 7.8000010e+00
      endloop
   endfacet
   facet normal -0.0000000e+00 0.0000000e+00 1.0000000e+00
      outer loop
         vertex 1.1639106e+01 8.8785390e+02 7.8000010e+00
         vertex 1.0466370e+01 8.8161174e+02 7.8000010e+00
         vertex 1.2563653e+01 8.8844093e+02 7.8000010e+00
      endloop
   endfacet
   facet normal 0.0000000e+00 -0.0000000e+00 1.0000000e+00
      outer loop
         vertex 3.4403494e+01 8.5874603e+02 7.8000010e+00
         vertex 3.4403494e+01 9.0068751e+02 7.8000010e+00
         vertex 2.5213345e+01 8.8638471e+02 7.8000010e+00
      endloop
   endfacet
   facet normal 0.0000000e+00 0.0000000e+00 1.0000000e+00
      outer loop
         vertex 3.4403494e+01 9.0068751e+02 7.8000010e+00
         vertex 3.4128950e+01 9.0073198e+02 7.8000010e+00
         vertex 2.7780120e+01 8.9697251e+02 7.8000010e+00
      endloop
   endfacet
   facet normal 0.0000000e+00 -0.0000000e+00 1.0000000e+00
      outer loop
         vertex 2.7780120e+01 8.9697251e+02 7.8000010e+00
         vertex 3.4128950e+01 9.0073198e+02 7.8000010e+00
         vertex 2.8342646e+01 8.9794957e+02 7.8000010e+00
      endloop
   endfacet
   facet normal 0.0000000e+00 -0.0000000e+00 1.0000000e+00
      outer loop
         vertex 2.8342646e+01 8.9794957e+02 7.8000010e+00
         vertex 3.4128950e+01 9.0073198e+02 7.8000010e+00
         vertex 3.3854427e+01 9.0077659e+02 7.8000010e+00
      endloop
   endfacet
   facet normal 0.0000000e+00 -0.0000000e+00 1.0000000e+00
      outer loop
         vertex 2.8342646e+01 8.9794957e+02 7.8000010e+00
         vertex 3.3854427e+01 9.0077659e+02 7.8000010e+00
         vertex 3.3579926e+01 9.0082132e+02 7.8000010e+00
      endloop
   endfacet
   facet normal 0.0000000e+00 0.0000000e+00 1.0000000e+00
      outer loop
         vertex 3.3579926e+01 9.0082132e+02 7.8000010e+00
         vertex 3.2511085e+01 9.0087613e+02 7.8000010e+00
         vertex 2.8342646e+01 8.9794957e+02 7.8000010e+00
      endloop
   endfacet
   facet normal 0.0000000e+00 -0.0000000e+00 1.0000000e+00
      outer loop
         vertex 2.8342646e+01 8.9794957e+02 7.8000010e+00
         vertex 3.2511085e+01 9.0087613e+02 7.8000010e+00
         vertex 3.1456249e+01 9.0069518e+02 7.8000010e+00
      endloop
   endfacet
   facet normal 0.0000000e+00 -0.0000000e+00 1.0000000e+00
      outer loop
         vertex 2.8342646e+01 8.9794957e+02 7.8000010e+00
         vertex 3.1456249e+01 9.0069518e+02 7.8000010e+00
         vertex 3.0466778e+01 9.0028729e+02 7.8000010e+00
      endloop
   endfacet
   facet normal 0.0000000e+00 0.0000000e+00 1.0000000e+00
      outer loop
         vertex 3.0466778e+01 9.0028729e+02 7.8000010e+00
         vertex 2.9590855e+01 8.9967233e+02 7.8000010e+00
         vertex 2.8342646e+01 8.9794957e+02 7.8000010e+00
      endloop
   endfacet
   facet normal 0.0000000e+00 -0.0000000e+00 1.0000000e+00
      outer loop
         vertex 2.8342646e+01 8.9794957e+02 7.8000010e+00
         vertex 2.9590855e+01 8.9967233e+02 7.8000010e+00
         vertex 2.8871128e+01 8.9888023e+02 7.8000010e+00
      endloop
   endfacet
   facet normal 0.0000000e+00 0.0000000e+00 1.0000000e+00
      outer loop
         vertex 1.6526413e-01 8.8377082e+02 7.8000010e+00
         vertex 1.0000000e-06 8.8251552e+02 7.8000010e+00
         vertex 3.9019889e+00 8.8161174e+02 7.8000010e+00
      endloop
   endfacet
   facet normal 0.0000000e+00 0.0000000e+00 1.0000000e+00
      outer loop
         vertex 3.4403494e+01 8.5874603e+02 7.8000010e+00
         vertex 2.7780120e+01 8.6246103e+02 7.8000010e+00
         vertex 3.4128950e+01 8.5870155e+02 7.8000010e+00
      endloop
   endfacet
   facet normal 0.0000000e+00 0.0000000e+00 1.0000000e+00
      outer loop
         vertex 3.4128950e+01 8.5870155e+02 7.8000010e+00
         vertex 2.7780120e+01 8.6246103e+02 7.8000010e+00
         vertex 2.8342646e+01 8.6148397e+02 7.8000010e+00
      endloop
   endfacet
   facet normal 0.0000000e+00 0.0000000e+00 1.0000000e+00
      outer loop
         vertex 3.4128950e+01 8.5870155e+02 7.8000010e+00
         vertex 2.8342646e+01 8.6148397e+02 7.8000010e+00
         vertex 3.3854427e+01 8.5865695e+02 7.8000010e+00
      endloop
   endfacet
   facet normal 0.0000000e+00 0.0000000e+00 1.0000000e+00
      outer loop
         vertex 3.3854427e+01 8.5865695e+02 7.8000010e+00
         vertex 2.8342646e+01 8.6148397e+02 7.8000010e+00
         vertex 3.3579926e+01 8.5861221e+02 7.8000010e+00
      endloop
   endfacet
   facet normal 0.0000000e+00 0.0000000e+00 1.0000000e+00
      outer loop
         vertex 3.3579926e+01 8.5861221e+02 7.8000010e+00
         vertex 2.8342646e+01 8.6148397e+02 7.8000010e+00
         vertex 3.2511085e+01 8.5855741e+02 7.8000010e+00
      endloop
   endfacet
   facet normal 0.0000000e+00 0.0000000e+00 1.0000000e+00
      outer loop
         vertex 3.2511085e+01 8.5855741e+02 7.8000010e+00
         vertex 2.8342646e+01 8.6148397e+02 7.8000010e+00
         vertex 3.1456249e+01 8.5873836e+02 7.8000010e+00
      endloop
   endfacet
   facet normal 0.0000000e+00 0.0000000e+00 1.0000000e+00
      outer loop
         vertex 3.1456249e+01 8.5873836e+02 7.8000010e+00
         vertex 2.8342646e+01 8.6148397e+02 7.8000010e+00
         vertex 3.0466778e+01 8.5914624e+02 7.8000010e+00
      endloop
   endfacet
   facet normal 0.0000000e+00 0.0000000e+00 1.0000000e+00
      outer loop
         vertex 3.0466778e+01 8.5914624e+02 7.8000010e+00
         vertex 2.8342646e+01 8.6148397e+02 7.8000010e+00
         vertex 2.9590855e+01 8.5976121e+02 7.8000010e+00
      endloop
   endfacet
   facet normal 0.0000000e+00 0.0000000e+00 1.0000000e+00
      outer loop
         vertex 2.9590855e+01 8.5976121e+02 7.8000010e+00
         vertex 2.8342646e+01 8.6148397e+02 7.8000010e+00
         vertex 2.8871128e+01 8.6055330e+02 7.8000010e+00
      endloop
   endfacet
endsolid AutoCAD
